Binder Name,Binder Type,Name,Set code,Set name,Collector number,Foil,Rarity,Quantity,ManaBox ID,Scryfall ID,Purchase price,Misprint,Altered,Condition,Language,Purchase price currency,Owner
raras no binder,binder,"Galadriel, Elven-Queen",LTC,Tales of Middle-earth Commander,3,normal,mythic,1,83288,8fa46d54-563d-4b5c-9c69-5ab37dd529b3,0.22,false,false,mint,en,EUR,InFeRMuS
raras no binder,binder,Primal Might,OTP,Breaking News,32,normal,rare,1,93357,d11a1ac4-b025-4bc7-a00f-5de04acefbf8,0.11,false,false,near_mint,en,EUR,InFeRMuS
raras no binder,binder,Dust Animus,OTJ,Outlaws of Thunder Junction,9,normal,rare,1,93211,70719e7b-6f02-4c1a-9f11-79b2b0d9846a,0.24,false,false,near_mint,en,EUR,InFeRMuS
raras no binder,binder,Railway Brawler,OTJ,Outlaws of Thunder Junction,175,normal,mythic,1,93285,9ec1f76f-f21d-4f06-8c02-be6745183348,5.74,false,false,near_mint,en,EUR,InFeRMuS
raras no binder,binder,Aven Interrupter,OTJ,Outlaws of Thunder Junction,4,normal,rare,1,93360,d3ca43a4-d194-440f-8099-f1fa103a108d,1.99,false,false,near_mint,en,EUR,InFeRMuS
raras no binder,binder,Double Down,OTJ,Outlaws of Thunder Junction,44,normal,mythic,1,93257,8ecccdf3-98c6-4aed-8757-913623efb677,1.9,false,false,near_mint,en,EUR,InFeRMuS
raras no binder,binder,Outlaws' Merriment,OTP,Breaking News,51,normal,rare,1,93407,eb214fdf-edb1-49ab-8f98-dea62475f2fc,0.19,false,false,near_mint,en,EUR,InFeRMuS
raras no binder,binder,Akul the Unrepentant,OTJ,Outlaws of Thunder Junction,189,normal,rare,1,93198,68fd8548-50db-4243-9154-377f32408d58,0.23,false,false,near_mint,en,EUR,InFeRMuS
raras no binder,binder,The Key to the Vault,OTJ,Outlaws of Thunder Junction,54,normal,rare,1,93058,166814af-a444-4a62-937e-7491673d9387,0.2,false,false,near_mint,en,EUR,InFeRMuS
raras no binder,binder,Claim Jumper,POTJ,Outlaws of Thunder Junction Promos,8s,foil,rare,1,94146,f316b2af-b500-4a96-afa8-abcad4573d17,1.32,false,false,near_mint,en,EUR,InFeRMuS
raras no binder,binder,Transmutation Font,BIG,The Big Score,28,normal,mythic,1,93907,e6cfe673-d688-499a-882b-4fe5418739e3,0.98,false,false,near_mint,en,EUR,InFeRMuS
raras no binder,binder,"Kellan, Daring Traveler // Journey On",LCI,The Lost Caverns of Ixalan,231,normal,rare,1,86307,01739030-c280-492b-a5c9-b3e9f6debc6d,0.2,false,false,near_mint,en,EUR,InFeRMuS
raras no binder,binder,Jadelight Spelunker,PLCI,The Lost Caverns of Ixalan Promos,196s,foil,rare,1,89271,4c7efdfd-868b-49cc-8265-3d99c5e155f9,0.02,false,false,near_mint,en,EUR,InFeRMuS
raras no binder,binder,Tarrian's Journal // The Tomb of Aclazotz,LCI,The Lost Caverns of Ixalan,126,normal,rare,1,88728,99255a66-b868-45fc-a2a9-0c89bd851b69,0.48,false,false,near_mint,en,EUR,InFeRMuS
raras no binder,binder,Bringer of the Last Gift,LCI,The Lost Caverns of Ixalan,337,normal,rare,1,88253,09e732f7-85d7-4b2e-b332-9be30bfba3d5,0.23,false,false,near_mint,en,EUR,InFeRMuS
raras no binder,binder,Deepfathom Echo,LCI,The Lost Caverns of Ixalan,228,normal,rare,1,88888,c7c7fb87-8448-49f4-a9ed-db97f6a41d98,0.13,false,false,near_mint,en,EUR,InFeRMuS
raras no binder,binder,Dramatic Reversal,P30A,30th Anniversary Play Promos,24,foil,rare,1,74020,5a5e1516-c2cf-4535-a6dc-42a5f3544d88,0.81,false,false,near_mint,en,EUR,InFeRMuS
raras no binder,binder,"Ria Ivor, Bane of Bladehold",ONE,Phyrexia: All Will Be One,323,normal,rare,1,78755,a7e4160e-bc91-416e-8ab0-49742fd8ed63,0.15,false,false,near_mint,en,EUR,InFeRMuS
raras no binder,binder,"Sakiko, Mother of Summer",CMM,Commander Masters,319,normal,rare,1,84603,8dbdb5f5-cd6e-47cd-b83d-ff71b00c369e,0.23,false,false,near_mint,en,EUR,InFeRMuS
raras no binder,binder,"Kambal, Profiteering Mayor",OTJ,Outlaws of Thunder Junction,211,normal,rare,1,93362,d53a775d-5898-41a8-b404-9b7d4721c6ba,1.4,false,false,near_mint,en,EUR,InFeRMuS
raras no binder,binder,"Vadmir, New Blood",OTJ,Outlaws of Thunder Junction,113,normal,rare,1,93239,828b5855-af5a-46a6-8fd4-0a2e28f3bb01,0.21,false,false,near_mint,en,EUR,InFeRMuS
raras no binder,binder,Imp's Mischief,OTP,Breaking News,15,normal,rare,1,93134,41137be4-cfc2-40dc-873a-b9a63d0d8ea6,0.74,false,false,near_mint,en,EUR,InFeRMuS
raras no binder,binder,"Selvala, Eager Trailblazer",OTJ,Outlaws of Thunder Junction,231,normal,mythic,1,93232,7d2e167f-7cb2-4f15-a1db-7ee56b7ba523,0.48,false,false,near_mint,en,EUR,InFeRMuS
raras no binder,binder,Rakdos Joins Up,OTJ,Outlaws of Thunder Junction,225,normal,rare,1,93340,c7154dca-7e10-4c34-aa56-9f200c6277d1,0.33,false,false,near_mint,en,EUR,InFeRMuS
raras no binder,binder,Omenpath Journey,BIG,The Big Score,18,normal,mythic,1,93839,c49c9b72-61c0-4e3a-a3a6-994b149398a9,2.78,false,false,near_mint,en,EUR,InFeRMuS
raras no binder,binder,Lunar Convocation,PBLB,Bloomburrow Promos,223s,foil,rare,1,96918,9378351d-90fd-4182-96f3-2457c4d02bd3,1.09,false,false,near_mint,en,EUR,InFeRMuS
raras no binder,binder,Keen-Eyed Curator,BLB,Bloomburrow,181,normal,rare,1,96080,8cf33d80-0704-4dc4-8e8d-1dcbcbc35add,0.69,false,false,near_mint,en,EUR,InFeRMuS
raras no binder,binder,Darkstar Augur,BLB,Bloomburrow,90,normal,rare,1,95898,1c603751-1e2b-4c8e-a8d2-5c0876e7254f,0.94,false,false,near_mint,en,EUR,InFeRMuS
raras no binder,binder,Wishing Well,BLB,Bloomburrow,81,normal,rare,1,95979,edeb20aa-b253-49b8-9947-c397a3a4002a,0.15,false,false,near_mint,en,EUR,InFeRMuS
raras no binder,binder,Hired Claw,BLB,Bloomburrow,140,normal,rare,1,95897,1ae41080-0d67-4719-adb2-49bf2a268b6c,0.54,false,false,near_mint,en,EUR,InFeRMuS
raras no binder,binder,Stormsplitter,BLB,Bloomburrow,154,normal,mythic,1,96040,56f214d3-6b93-40db-a693-55e491c8a283,4.27,false,false,near_mint,en,EUR,InFeRMuS
raras no binder,binder,The Infamous Cruelclaw,BLB,Bloomburrow,219,normal,mythic,1,95973,dc6c9196-6d28-4cc2-9748-60e9632a502b,4.38,false,false,near_mint,en,EUR,InFeRMuS
raras no binder,binder,Sunspine Lynx,BLB,Bloomburrow,155,normal,rare,1,95875,8995ceaf-b7e0-423c-8f3e-25212d522502,1.2,false,false,near_mint,en,EUR,InFeRMuS
raras no binder,binder,Argent Dais,MH3,Modern Horizons 3,20,normal,rare,1,94588,b56ad225-1249-4e94-898c-ca21b132e62d,0.13,false,false,near_mint,en,EUR,InFeRMuS
raras no binder,binder,Cankerbloom,ONE,Phyrexia: All Will Be One,294,normal,uncommon,1,78372,02272f89-dd8e-4a07-8bd4-b33ad4e12888,0.15,false,false,near_mint,en,EUR,InFeRMuS
raras no binder,binder,Amphibian Downpour,MH3,Modern Horizons 3,51,normal,rare,1,94396,2d8aeca5-622a-45be-8168-07e7c00e3092,0.37,false,false,near_mint,en,EUR,InFeRMuS
raras no binder,binder,Arena of Glory,PMH3,Modern Horizons 3 Promos,215s,foil,rare,1,95674,86cbcf48-0410-4eb5-b617-4f72da2f9da1,5.8,false,false,mint,en,EUR,InFeRMuS
raras no binder,binder,"Coram, the Undertaker",M3C,Modern Horizons 3 Commander,11,foil,mythic,1,94512,7df31ed9-7375-48d3-a344-1b20d1d5037c,1.2,false,false,near_mint,en,EUR,InFeRMuS
raras no binder,binder,Sapphire Medallion,MH3,Modern Horizons 3,296,normal,rare,1,94571,a77850b2-6478-449e-bdb9-5b92650e3504,2.26,false,false,near_mint,en,EUR,InFeRMuS
raras no binder,binder,Plea for Power,LTC,Tales of Middle-earth Commander,195,normal,rare,1,83213,7be27ad5-8a7c-42fc-b62b-2586f39255f5,0.21,false,false,near_mint,en,EUR,InFeRMuS
raras no binder,binder,Galadhrim Ambush,LTC,Tales of Middle-earth Commander,38,normal,rare,1,83600,e69e06f0-6142-4f80-9208-362b3e74d51d,2.5,false,false,near_mint,en,EUR,InFeRMuS
raras no binder,binder,Devastation Tide,LTC,Tales of Middle-earth Commander,189,normal,rare,1,83498,c95bc785-6d4a-4157-9a29-270f88db0028,0.32,false,false,near_mint,en,EUR,InFeRMuS
raras no binder,binder,Seeds of Renewal,LTC,Tales of Middle-earth Commander,260,normal,rare,1,82892,18bb0434-b49e-4626-bad6-06b2caef4d5d,0.22,false,false,near_mint,en,EUR,InFeRMuS
raras no binder,binder,Lothlórien Blade,LTC,Tales of Middle-earth Commander,77,normal,rare,1,83021,3f7f1d3b-d6bb-4ddb-81d8-12f7aaaec49e,0.32,false,false,near_mint,en,EUR,InFeRMuS
raras no binder,binder,Círdan the Shipwright,LTC,Tales of Middle-earth Commander,50,normal,rare,1,83481,c4f23d68-d0de-4b57-b0f9-9c0ca770c3c1,0.2,false,false,near_mint,en,EUR,InFeRMuS
raras no binder,binder,Travel Through Caradhras,LTC,Tales of Middle-earth Commander,44,normal,rare,1,83310,955058b2-9758-4797-8ffc-c5fbee619309,0.21,false,false,near_mint,en,EUR,InFeRMuS
raras no binder,binder,Overwhelming Stampede,LTC,Tales of Middle-earth Commander,254,normal,rare,1,83272,8b7d65b9-5f66-4cf7-b3ef-c47e7c6a131b,2.99,false,false,near_mint,en,EUR,InFeRMuS
raras no binder,binder,"Radagast, Wizard of Wilds",LTC,Tales of Middle-earth Commander,66,normal,rare,1,83311,9573ee62-4fdf-4fca-90e2-10a7d8161764,0.27,false,false,near_mint,en,EUR,InFeRMuS
raras no binder,binder,Elrond of the White Council,LTC,Tales of Middle-earth Commander,51,normal,rare,1,83063,4cdfb792-fe55-4aa0-88df-4296db794bc5,0.24,false,false,near_mint,en,EUR,InFeRMuS
raras no binder,binder,Mirkwood Elk,LTC,Tales of Middle-earth Commander,41,normal,rare,1,82910,1cf84c03-a131-451b-99ee-64330c1f2e26,0.18,false,false,near_mint,en,EUR,InFeRMuS
raras no binder,binder,Genesis Wave,LTC,Tales of Middle-earth Commander,245,normal,rare,1,83082,546c3b8d-6218-4786-bf16-22c6d3718361,0.66,false,false,near_mint,en,EUR,InFeRMuS
raras no binder,binder,Colossal Whale,LTC,Tales of Middle-earth Commander,186,normal,rare,1,83489,c6740a66-6902-49fc-bb56-9d121abe7d7a,0.14,false,false,near_mint,en,EUR,InFeRMuS
raras no binder,binder,Sail into the West,LTC,Tales of Middle-earth Commander,68,normal,rare,1,83405,b293d4cb-0920-46ef-bf4e-fc6a796df290,0.29,false,false,near_mint,en,EUR,InFeRMuS
raras no binder,binder,Mystic Confluence,LTC,Tales of Middle-earth Commander,193,normal,rare,1,83334,9ba59aaf-d2f8-4f26-a58b-5245d686714d,0.44,false,false,near_mint,en,EUR,InFeRMuS
raras no binder,binder,Legolas Greenleaf,LTC,Tales of Middle-earth Commander,40,normal,rare,1,82864,130237e7-6f45-4b92-b49d-12f10db29bb8,0.43,false,false,near_mint,en,EUR,InFeRMuS
raras no binder,binder,Raise the Palisade,LTC,Tales of Middle-earth Commander,23,normal,rare,1,83206,7966eb7a-0ef7-470f-9769-0d5f45f0395b,11.74,false,false,near_mint,en,EUR,InFeRMuS
raras no binder,binder,Trap the Trespassers,LTC,Tales of Middle-earth Commander,25,normal,rare,1,83346,a077a046-300b-41d2-b891-c57ebe983ba2,0.29,false,false,near_mint,en,EUR,InFeRMuS
raras no binder,binder,"Haldir, Lórien Lieutenant",LTC,Tales of Middle-earth Commander,39,normal,rare,1,83038,440e5796-9264-4649-bf2f-58826dd0352c,0.58,false,false,near_mint,en,EUR,InFeRMuS
raras no binder,binder,Realm Seekers,LTC,Tales of Middle-earth Commander,258,normal,rare,1,83365,a4c0f889-adcb-4947-830f-7fc6899575d4,0.17,false,false,near_mint,en,EUR,InFeRMuS
raras no binder,binder,Mirkwood Trapper,LTC,Tales of Middle-earth Commander,62,normal,rare,1,83501,ca079e59-4433-49c7-9001-abac20b776e4,0.25,false,false,near_mint,en,EUR,InFeRMuS
raras no binder,binder,Inscription of Abundance,LTC,Tales of Middle-earth Commander,251,normal,rare,1,83306,94b8203a-cd49-4542-a5fa-c0c2f627b309,0.28,false,false,near_mint,en,EUR,InFeRMuS
raras no binder,binder,Sylvan Offering,LTC,Tales of Middle-earth Commander,261,normal,rare,1,83316,96320770-e879-4c29-ab93-03b6ff191464,0.21,false,false,near_mint,en,EUR,InFeRMuS
raras no binder,binder,"Gandalf, Westward Voyager",LTC,Tales of Middle-earth Commander,6,foil,mythic,1,83090,56910251-6339-4f8b-b863-29caab4965d8,0.26,false,false,near_mint,en,EUR,InFeRMuS
raras no binder,binder,Elvish Piper,LTC,Tales of Middle-earth Commander,239,normal,rare,1,83307,94cb4d52-0042-494d-8025-59c1eb0f90e0,1.13,false,false,near_mint,en,EUR,InFeRMuS
raras no binder,binder,Erestor of the Council,LTC,Tales of Middle-earth Commander,53,normal,rare,1,83575,de17d520-cb32-4fb1-830b-8494ea118e9b,0.26,false,false,near_mint,en,EUR,InFeRMuS
raras no binder,binder,Song of Eärendil,LTC,Tales of Middle-earth Commander,69,normal,rare,1,82977,325bb6b7-6d19-48b5-82dd-2759d4fc3144,0.31,false,false,near_mint,en,EUR,InFeRMuS
raras no binder,binder,Model of Unity,LTC,Tales of Middle-earth Commander,78,normal,rare,1,82852,0d804d47-1f7b-47bd-9eac-aa539eda9af7,0.23,false,false,near_mint,en,EUR,InFeRMuS
non basic lands,binder,Tranquil Thicket,LTC,Tales of Middle-earth Commander,341,normal,uncommon,1,83486,c5988fba-e870-4eb7-8469-01dff0c93d3f,0.16,false,false,near_mint,en,EUR,InFeRMuS
non basic lands,binder,Woodland Stream,LTC,Tales of Middle-earth Commander,347,normal,common,1,83153,679c4e48-5046-41cc-8cca-8d7dd4019f7b,0.12,false,false,near_mint,en,EUR,InFeRMuS
non basic lands,binder,Thornwood Falls,LTC,Tales of Middle-earth Commander,338,normal,common,1,82981,33e0f5c9-6f89-4b2e-8934-057009b33e90,0.21,false,false,near_mint,en,EUR,InFeRMuS
non basic lands,binder,Quandrix Campus,STX,Strixhaven: School of Mages,271,normal,common,1,58399,f788da28-481b-41fa-a70c-b53db6b0f068,0.06,false,false,near_mint,en,EUR,InFeRMuS
non basic lands,binder,Rimewood Falls,KHM,Kaldheim,266,normal,common,1,57108,da1db084-f235-4e26-8867-5f0835a0d283,0.85,false,false,near_mint,en,EUR,InFeRMuS
non basic lands,binder,Tangled Islet,DMU,Dominaria United,258,normal,common,1,71423,4a325fb4-fe71-47f1-9a2f-05b8cfe88fe6,0.21,false,false,near_mint,en,EUR,InFeRMuS
non basic lands,binder,Lonely Sandbar,LTC,Tales of Middle-earth Commander,319,normal,uncommon,1,83301,932ab27a-37bc-4d67-af16-619c500517b1,0.21,false,false,near_mint,en,EUR,InFeRMuS
non basic lands,binder,Field of Ruin,LTC,Tales of Middle-earth Commander,308,normal,uncommon,1,83281,8d9d6a9d-18a3-4cc8-8276-29fb826ed1fa,0.18,false,false,near_mint,en,EUR,InFeRMuS
c /u fodder,binder,Lignify,LTC,Tales of Middle-earth Commander,252,normal,common,1,83565,dc738689-2ed8-45e1-bdd4-c9d8450e2589,0.31,false,false,near_mint,en,EUR,InFeRMuS
c /u fodder,binder,Commander's Sphere,LTC,Tales of Middle-earth Commander,276,normal,common,1,83147,6620b4a3-fa33-4bd7-9180-314919d8ea2a,0.18,false,false,near_mint,en,EUR,InFeRMuS
c /u fodder,binder,Wose Pathfinder,LTR,The Lord of the Rings: Tales of Middle-earth,190,normal,common,1,83144,6589b339-9067-4e9b-bfdb-c49f8b3ef2d4,0.04,false,false,near_mint,en,EUR,InFeRMuS
c /u fodder,binder,Wood Elves,LTC,Tales of Middle-earth Commander,263,normal,common,1,83221,7e6efd6b-6815-4308-9cca-948dd43a0424,0.28,false,false,near_mint,en,EUR,InFeRMuS
c /u fodder,binder,Mirror of Galadriel,LTR,The Lord of the Rings: Tales of Middle-earth,244,normal,uncommon,1,83454,bc95036f-98f2-4ea7-93bb-542ad7064540,0.06,false,false,near_mint,en,EUR,InFeRMuS
c /u fodder,binder,Learn from the Past,LTC,Tales of Middle-earth Commander,192,normal,uncommon,1,83404,b2462239-1060-46b1-ad20-caf979d73030,0.13,false,false,near_mint,en,EUR,InFeRMuS
c /u fodder,binder,Farhaven Elf,LTC,Tales of Middle-earth Commander,243,normal,common,1,83469,c187b12a-391b-41fb-9728-053909f69f66,0.19,false,false,near_mint,en,EUR,InFeRMuS
c /u fodder,binder,Preordain,LTC,Tales of Middle-earth Commander,196,normal,common,1,83179,6e681c39-aa00-4c6d-b077-affe3b90bed8,1.83,false,false,near_mint,en,EUR,InFeRMuS
c /u fodder,binder,Opt,LTC,Tales of Middle-earth Commander,194,normal,common,1,83076,50ee44a3-09b5-491a-ba51-609756020a31,0.21,false,false,near_mint,en,EUR,InFeRMuS
c /u fodder,binder,Whispersilk Cloak,LTC,Tales of Middle-earth Commander,292,normal,uncommon,1,83299,92b5bbfe-2e61-417b-9a75-fc39de57098c,2.06,false,false,near_mint,en,EUR,InFeRMuS
c /u fodder,binder,Celeborn the Wise,LTR,The Lord of the Rings: Tales of Middle-earth,156,normal,uncommon,2,82959,2daf449a-5f3e-44fd-968e-55d8517ae797,0.07,false,false,near_mint,en,EUR,InFeRMuS
c /u fodder,binder,Elven Farsight,LTR,The Lord of the Rings: Tales of Middle-earth,161,normal,common,1,83195,73d135b2-d2b8-499c-84d9-824370c19ccc,0.11,false,false,near_mint,en,EUR,InFeRMuS
c /u fodder,binder,Lórien Revealed,LTR,The Lord of the Rings: Tales of Middle-earth,60,normal,common,3,82850,0ce44270-a684-4489-9077-521456e6dfaa,2.39,false,false,near_mint,en,EUR,InFeRMuS
non basic lands,binder,Bountiful Landscape,MH3,Modern Horizons 3,217,normal,common,1,94797,b277752b-430a-4f09-8a98-b72f813dd52e,0.12,false,false,near_mint,en,EUR,InFeRMuS
non basic lands,binder,Tranquil Landscape,MH3,Modern Horizons 3,231,normal,common,1,94709,113f48b9-a972-4e2c-af95-05ab078e01f2,0.09,false,false,near_mint,en,EUR,InFeRMuS
non basic lands,binder,Snow-Covered Wastes,MH3,Modern Horizons 3,229,normal,uncommon,1,93018,87870792-e429-4eba-8193-cdce5c7b6c55,0.17,false,false,near_mint,en,EUR,InFeRMuS
non basic lands,binder,Foreboding Landscape,MH3,Modern Horizons 3,221,foil,common,1,94748,57fb0fa7-0c5c-4a75-9461-c51403c30282,0.19,false,false,near_mint,en,EUR,InFeRMuS
non basic lands,binder,Contaminated Landscape,MH3,Modern Horizons 3,218,normal,common,1,94823,e2312c49-1627-47ad-8113-78a999a97d8d,0.13,false,false,near_mint,en,EUR,InFeRMuS
non basic lands,binder,Sheltering Landscape,MH3,Modern Horizons 3,227,normal,common,1,94708,0fe070f4-8877-4280-b8fd-869f3ac34ab6,0.13,false,false,near_mint,en,EUR,InFeRMuS
c /u fodder,binder,Proud Pack-Rhino,MH3,Modern Horizons 3,41,normal,uncommon,1,94834,0821e622-88b8-4b82-a696-954da1dde915,0.12,false,false,near_mint,en,EUR,InFeRMuS
c /u fodder,binder,Shrieking Drake,MH3,Modern Horizons 3,272,normal,uncommon,1,94875,9f1cc39f-898c-4e92-82a0-a17606b60574,0.14,false,false,near_mint,en,EUR,InFeRMuS
c /u fodder,binder,Voltstorm Angel,MH3,Modern Horizons 3,46,normal,uncommon,1,94587,b5495f34-423e-4012-808c-b267e6fabf2c,0.05,false,false,near_mint,en,EUR,InFeRMuS
c /u fodder,binder,Thraben Charm,MH3,Modern Horizons 3,45,normal,common,2,94646,dd28a646-f38f-4cdf-948c-969cd979e5e6,0.21,false,false,near_mint,en,EUR,InFeRMuS
c /u fodder,binder,Inventor's Axe,MH3,Modern Horizons 3,126,normal,common,2,94847,3b2f918c-bd02-4a63-b4c2-ca204c77b208,0.08,false,false,near_mint,en,EUR,InFeRMuS
c /u fodder,binder,Smelted Chargebug,MH3,Modern Horizons 3,139,normal,common,2,94865,7dad40bf-2cd0-47f5-a878-9a289d1d58d0,0.07,false,false,near_mint,en,EUR,InFeRMuS
c /u fodder,binder,Aether Spike,MH3,Modern Horizons 3,50,normal,common,2,94833,012f5195-10ab-4b32-a5de-a79341cd536a,0.12,false,false,near_mint,en,EUR,InFeRMuS
c /u fodder,binder,Hope-Ender Coatl,MH3,Modern Horizons 3,64,normal,uncommon,1,94844,26973cad-26d7-4d42-a58a-85c3dce3b9fd,0.09,false,false,near_mint,en,EUR,InFeRMuS
c /u fodder,binder,Hydroelectric Specimen // Hydroelectric Laboratory,MH3,Modern Horizons 3,240,normal,uncommon,1,94769,8689ecd7-e9a6-458b-99d2-6dbaca527f00,0.34,false,false,near_mint,en,EUR,InFeRMuS
c /u fodder,binder,Inspired Inventor,MH3,Modern Horizons 3,32,normal,common,1,94869,9143fc7c-f4eb-4f06-97b9-f912237a055f,0.13,false,false,near_mint,en,EUR,InFeRMuS
c /u fodder,binder,Electrozoa,MH3,Modern Horizons 3,60,normal,common,1,94838,0f92dce7-45d4-4d9e-abfc-e4bfce9562c9,0.02,false,false,near_mint,en,EUR,InFeRMuS
c /u fodder,binder,Mandibular Kite,MH3,Modern Horizons 3,34,foil,common,1,94492,6b922f71-18e6-4a74-b792-d477d4a1deca,0.15,false,false,near_mint,en,EUR,InFeRMuS
c /u fodder,binder,Izzet Generatorium,MH3,Modern Horizons 3,191,normal,uncommon,1,94609,c6d9537d-c6b9-46ef-834b-87750d79f1ae,0.08,false,false,near_mint,en,EUR,InFeRMuS
c /u fodder,binder,Riddle Gate Gargoyle,MH3,Modern Horizons 3,201,normal,common,2,94854,4e72a934-12e0-4e56-af67-566c2d5b01c1,0.13,false,false,near_mint,en,EUR,InFeRMuS
c /u fodder,binder,Galvanic Discharge,MH3,Modern Horizons 3,122,normal,common,2,94401,32aa6e33-221f-414c-9b51-850d97a7e051,0.21,false,false,near_mint,en,EUR,InFeRMuS
c /u fodder,binder,Dog Umbra,MH3,Modern Horizons 3,22,normal,common,1,94534,8d4ba710-eddb-40ca-b2fe-0e4e778aab9c,0.06,false,false,near_mint,en,EUR,InFeRMuS
c /u fodder,binder,Thriving Skyclaw,MH3,Modern Horizons 3,141,normal,common,2,94851,465857f2-df08-4f7b-b4fe-b16831ac0eb1,0.06,false,false,near_mint,en,EUR,InFeRMuS
c /u fodder,binder,Drownyard Lurker,MH3,Modern Horizons 3,3,normal,common,2,94867,7faf5812-2067-4386-bb83-150723d67d02,0.55,false,false,near_mint,en,EUR,InFeRMuS
c /u fodder,binder,Twisted Riddlekeeper,MH3,Modern Horizons 3,14,normal,uncommon,1,94743,534d7ae4-9c4b-4a5a-a109-7630a07aeb45,0.07,false,false,near_mint,en,EUR,InFeRMuS
c /u fodder,binder,Petrifying Meddler,MH3,Modern Horizons 3,66,normal,common,1,94673,f0f2bdfd-1cbc-456e-aba7-4e0b6485cf8a,0.04,false,false,near_mint,en,EUR,InFeRMuS
c /u fodder,binder,Depth Defiler,MH3,Modern Horizons 3,58,normal,uncommon,1,94407,37684797-7503-460d-9f74-047b1ab2fac3,0.09,false,false,near_mint,en,EUR,InFeRMuS
c /u fodder,binder,Brainsurge,MH3,Modern Horizons 3,53,foil,uncommon,1,94666,ed48f805-b57c-4d7f-a3c2-d16ae71bce2d,0.39,false,false,near_mint,en,EUR,InFeRMuS
c /u fodder,binder,Voidpouncer,MH3,Modern Horizons 3,143,foil,common,1,94841,1f9b8532-4f1a-4653-9cbb-befba8169e5a,0.05,false,false,near_mint,en,EUR,InFeRMuS
c /u fodder,binder,Spawn-Gang Commander,MH3,Modern Horizons 3,140,normal,uncommon,1,94264,ecac9885-6f4e-4413-90dc-c8b44f883357,0.09,false,false,near_mint,en,EUR,InFeRMuS
c /u fodder,binder,"Skoa, Embermage",MH3,Modern Horizons 3,138,normal,common,1,94621,cf34b0f8-a68a-428f-9f2c-9556229367ec,0.02,false,false,near_mint,en,EUR,InFeRMuS
c /u fodder,binder,Molten Gatekeeper,MH3,Modern Horizons 3,128,normal,common,1,94877,9f5ba065-2806-4e99-a330-168cfe76250f,0.15,false,false,near_mint,en,EUR,InFeRMuS
c /u fodder,binder,Frogmyr Enforcer,MH3,Modern Horizons 3,120,normal,uncommon,1,94553,981fdd21-a650-4360-9ea5-550399d1da91,0.21,false,false,near_mint,en,EUR,InFeRMuS
c /u fodder,binder,Ral and the Implicit Maze,MH3,Modern Horizons 3,132,normal,uncommon,1,94663,ebadb7dc-69a4-43c9-a2f8-d846b231c71c,0.08,false,false,near_mint,en,EUR,InFeRMuS
c /u fodder,binder,Skittering Precursor,MH3,Modern Horizons 3,137,normal,uncommon,1,94793,a3a3b943-7b38-4316-87d9-15e0c08abea5,0.12,false,false,near_mint,en,EUR,InFeRMuS
c /u fodder,binder,Meteoric Mace,MH3,Modern Horizons 3,283,normal,uncommon,1,94848,3fb34a09-d911-49ac-ac39-fad7ee1b41ef,0.03,false,false,near_mint,en,EUR,InFeRMuS
c /u fodder,binder,Nyxborn Unicorn,MH3,Modern Horizons 3,37,normal,common,1,94690,fa3a9f8f-b74f-44f1-a8b5-d21a55358a6c,0.04,false,false,near_mint,en,EUR,InFeRMuS
c /u fodder,binder,Etherium Pteramander,MH3,Modern Horizons 3,92,normal,uncommon,1,94410,3abd093b-c1d6-400e-bc26-1aa045fe47b8,0.13,false,false,near_mint,en,EUR,InFeRMuS
c /u fodder,binder,Scurrilous Sentry,MH3,Modern Horizons 3,108,normal,common,1,94390,29e2805f-59fa-4a6d-97bc-266191b2aa8d,0.09,false,false,near_mint,en,EUR,InFeRMuS
c /u fodder,binder,Fell the Profane // Fell Mire,MH3,Modern Horizons 3,244,normal,uncommon,1,94566,a3cb782d-c459-468d-9779-9b5669abc337,1.99,false,false,near_mint,en,EUR,InFeRMuS
c /u fodder,binder,Refurbished Familiar,MH3,Modern Horizons 3,105,normal,common,1,94881,b338e078-629c-4cac-bd1d-e1f0a132728d,0.35,false,false,near_mint,en,EUR,InFeRMuS
c /u fodder,binder,Quest for the Necropolis,MH3,Modern Horizons 3,104,normal,uncommon,1,94517,813020ef-9d98-4f79-a953-85e7e7e5d3e1,0.11,false,false,near_mint,en,EUR,InFeRMuS
c /u fodder,binder,Kami of Jealous Thirst,MH3,Modern Horizons 3,98,normal,common,2,94563,a2958c96-97f8-4961-813c-938b83e20d07,0.04,false,false,near_mint,en,EUR,InFeRMuS
c /u fodder,binder,Wither and Bloom,MH3,Modern Horizons 3,111,normal,common,1,94871,95c2390f-71f1-4e42-83da-d603ca86a8d0,0.12,false,false,near_mint,en,EUR,InFeRMuS
c /u fodder,binder,Victimize,MH3,Modern Horizons 3,278,normal,uncommon,1,94520,83379f7f-3766-43f5-bd5e-e11ef9070ddb,0.2,false,false,near_mint,en,EUR,InFeRMuS
c /u fodder,binder,Breathe Your Last,MH3,Modern Horizons 3,82,normal,common,1,94856,50eac71d-54f9-46c2-aa1d-c04c37e61f74,0.1,false,false,near_mint,en,EUR,InFeRMuS
c /u fodder,binder,Eviscerator's Insight,MH3,Modern Horizons 3,93,normal,common,2,94582,b00573bd-5bbb-4531-a0bb-a40f62b92b88,0.18,false,false,near_mint,en,EUR,InFeRMuS
c /u fodder,binder,Annoyed Altisaur,MH3,Modern Horizons 3,284,normal,uncommon,1,94853,4aa9354d-3496-47f4-81c9-aead15efb8bb,0.1,false,false,near_mint,en,EUR,InFeRMuS
c /u fodder,binder,Basking Broodscale,MH3,Modern Horizons 3,145,normal,common,1,94470,5feba5d6-99a6-4e9b-8a7d-90d955868fc3,0.19,false,false,near_mint,en,EUR,InFeRMuS
c /u fodder,binder,Wumpus Aberration,MH3,Modern Horizons 3,176,normal,uncommon,1,94376,23c19f67-834c-4709-9038-7916ac0921eb,0.1,false,false,near_mint,en,EUR,InFeRMuS
c /u fodder,binder,Gift of the Viper,MH3,Modern Horizons 3,156,normal,common,1,94840,17fa0b62-d474-4dc7-9631-9d0a9d99e5e2,0.14,false,false,near_mint,en,EUR,InFeRMuS
c /u fodder,binder,Colossal Dreadmask,MH3,Modern Horizons 3,148,normal,common,2,94552,98164430-64c1-465f-b786-45753c965f44,0.05,false,false,near_mint,en,EUR,InFeRMuS
c /u fodder,binder,Nyxborn Hydra,MH3,Modern Horizons 3,164,normal,common,2,94538,902a969e-9f22-4e92-93eb-9d4536ca82e5,0.1,false,false,near_mint,en,EUR,InFeRMuS
c /u fodder,binder,Nightshade Dryad,MH3,Modern Horizons 3,163,normal,common,2,94864,71f9252d-241f-45ea-9d80-663150963b59,0.13,false,false,near_mint,en,EUR,InFeRMuS
c /u fodder,binder,Warped Tusker,MH3,Modern Horizons 3,16,normal,common,2,94845,2b5f3a1a-8514-4598-be3d-c3be719f6951,0.09,false,false,near_mint,en,EUR,InFeRMuS
c /u fodder,binder,Trickster's Elk,MH3,Modern Horizons 3,175,normal,uncommon,1,94516,812af562-853a-48a3-b428-ad891c54be5c,0.16,false,false,near_mint,en,EUR,InFeRMuS
c /u fodder,binder,Bloodsoaked Insight // Sanguine Morass,MH3,Modern Horizons 3,252,normal,uncommon,1,94332,0a08e0d2-1e60-47f5-9228-4c11a127089d,0.2,false,false,near_mint,en,EUR,InFeRMuS
c /u fodder,binder,Sneaky Snacker,MH3,Modern Horizons 3,205,normal,common,1,94837,0e3aedae-e4bb-48e3-9f8b-bea0430df306,0.25,false,false,near_mint,en,EUR,InFeRMuS
c /u fodder,binder,Horrid Shadowspinner,MH3,Modern Horizons 3,188,normal,uncommon,1,94476,62b69aaf-0aae-4f6e-a27f-0129882dfe1d,0.08,false,false,near_mint,en,EUR,InFeRMuS
c /u fodder,binder,Junk Diver,MH3,Modern Horizons 3,293,normal,uncommon,1,94491,6b5d53cb-bf80-43b0-b839-b11a64ff4c1b,0.14,false,false,near_mint,en,EUR,InFeRMuS
c /u fodder,binder,Glasswing Grace // Age-Graced Chapel,MH3,Modern Horizons 3,254,normal,uncommon,1,94539,90630b20-fc83-475f-bcd5-8bcfee0cf241,0.19,false,false,near_mint,en,EUR,InFeRMuS
c /u fodder,binder,Titans' Vanguard,MH3,Modern Horizons 3,206,normal,uncommon,1,94829,fb3ea14e-44ac-4f69-bfea-cb6bf1bfbd74,0.12,false,false,near_mint,en,EUR,InFeRMuS
c /u fodder,binder,Cranial Ram,MH3,Modern Horizons 3,180,normal,common,2,94474,62993aa2-4804-43cc-910a-c51e794f8508,0.1,false,false,near_mint,en,EUR,InFeRMuS
c /u fodder,binder,Wastescape Battlemage,MH3,Modern Horizons 3,17,foil,uncommon,1,94493,6bc119b8-429c-4ab6-adba-b65b03810e98,0.34,false,false,near_mint,en,EUR,InFeRMuS
c /u fodder,binder,Conduit Goblin,MH3,Modern Horizons 3,179,normal,common,2,94461,5c9ad04d-c4d4-4d06-93bb-a881be733717,0.11,false,false,near_mint,en,EUR,InFeRMuS
c /u fodder,binder,Sage of the Unknowable,MH3,Modern Horizons 3,68,normal,common,1,94876,9f481ab3-ca6c-4a5c-aa32-d087464fc4da,0.02,false,false,near_mint,en,EUR,InFeRMuS
c /u fodder,binder,Jolted Awake,MH3,Modern Horizons 3,33,normal,common,2,94895,f773a79f-ad0f-45c9-bcf5-44ba5e992729,0.14,false,false,near_mint,en,EUR,InFeRMuS
c /u fodder,binder,Tempest Harvester,MH3,Modern Horizons 3,73,normal,common,3,94475,62a3fc3f-f5cd-45f1-a3d5-d90c9dd4f6c7,0.05,false,false,near_mint,en,EUR,InFeRMuS
c /u fodder,binder,Serum Visionary,MH3,Modern Horizons 3,69,normal,common,1,94330,08a587f5-5910-405e-8982-c889dbbc7f98,0.07,false,false,near_mint,en,EUR,InFeRMuS
c /u fodder,binder,Hexgold Slith,MH3,Modern Horizons 3,30,normal,common,2,94718,20a85b6d-fb2b-4359-9dd6-081d8722e580,0.07,false,false,near_mint,en,EUR,InFeRMuS
c /u fodder,binder,Reiterating Bolt,MH3,Modern Horizons 3,134,normal,uncommon,1,94446,51f57902-85d1-4c40-b79c-6cffafb4557a,0.07,false,false,near_mint,en,EUR,InFeRMuS
raras no binder,binder,"Kona, Rescue Beastie",DSK,Duskmourn: House of Horror,358,normal,rare,1,99001,bf256f95-d184-4ea9-9039-fc64f461d9b3,7.9,false,false,near_mint,en,EUR,InFeRMuS
raras no binder,binder,Come Back Wrong,DSK,Duskmourn: House of Horror,86,normal,rare,1,95604,72ee3b45-aa4e-4c5b-a9e6-608bfbd93f8b,1.09,false,false,near_mint,en,EUR,InFeRMuS
raras no binder,binder,Restricted Office // Lecture Hall,DSK,Duskmourn: House of Horror,227,normal,rare,3,98894,ac794b2f-b5ea-449d-bb0b-4f0e6cc145ef,0.36,false,false,near_mint,en,EUR,InFeRMuS
raras no binder,binder,Ghost Vacuum,DSK,Duskmourn: House of Horror,248,normal,rare,1,98722,8ac39c01-127f-4471-bc74-11a90c48e306,1.22,false,false,near_mint,en,EUR,InFeRMuS
raras no binder,binder,"Toby, Beastie Befriender",DSK,Duskmourn: House of Horror,35,normal,rare,1,95620,f33d3948-fe7b-4c3b-ab67-1022623fbb2b,0.03,false,false,near_mint,en,EUR,InFeRMuS
raras no binder,binder,"Niko, Light of Hope",DSK,Duskmourn: House of Horror,224,normal,mythic,1,98723,91ad013f-de8d-4980-b4b6-c7f91ff495b1,3.86,false,false,near_mint,en,EUR,InFeRMuS
raras no binder,binder,Enduring Courage,DSK,Duskmourn: House of Horror,133,normal,rare,2,98941,f46ac55f-d68e-4d5d-af0a-3879f97f705e,1.6,false,false,near_mint,en,EUR,InFeRMuS
raras no binder,binder,Twitching Doll,DSK,Duskmourn: House of Horror,201,normal,rare,2,98702,416c025b-e40e-4d95-a774-ba3961f43808,0.1,false,false,near_mint,en,EUR,InFeRMuS
non basic lands,binder,Terramorphic Expanse,DSK,Duskmourn: House of Horror,269,normal,common,3,98901,b379c8f1-817c-4f18-8f58-45c40504433e,0.08,false,false,near_mint,en,EUR,InFeRMuS
non basic lands,binder,Neglected Manor,DSK,Duskmourn: House of Horror,264,normal,common,1,98608,11cf1531-8a3c-4e28-a114-d3a342b33bb6,0.14,false,false,near_mint,en,EUR,InFeRMuS
non basic lands,binder,Raucous Carnival,DSK,Duskmourn: House of Horror,266,normal,common,3,98618,3604a211-9bf7-474e-bd78-32a862f4259c,0.1,false,false,near_mint,en,EUR,InFeRMuS
non basic lands,binder,Lupinflower Village,BLB,Bloomburrow,256,normal,uncommon,1,95634,8ab9d56f-9178-4ec9-a5f6-b934f50d8d9d,0.11,false,false,near_mint,en,EUR,InFeRMuS
non basic lands,binder,Raucous Carnival,DSK,Duskmourn: House of Horror,266,foil,common,1,98618,3604a211-9bf7-474e-bd78-32a862f4259c,0.2,false,false,near_mint,en,EUR,InFeRMuS
non basic lands,binder,Hidden Grotto,BLB,Bloomburrow,254,normal,common,1,95918,4ba8f2e7-8357-4862-97dc-1942d066023a,0.08,false,false,near_mint,en,EUR,InFeRMuS
non basic lands,binder,Rockface Village,BLB,Bloomburrow,259,normal,uncommon,1,95629,62799d24-39a6-4e66-8ac3-7cafa99e6e6d,0.17,false,false,near_mint,en,EUR,InFeRMuS
non basic lands,binder,Lilypad Village,BLB,Bloomburrow,255,normal,uncommon,1,95631,7e95a7cc-ed77-4ca4-80db-61c0fc68bf50,0.12,false,false,near_mint,en,EUR,InFeRMuS
non basic lands,binder,Promising Vein,LCI,The Lost Caverns of Ixalan,279,normal,common,1,88998,e9681a54-6413-4ff4-b6b1-ee4decb25bfa,0.09,false,false,near_mint,en,EUR,InFeRMuS
non basic lands,binder,Hidden Nursery,M3C,Modern Horizons 3 Commander,349,normal,common,1,95076,fcd447b3-4d96-4d85-924d-2c5043ba054f,0.16,false,false,near_mint,en,EUR,InFeRMuS
non basic lands,binder,Hidden Volcano,LCI,The Lost Caverns of Ixalan,277,normal,common,2,88749,9fa06aed-52c1-48f1-9906-362db12a3cf7,0.07,false,false,near_mint,en,EUR,InFeRMuS
non basic lands,binder,Hidden Necropolis,LCI,The Lost Caverns of Ixalan,275,normal,common,2,89040,f67fd04f-05da-4418-97de-abeb7346cc69,0.05,false,false,near_mint,en,EUR,InFeRMuS
c /u fodder,binder,Wax-Wane Witness,BLB,Bloomburrow,39,foil,common,1,95971,d90ea719-5320-46c6-a347-161853a14776,0.06,false,false,near_mint,en,EUR,InFeRMuS
c /u fodder,binder,Sheriff of Safe Passage,OTJ,Outlaws of Thunder Junction,29,foil,uncommon,1,93336,c38a845d-f25d-45ab-9154-3fa5291b0ba0,0.16,false,false,near_mint,en,EUR,InFeRMuS
c /u fodder,binder,Take Up the Shield,OTJ,Outlaws of Thunder Junction,34,foil,common,1,93224,76a31968-ba6d-4c01-838f-4cb8c64e73fb,0.09,false,false,near_mint,en,EUR,InFeRMuS
c /u fodder,binder,Hardened Escort,DSK,Duskmourn: House of Horror,16,normal,common,1,98779,12054e10-46d6-4581-a7e5-ff277cb0e229,0.05,false,false,near_mint,en,EUR,InFeRMuS
c /u fodder,binder,Jump Scare,DSK,Duskmourn: House of Horror,17,normal,common,3,98993,a2dd8903-31ca-470d-b2ff-280f6d40c794,0.06,false,false,near_mint,en,EUR,InFeRMuS
c /u fodder,binder,Acrobatic Cheerleader,DSK,Duskmourn: House of Horror,1,normal,common,1,98713,6f1a7590-3eee-4803-b192-d4fb771e6a86,0.07,false,false,near_mint,en,EUR,InFeRMuS
c /u fodder,binder,Trapped in the Screen,DSK,Duskmourn: House of Horror,36,normal,common,3,98790,1fe95bfb-8ca7-434f-a2e7-a6b2e699584e,0.08,false,false,near_mint,en,EUR,InFeRMuS
c /u fodder,binder,Grand Entryway // Elegant Rotunda,DSK,Duskmourn: House of Horror,15,normal,common,1,98938,ef8a8ba7-f955-425d-9a16-816fc48a2a83,0.15,false,false,near_mint,en,EUR,InFeRMuS
c /u fodder,binder,Patched Plaything,DSK,Duskmourn: House of Horror,24,normal,uncommon,2,98627,513da431-4f3a-4f4a-8be4-7e162dd93307,0.1,false,false,near_mint,en,EUR,InFeRMuS
c /u fodder,binder,Orphans of the Wheat,DSK,Duskmourn: House of Horror,22,normal,uncommon,1,98870,8ef4aab1-8bc0-4652-91d7-3e8b20b411ad,0.13,false,false,near_mint,en,EUR,InFeRMuS
c /u fodder,binder,Friendly Ghost,DSK,Duskmourn: House of Horror,12,normal,common,2,98792,20e0dba2-d15c-4d55-9b68-00648175e760,0.03,false,false,near_mint,en,EUR,InFeRMuS
c /u fodder,binder,Seized from Slumber,DSK,Duskmourn: House of Horror,28,normal,common,4,99080,24456083-0c76-46c5-9b18-8d468702df69,0.08,false,false,near_mint,en,EUR,InFeRMuS
c /u fodder,binder,Fear of Immobility,DSK,Duskmourn: House of Horror,10,normal,common,1,98651,9220c8fa-6ef7-4bc1-acb9-fc54cc43e498,0.07,false,false,near_mint,en,EUR,InFeRMuS
c /u fodder,binder,Ethereal Armor,DSK,Duskmourn: House of Horror,7,normal,uncommon,1,98756,fd0e8a82-0201-483e-a976-5f29764b35a4,0.14,false,false,near_mint,en,EUR,InFeRMuS
c /u fodder,binder,Rabbit Response,BLB,Bloomburrow,26,normal,common,1,96114,c4ded450-346d-4917-917a-b62bc0267509,0.04,false,false,near_mint,en,EUR,InFeRMuS
c /u fodder,binder,Intrepid Rabbit,BLB,Bloomburrow,17,normal,common,1,96276,4d70b99d-c8bf-4a56-8957-cf587fe60b81,0.02,false,false,near_mint,en,EUR,InFeRMuS
c /u fodder,binder,Flowerfoot Swordmaster,BLB,Bloomburrow,14,normal,uncommon,1,95812,97ff118f-9c3c-43a2-8085-980c7fe7d227,0.18,false,false,near_mint,en,EUR,InFeRMuS
c /u fodder,binder,Carrot Cake,BLB,Bloomburrow,7,normal,common,1,95636,eb03bb4f-8b4b-417e-bfc6-294cd2186b2e,0.12,false,false,near_mint,en,EUR,InFeRMuS
c /u fodder,binder,Warren Elder,BLB,Bloomburrow,37,normal,common,1,96030,4bf20069-5a20-4f95-976b-6af2b69f3ad0,0.09,false,false,near_mint,en,EUR,InFeRMuS
c /u fodder,binder,Seasoned Warrenguard,BLB,Bloomburrow,30,normal,uncommon,1,96081,90873995-876f-4e89-8bc7-41a74f4d931f,0.11,false,false,near_mint,en,EUR,InFeRMuS
c /u fodder,binder,Repel Calamity,BLB,Bloomburrow,27,normal,uncommon,1,95834,d068192a-6270-4981-819d-4945fa4a2b83,0.11,false,false,near_mint,en,EUR,InFeRMuS
c /u fodder,binder,Thistledown Players,BLB,Bloomburrow,35,normal,common,1,95960,afa8d83f-8586-4127-8b55-9715e9547488,0.04,false,false,near_mint,en,EUR,InFeRMuS
c /u fodder,binder,Inventive Wingsmith,OTJ,Outlaws of Thunder Junction,17,normal,common,1,93316,b6b36bb3-dacc-44f6-adcd-2c2d65513d8c,0.02,false,false,near_mint,en,EUR,InFeRMuS
c /u fodder,binder,Sheriff of Safe Passage,OTJ,Outlaws of Thunder Junction,29,normal,uncommon,1,93336,c38a845d-f25d-45ab-9154-3fa5291b0ba0,0.06,false,false,near_mint,en,EUR,InFeRMuS
c /u fodder,binder,Wanted Griffin,OTJ,Outlaws of Thunder Junction,38,normal,common,1,93187,624a176b-fe24-4441-8877-464cf172ccff,0.06,false,false,near_mint,en,EUR,InFeRMuS
c /u fodder,binder,Lassoed by the Law,OTJ,Outlaws of Thunder Junction,18,normal,uncommon,1,93406,ea96eeac-c316-4247-a81f-0ddf52675ebf,0.05,false,false,near_mint,en,EUR,InFeRMuS
c /u fodder,binder,Bridled Bighorn,OTJ,Outlaws of Thunder Junction,7,normal,common,1,93438,fa7bf089-fa9b-4ffc-bf84-45cd51c76463,0.04,false,false,near_mint,en,EUR,InFeRMuS
c /u fodder,binder,Bounding Felidar,OTJ,Outlaws of Thunder Junction,5,normal,uncommon,1,93247,8925279f-c16a-43b4-b791-ce450157275b,0.09,false,false,near_mint,en,EUR,InFeRMuS
c /u fodder,binder,Prosperity Tycoon,OTJ,Outlaws of Thunder Junction,25,normal,uncommon,1,93431,f87824f3-aa9f-4d3d-99f7-0fbca43d8a51,0.05,false,false,near_mint,en,EUR,InFeRMuS
c /u fodder,binder,Requisition Raid,OTJ,Outlaws of Thunder Junction,26,normal,uncommon,1,93053,154e9ba9-0d0e-4b0e-acf2-f66a993cf3a2,0.33,false,false,near_mint,en,EUR,InFeRMuS
c /u fodder,binder,Take Up the Shield,OTJ,Outlaws of Thunder Junction,34,normal,common,1,93224,76a31968-ba6d-4c01-838f-4cb8c64e73fb,0.08,false,false,near_mint,en,EUR,InFeRMuS
c /u fodder,binder,Eriette's Lullaby,OTJ,Outlaws of Thunder Junction,10,normal,common,1,93067,184c18b6-40e2-4f7f-a3bb-49bc695b68ec,0.05,false,false,near_mint,en,EUR,InFeRMuS
c /u fodder,binder,Armored Armadillo,OTJ,Outlaws of Thunder Junction,3,normal,common,1,93094,263232df-69b8-4205-93ad-c724fe57ec11,0.03,false,false,near_mint,en,EUR,InFeRMuS
c /u fodder,binder,Trained Arynx,OTJ,Outlaws of Thunder Junction,36,normal,common,1,93415,ef32a5f8-f69d-47dc-a800-4f0ddf4eada5,0.03,false,false,near_mint,en,EUR,InFeRMuS
c /u fodder,binder,Drogskol Infantry // Drogskol Armaments,VOW,Innistrad: Crimson Vow,10,normal,common,1,64483,f88e269e-ff3d-4775-8520-5b7a6dddf23d,0.02,false,false,near_mint,en,EUR,InFeRMuS
c /u fodder,binder,Cosmium Blast,LCI,The Lost Caverns of Ixalan,7,normal,common,1,88309,193d1eac-ede7-4f75-9c74-05133b215f93,0.03,false,false,near_mint,en,EUR,InFeRMuS
c /u fodder,binder,Might of the Ancestors,LCI,The Lost Caverns of Ixalan,23,normal,uncommon,1,88504,54f82c95-8bc1-4df9-9120-86ffc059c7dd,0.03,false,false,near_mint,en,EUR,InFeRMuS
c /u fodder,binder,Oltec Archaeologists,LCI,The Lost Caverns of Ixalan,27,normal,common,1,88508,57c21561-2213-4524-89a6-30a305843e5a,0.04,false,false,near_mint,en,EUR,InFeRMuS
c /u fodder,binder,Petrify,LCI,The Lost Caverns of Ixalan,30,normal,common,1,88852,bbc5f28f-6361-455f-ac82-260a70e59316,0.07,false,false,near_mint,en,EUR,InFeRMuS
c /u fodder,binder,Kinjalli's Dawnrunner,LCI,The Lost Caverns of Ixalan,19,normal,uncommon,2,89057,fc4c527c-6963-47f4-bcad-841d06bb2211,0.02,false,false,near_mint,en,EUR,InFeRMuS
c /u fodder,binder,Glorifier of Suffering,LCI,The Lost Caverns of Ixalan,15,normal,common,1,88602,7580ad36-7362-4dee-9511-d119173b70e8,0.05,false,false,near_mint,en,EUR,InFeRMuS
c /u fodder,binder,Clay-Fired Bricks // Cosmium Kiln,LCI,The Lost Caverns of Ixalan,6,normal,uncommon,1,88673,8aece300-656b-4e0d-a45f-aa7feaff0a4e,0.07,false,false,near_mint,en,EUR,InFeRMuS
c /u fodder,binder,Oltec Cloud Guard,LCI,The Lost Caverns of Ixalan,28,normal,common,1,88224,02d68a38-2e0b-401b-b67d-a55e2af5b18d,0.06,false,false,near_mint,en,EUR,InFeRMuS
c /u fodder,binder,Spring-Loaded Sawblades // Bladewheel Chariot,LCI,The Lost Caverns of Ixalan,36,normal,uncommon,1,88345,24417388-f2bb-4783-bdce-264774531838,0.04,false,false,near_mint,en,EUR,InFeRMuS
c /u fodder,binder,Ironpaw Aspirant,LCI,The Lost Caverns of Ixalan,18,normal,common,2,89042,f70689a0-ac69-4052-84fc-9055e9e1c54b,0.04,false,false,near_mint,en,EUR,InFeRMuS
c /u fodder,binder,Banishing Light,BLB,Bloomburrow,1,normal,common,2,96011,25a06f82-ebdb-4dd6-bfe8-958018ce557c,0.08,false,false,near_mint,en,EUR,InFeRMuS
c /u fodder,binder,Emerge from the Cocoon,DSK,Duskmourn: House of Horror,5,normal,common,3,98813,3ba16fbf-2d44-4337-87cb-6ff6b84a258a,0.13,false,false,near_mint,en,EUR,InFeRMuS
c /u fodder,binder,Sterling Supplier,OTJ,Outlaws of Thunder Junction,33,normal,common,2,93314,b6000be7-67db-440e-87ba-276df20b803e,0.02,false,false,near_mint,en,EUR,InFeRMuS
c /u fodder,binder,Outlaw Medic,OTJ,Outlaws of Thunder Junction,23,normal,common,2,93107,2feaa51e-47fb-4849-b420-ee7278f3489a,0.09,false,false,near_mint,en,EUR,InFeRMuS
c /u fodder,binder,Sterling Keykeeper,OTJ,Outlaws of Thunder Junction,32,normal,common,2,93026,019d539f-04c2-43f1-8677-6d6fbb0e94f7,0.05,false,false,near_mint,en,EUR,InFeRMuS
c /u fodder,binder,Holy Cow,OTJ,Outlaws of Thunder Junction,16,normal,common,3,93261,90de84c9-941b-4056-8501-ce8a948b9643,0.08,false,false,near_mint,en,EUR,InFeRMuS
c /u fodder,binder,Prairie Dog,OTJ,Outlaws of Thunder Junction,24,normal,uncommon,2,93121,37302b5d-e528-4baa-947a-c859e4ddcff9,0.06,false,false,near_mint,en,EUR,InFeRMuS
c /u fodder,binder,Family Reunion,LCI,The Lost Caverns of Ixalan,13,normal,common,2,88527,5c2cfbdc-8d40-4abb-afca-6c6d8e36185b,0.09,false,false,near_mint,en,EUR,InFeRMuS
c /u fodder,binder,Twist Reality,DSK,Duskmourn: House of Horror,77,foil,common,1,98834,644714dd-7a0b-4d4b-9a61-8f6e505b1d22,0.19,false,false,near_mint,en,EUR,InFeRMuS
c /u fodder,binder,Daggermaw Megalodon,DSK,Duskmourn: House of Horror,48,foil,common,1,98934,e72a38b9-29aa-4804-ab27-4c40321f0bc3,0.17,false,false,near_mint,en,EUR,InFeRMuS
c /u fodder,binder,Pearl of Wisdom,BLB,Bloomburrow,64,foil,common,1,95625,13cb9575-1138-4f99-8e90-0eaf00bdf4a1,0.15,false,false,near_mint,en,EUR,InFeRMuS
c /u fodder,binder,Jailbreak Scheme,OTJ,Outlaws of Thunder Junction,53,foil,common,1,93293,a4be8e47-9006-4770-8d99-68a684064a43,0.08,false,false,near_mint,en,EUR,InFeRMuS
c /u fodder,binder,Inverted Iceberg // Iceberg Titan,LCI,The Lost Caverns of Ixalan,60,foil,common,1,88804,ac5e9a53-cc4f-4ced-8088-5a73d619eae3,0.22,false,false,near_mint,en,EUR,InFeRMuS
c /u fodder,binder,Repulse,OTP,Breaking News,13,normal,uncommon,1,93246,88941ed3-1cae-47ce-8ccb-938c5d0e767f,0.06,false,false,near_mint,en,EUR,InFeRMuS
c /u fodder,binder,Stalked Researcher,DSK,Duskmourn: House of Horror,73,normal,common,2,98868,8a26ccad-adfa-43cc-be4c-dc8dd584bca3,0.04,false,false,near_mint,en,EUR,InFeRMuS
c /u fodder,binder,"Stay Hidden, Stay Silent",DSK,Duskmourn: House of Horror,74,normal,uncommon,1,98735,b661ffe7-4f58-43fe-a1f1-dd7a6d4d28a7,0.09,false,false,near_mint,en,EUR,InFeRMuS
c /u fodder,binder,Glimmerburst,DSK,Duskmourn: House of Horror,62,normal,common,1,99425,fe1ab8db-3994-4b6d-9eaf-75243a78b715,0.12,false,false,near_mint,en,EUR,InFeRMuS
c /u fodder,binder,Erratic Apparition,DSK,Duskmourn: House of Horror,54,normal,common,1,99287,a74fd612-2890-4333-a379-5bf7650fbb87,0.02,false,false,near_mint,en,EUR,InFeRMuS
c /u fodder,binder,Fear of Failed Tests,DSK,Duskmourn: House of Horror,55,normal,uncommon,1,98659,a87c39df-7636-454b-8485-a1cc9362fd84,0.13,false,false,near_mint,en,EUR,InFeRMuS
c /u fodder,binder,Enter the Enigma,DSK,Duskmourn: House of Horror,52,normal,common,4,99008,cf5479c7-9e46-4a57-abe7-8cc670de89e4,0.13,false,false,near_mint,en,EUR,InFeRMuS
c /u fodder,binder,Fear of Falling,DSK,Duskmourn: House of Horror,56,normal,uncommon,1,98771,0e814e48-cd9d-428f-90e2-74d97cb9c8f1,0.06,false,false,near_mint,en,EUR,InFeRMuS
c /u fodder,binder,Meat Locker // Drowned Diner,DSK,Duskmourn: House of Horror,65,normal,common,2,99303,b3c773f0-9e65-48de-a362-a9a943198693,0.13,false,false,near_mint,en,EUR,InFeRMuS
c /u fodder,binder,Piranha Fly,DSK,Duskmourn: House of Horror,70,normal,common,3,98742,cd891675-12d4-40df-996a-97d694155227,0.04,false,false,near_mint,en,EUR,InFeRMuS
c /u fodder,binder,Fear of Impostors,DSK,Duskmourn: House of Horror,57,normal,uncommon,1,98737,bdee441e-14ab-42d1-b447-5a6488fd713a,0.14,false,false,near_mint,en,EUR,InFeRMuS
c /u fodder,binder,Creeping Peeper,DSK,Duskmourn: House of Horror,46,normal,common,1,98851,7ad59368-1335-4d8e-a254-ccd889933e57,0.1,false,false,near_mint,en,EUR,InFeRMuS
c /u fodder,binder,Eddymurk Crab,BLB,Bloomburrow,48,normal,uncommon,1,96132,e6d45abe-4962-47d9-a54e-7e623ea8647c,0.14,false,false,near_mint,en,EUR,InFeRMuS
c /u fodder,binder,Into the Flood Maw,BLB,Bloomburrow,52,normal,uncommon,1,95919,50b9575a-53d9-4df7-b86c-cda021107d3f,0.22,false,false,near_mint,en,EUR,InFeRMuS
c /u fodder,binder,Dire Downdraft,BLB,Bloomburrow,46,normal,common,1,96526,f1931f22-974c-43ad-911e-684bf3f9995d,0.05,false,false,near_mint,en,EUR,InFeRMuS
c /u fodder,binder,Skyskipper Duo,BLB,Bloomburrow,71,normal,common,1,96476,d6844bad-ffbe-4c6e-b438-08562eccea52,0.04,false,false,near_mint,en,EUR,InFeRMuS
c /u fodder,binder,Lightshell Duo,BLB,Bloomburrow,56,normal,common,1,95905,2f00c834-b4a9-45b8-bb3f-22c2a42314a0,0.06,false,false,near_mint,en,EUR,InFeRMuS
c /u fodder,binder,Failed Fording,OTJ,Outlaws of Thunder Junction,47,normal,common,1,93188,62bbe11b-e959-4080-98ac-09bd57519c00,0.04,false,false,near_mint,en,EUR,InFeRMuS
c /u fodder,binder,Jailbreak Scheme,OTJ,Outlaws of Thunder Junction,53,normal,common,1,93293,a4be8e47-9006-4770-8d99-68a684064a43,0.06,false,false,near_mint,en,EUR,InFeRMuS
c /u fodder,binder,Shackle Slinger,OTJ,Outlaws of Thunder Junction,65,normal,uncommon,1,93396,e6cfe383-e483-47e7-99d1-991a06b089bc,0.07,false,false,near_mint,en,EUR,InFeRMuS
c /u fodder,binder,Geyser Drake,OTJ,Outlaws of Thunder Junction,51,normal,common,1,93309,b270377b-33eb-4e5e-9d14-0da2876da74f,0.07,false,false,near_mint,en,EUR,InFeRMuS
c /u fodder,binder,Loan Shark,OTJ,Outlaws of Thunder Junction,55,normal,common,1,93147,49f12760-ff07-4c9f-a7a9-1e64bd3a9adf,0.03,false,false,near_mint,en,EUR,InFeRMuS
c /u fodder,binder,This Town Ain't Big Enough,OTJ,Outlaws of Thunder Junction,74,normal,uncommon,1,93322,bb206e27-da4d-4abe-9d8c-6d18c5f2f52a,0.06,false,false,near_mint,en,EUR,InFeRMuS
c /u fodder,binder,Shifting Grift,OTJ,Outlaws of Thunder Junction,66,normal,uncommon,1,93085,20b8313b-a680-4dca-959a-1a7fa5cb4b1b,0.17,false,false,near_mint,en,EUR,InFeRMuS
c /u fodder,binder,Outlaw Stitcher,OTJ,Outlaws of Thunder Junction,59,normal,uncommon,1,93320,ba9584f0-55b8-448d-99a7-041934053f42,0.04,false,false,near_mint,en,EUR,InFeRMuS
c /u fodder,binder,Fleeting Reflection,OTJ,Outlaws of Thunder Junction,49,normal,uncommon,1,93258,8f8c931e-219f-4032-b55b-b5975fbea1e7,0.13,false,false,near_mint,en,EUR,InFeRMuS
c /u fodder,binder,Canyon Crab,OTJ,Outlaws of Thunder Junction,40,normal,uncommon,1,93317,b740a8a8-e1d3-4642-a214-03731c9b5553,0.07,false,false,near_mint,en,EUR,InFeRMuS
c /u fodder,binder,Djinn of Fool's Fall,OTJ,Outlaws of Thunder Junction,43,normal,common,1,93146,48bfc6af-c651-485e-a1cc-f9d00aeaf812,0.03,false,false,near_mint,en,EUR,InFeRMuS
c /u fodder,binder,Daring Thunder-Thief,OTJ,Outlaws of Thunder Junction,41,normal,common,1,93310,b41a2bf7-248c-4f8b-92ec-3010d276cb59,0.06,false,false,near_mint,en,EUR,InFeRMuS
c /u fodder,binder,Inverted Iceberg // Iceberg Titan,LCI,The Lost Caverns of Ixalan,60,normal,common,1,88804,ac5e9a53-cc4f-4ced-8088-5a73d619eae3,0.04,false,false,near_mint,en,EUR,InFeRMuS
c /u fodder,binder,Hurl into History,LCI,The Lost Caverns of Ixalan,59,normal,uncommon,1,88514,5946463a-2240-4376-b6f5-fd6e3a9cc51c,0.04,false,false,near_mint,en,EUR,InFeRMuS
c /u fodder,binder,Waterlogged Hulk // Watertight Gondola,LCI,The Lost Caverns of Ixalan,83,normal,uncommon,1,88629,7ea89d3c-8d47-4bbb-9271-8cdfd9296e2f,0.05,false,false,near_mint,en,EUR,InFeRMuS
c /u fodder,binder,Syphon Essence,VOW,Innistrad: Crimson Vow,84,normal,common,1,64173,435a2d31-ac2c-45aa-8369-6c2d6fbba4e4,0.02,false,false,near_mint,en,EUR,InFeRMuS
c /u fodder,binder,Sage of Days,LCI,The Lost Caverns of Ixalan,73,normal,common,1,88778,a6e53495-c76c-4cd4-b93e-b2c491d2c13a,0.03,false,false,near_mint,en,EUR,InFeRMuS
c /u fodder,binder,Shipwreck Sentry,LCI,The Lost Caverns of Ixalan,75,normal,common,1,88634,814803bc-72cd-46db-b957-4322f2a7b28a,0.03,false,false,near_mint,en,EUR,InFeRMuS
c /u fodder,binder,Waterwind Scout,LCI,The Lost Caverns of Ixalan,84,normal,common,1,88669,8a7738fb-0a1b-4010-b8c0-e1129739c765,0.13,false,false,near_mint,en,EUR,InFeRMuS
c /u fodder,binder,Frilled Cave-Wurm,LCI,The Lost Caverns of Ixalan,57,normal,common,1,88585,6f65e1bc-fade-4fdf-a1fd-de068bff9e4c,0.03,false,false,near_mint,en,EUR,InFeRMuS
c /u fodder,binder,Waylaying Pirates,LCI,The Lost Caverns of Ixalan,85,normal,common,1,88958,ded2bb06-7163-47fe-bede-9c192c9b8952,0.02,false,false,near_mint,en,EUR,InFeRMuS
c /u fodder,binder,Stop Cold,OTJ,Outlaws of Thunder Junction,72,normal,common,2,93288,9ff9c158-0080-427c-8cf9-0289011ea63e,0.05,false,false,near_mint,en,EUR,InFeRMuS
c /u fodder,binder,Razzle-Dazzler,OTJ,Outlaws of Thunder Junction,63,normal,common,2,93430,f7d08008-9272-405e-82ef-566e6d42bb17,0.05,false,false,near_mint,en,EUR,InFeRMuS
c /u fodder,binder,Peerless Ropemaster,OTJ,Outlaws of Thunder Junction,60,normal,common,3,93304,ae044509-2f31-4506-a124-0e445b7181a2,0.03,false,false,near_mint,en,EUR,InFeRMuS
c /u fodder,binder,Harrier Strix,OTJ,Outlaws of Thunder Junction,52,normal,common,2,93213,70ca61a9-8938-41bf-bd14-5759f4de6521,0.06,false,false,near_mint,en,EUR,InFeRMuS
c /u fodder,binder,Shore Up,BLB,Bloomburrow,69,normal,common,2,96277,4dc3b49e-3674-494c-bdea-4374cefd10f4,0.08,false,false,near_mint,en,EUR,InFeRMuS
c /u fodder,binder,Out of Air,LCI,The Lost Caverns of Ixalan,69,normal,common,2,88871,c263db55-fcac-4b49-b626-7c8092accfcd,0.09,false,false,near_mint,en,EUR,InFeRMuS
c /u fodder,binder,Thought Shucker,BLB,Bloomburrow,77,normal,common,2,95916,44b0d83b-cc41-4f82-892c-ef6d3293228a,0.11,false,false,near_mint,en,EUR,InFeRMuS
c /u fodder,binder,Unlucky Drop,LCI,The Lost Caverns of Ixalan,82,normal,common,2,88607,76ebb2df-8891-434e-9cd0-f25b848cb754,0.03,false,false,near_mint,en,EUR,InFeRMuS
c /u fodder,binder,Don't Make a Sound,DSK,Duskmourn: House of Horror,49,normal,common,5,99305,b5f42e59-7315-41cb-9c41-346e44f0c5fb,0.11,false,false,near_mint,en,EUR,InFeRMuS
c /u fodder,binder,Conductive Machete,DSK,Duskmourn: House of Horror,244,normal,uncommon,2,98958,1cf37c1a-096b-4306-97cf-bc4d4c47d4a1,0.06,false,false,near_mint,en,EUR,InFeRMuS
c /u fodder,binder,Found Footage,DSK,Duskmourn: House of Horror,246,normal,common,3,98899,b12eb087-762e-4e7d-a6e0-f48df603b7c7,0.06,false,false,near_mint,en,EUR,InFeRMuS
c /u fodder,binder,Keys to the House,DSK,Duskmourn: House of Horror,251,normal,uncommon,1,99246,8c11a413-7f33-4b63-bdd9-e143e529f56d,0.09,false,false,near_mint,en,EUR,InFeRMuS
c /u fodder,binder,Malevolent Chandelier,DSK,Duskmourn: House of Horror,252,normal,common,3,99015,ef09d296-4493-47f7-ad76-ad76c747df78,0.08,false,false,near_mint,en,EUR,InFeRMuS
c /u fodder,binder,Attack-in-the-Box,DSK,Duskmourn: House of Horror,242,normal,uncommon,1,98886,a477dc3e-0fa1-4ce4-b3de-8cae0d1a0763,0.17,false,false,near_mint,en,EUR,InFeRMuS
c /u fodder,binder,Glimmerlight,DSK,Duskmourn: House of Horror,249,normal,common,1,98777,1071691c-5c65-42d4-ac96-d302185ca678,0.1,false,false,near_mint,en,EUR,InFeRMuS
c /u fodder,binder,Heirloom Epic,BLB,Bloomburrow,246,normal,uncommon,1,96061,7839ce48-0175-494a-ab89-9bdfb7a50cb1,0.08,false,false,near_mint,en,EUR,InFeRMuS
c /u fodder,binder,Bumbleflower's Sharepot,BLB,Bloomburrow,244,normal,common,1,95924,5f0affd5-5dcd-4dd1-a694-37a9aedf4084,0.09,false,false,near_mint,en,EUR,InFeRMuS
c /u fodder,binder,Short Bow,BLB,Bloomburrow,248,normal,uncommon,1,96281,51d8b72b-fa8f-48d3-bddc-d3ce9b8ba2ea,0.11,false,false,near_mint,en,EUR,InFeRMuS
c /u fodder,binder,Barkform Harvester,BLB,Bloomburrow,243,normal,common,1,95984,f77049a6-0f22-415b-bc89-20bcb32accf6,0.09,false,false,near_mint,en,EUR,InFeRMuS
c /u fodder,binder,Luxurious Locomotive,OTJ,Outlaws of Thunder Junction,244,normal,uncommon,1,93349,cc598338-eeba-4815-a0a6-ff2dc09790d2,0.16,false,false,near_mint,en,EUR,InFeRMuS
c /u fodder,binder,Sterling Hound,OTJ,Outlaws of Thunder Junction,249,normal,common,1,93284,9e5bfcf5-6e5c-47fe-af6c-6b18938261c6,0.02,false,false,near_mint,en,EUR,InFeRMuS
c /u fodder,binder,Gold Pan,OTJ,Outlaws of Thunder Junction,242,normal,common,1,93376,dc098aae-3d9b-453b-a37e-e102f81a8311,0.09,false,false,near_mint,en,EUR,InFeRMuS
c /u fodder,binder,Compass Gnome,LCI,The Lost Caverns of Ixalan,250,normal,common,1,88284,10e1030e-2b95-4807-9111-e495a2fc8813,0.06,false,false,near_mint,en,EUR,InFeRMuS
c /u fodder,binder,Golem's Heart,SOM,Scars of Mirrodin,161,normal,uncommon,1,20871,647ecb81-2d23-40f3-8570-0b86e2ed1c5e,0.14,false,false,near_mint,en,EUR,InFeRMuS
c /u fodder,binder,Careening Mine Cart,LCI,The Lost Caverns of Ixalan,247,normal,uncommon,1,88519,5a96d8ae-200a-40be-95a8-72b53638a090,0.04,false,false,near_mint,en,EUR,InFeRMuS
c /u fodder,binder,Sorcerous Spyglass,LCI,The Lost Caverns of Ixalan,261,normal,uncommon,1,88311,194b7899-6b44-4ecc-8ddc-ec24304eb14c,0.06,false,false,near_mint,en,EUR,InFeRMuS
c /u fodder,binder,Digsite Conservator,LCI,The Lost Caverns of Ixalan,252,normal,uncommon,1,88961,dfa3cd5e-b727-479d-9a77-9f320b92f3f2,0.12,false,false,near_mint,en,EUR,InFeRMuS
c /u fodder,binder,Bear Trap,DSK,Duskmourn: House of Horror,243,normal,common,2,98931,e27c27d6-dc3a-4420-bb35-d97dc216e002,0.1,false,false,near_mint,en,EUR,InFeRMuS
c /u fodder,binder,Buried Treasure,LCI,The Lost Caverns of Ixalan,246,normal,common,2,88479,4c9c45b6-dedd-4481-a06a-c83ace2f18fa,0.05,false,false,near_mint,en,EUR,InFeRMuS
c /u fodder,binder,Disruptor Wanderglyph,LCI,The Lost Caverns of Ixalan,253,normal,common,2,88609,7802ca61-6fcc-4965-9f8f-dd58fe82c6bf,0.06,false,false,near_mint,en,EUR,InFeRMuS
c /u fodder,binder,Oasis Gardener,OTJ,Outlaws of Thunder Junction,246,normal,common,2,93411,ee0dc663-4bfb-46d4-af79-d0143c799487,0.17,false,false,near_mint,en,EUR,InFeRMuS
c /u fodder,binder,Luxurious Locomotive,OTJ,Outlaws of Thunder Junction,244,foil,uncommon,1,93349,cc598338-eeba-4815-a0a6-ff2dc09790d2,0.18,false,false,near_mint,en,EUR,InFeRMuS
c /u fodder,binder,Mobile Homestead,OTJ,Outlaws of Thunder Junction,245,foil,uncommon,1,93363,d5fa82e4-0b77-498a-bec0-52764d24957a,0.13,false,false,near_mint,en,EUR,InFeRMuS
c /u fodder,binder,Monstrous Emergence,DSK,Duskmourn: House of Horror,191,foil,common,1,99316,b999eb47-b842-47f1-be91-c79fc46e1896,0.18,false,false,near_mint,en,EUR,InFeRMuS
c /u fodder,binder,Grasping Longneck,DSK,Duskmourn: House of Horror,180,foil,common,1,98715,7fddcd48-3efe-4b56-9d69-9659b3dc6021,0.05,false,false,near_mint,en,EUR,InFeRMuS
c /u fodder,binder,Greenhouse // Rickety Gazebo,DSK,Duskmourn: House of Horror,181,foil,uncommon,1,98884,a22e8038-0706-47ec-bfda-f421a4912774,0.28,false,false,near_mint,en,EUR,InFeRMuS
c /u fodder,binder,Slavering Branchsnapper,DSK,Duskmourn: House of Horror,198,foil,common,1,98709,5ed7ca4d-5895-4074-8315-656363d14862,0.11,false,false,near_mint,en,EUR,InFeRMuS
c /u fodder,binder,Wear Down,BLB,Bloomburrow,203,foil,uncommon,1,95863,fded2b83-3b7d-4c8c-83c4-0624a1069628,0.26,false,false,near_mint,en,EUR,InFeRMuS
c /u fodder,binder,Honored Dreyleader,BLB,Bloomburrow,178,foil,uncommon,1,96107,bc5ee537-52e1-474a-9326-dfacc2a758ab,0.24,false,false,near_mint,en,EUR,InFeRMuS
c /u fodder,binder,Tumbleweed Rising,OTJ,Outlaws of Thunder Junction,187,foil,common,1,93096,275d2d2a-ef85-48c9-919d-bc62cdad8a10,0.07,false,false,near_mint,en,EUR,InFeRMuS
c /u fodder,binder,Patient Naturalist,OTJ,Outlaws of Thunder Junction,174,foil,common,1,93082,1dd17cea-9e8c-4dba-b6ab-a6b9de87a306,0.05,false,false,near_mint,en,EUR,InFeRMuS
c /u fodder,binder,Frantic Strength,DSK,Duskmourn: House of Horror,179,normal,common,1,99000,bbd9d35d-7fd0-4193-9f7e-b8a59fae4ac5,0.1,false,false,near_mint,en,EUR,InFeRMuS
c /u fodder,binder,Break Down the Door,DSK,Duskmourn: House of Horror,170,normal,uncommon,2,98791,209e9bbc-a15d-47fc-b149-6b0c57dd09ea,0.12,false,false,near_mint,en,EUR,InFeRMuS
c /u fodder,binder,Threats Around Every Corner,DSK,Duskmourn: House of Horror,200,normal,uncommon,1,98844,7201ee12-9104-48d8-aeec-08a318c8ee10,0.21,false,false,near_mint,en,EUR,InFeRMuS
c /u fodder,binder,Grasping Longneck,DSK,Duskmourn: House of Horror,180,normal,common,3,98715,7fddcd48-3efe-4b56-9d69-9659b3dc6021,0.07,false,false,near_mint,en,EUR,InFeRMuS
c /u fodder,binder,Wary Watchdog,DSK,Duskmourn: House of Horror,206,normal,common,1,98796,25ed97f2-b47e-49b7-9b1a-694c4bbeca3b,0.1,false,false,near_mint,en,EUR,InFeRMuS
c /u fodder,binder,Spineseeker Centipede,DSK,Duskmourn: House of Horror,199,normal,common,2,98904,b50d697c-8358-429b-8f79-7ad9d01a5edd,0.07,false,false,near_mint,en,EUR,InFeRMuS
c /u fodder,binder,Insidious Fungus,DSK,Duskmourn: House of Horror,186,normal,uncommon,1,98922,d60d2e62-06da-410a-81ed-6cebb2632fb6,0.31,false,false,near_mint,en,EUR,InFeRMuS
c /u fodder,binder,Overgrown Zealot,DSK,Duskmourn: House of Horror,193,normal,uncommon,4,98874,96d68d29-499a-4864-be18-bd98fda0d173,0.11,false,false,near_mint,en,EUR,InFeRMuS
c /u fodder,binder,Cryptid Inspector,DSK,Duskmourn: House of Horror,174,normal,common,1,98858,820c2932-2e23-4f67-92d0-a630aec6f1b4,0.1,false,false,near_mint,en,EUR,InFeRMuS
c /u fodder,binder,Say Its Name,DSK,Duskmourn: House of Horror,197,normal,common,3,98725,94c58683-b5f2-4863-9562-6f6be1ec21fe,0.1,false,false,near_mint,en,EUR,InFeRMuS
c /u fodder,binder,Cautious Survivor,DSK,Duskmourn: House of Horror,172,normal,common,2,98937,ee2b4c1a-e058-4e06-bc46-e250fd9c9b54,0.08,false,false,near_mint,en,EUR,InFeRMuS
c /u fodder,binder,"Altanak, the Thrice-Called",DSK,Duskmourn: House of Horror,166,normal,uncommon,1,98716,807b0674-8eba-4204-b6b6-fa2b785a79e9,0.14,false,false,near_mint,en,EUR,InFeRMuS
c /u fodder,binder,Fear of Exposure,DSK,Duskmourn: House of Horror,177,normal,uncommon,1,99256,93bb4abc-5af1-4cf5-919b-244b6a36f8ec,0.07,false,false,near_mint,en,EUR,InFeRMuS
c /u fodder,binder,Flesh Burrower,DSK,Duskmourn: House of Horror,178,normal,common,1,98831,60499c90-a512-4abb-98eb-0735a7138421,0.1,false,false,near_mint,en,EUR,InFeRMuS
c /u fodder,binder,Monstrous Emergence,DSK,Duskmourn: House of Horror,191,normal,common,1,99316,b999eb47-b842-47f1-be91-c79fc46e1896,0.1,false,false,near_mint,en,EUR,InFeRMuS
c /u fodder,binder,Curious Forager,BLB,Bloomburrow,169,normal,uncommon,1,95929,64653b4a-e139-45f9-a915-ab49afb6b795,0.12,false,false,near_mint,en,EUR,InFeRMuS
c /u fodder,binder,Bakersbane Duo,BLB,Bloomburrow,163,normal,common,1,96035,5309354f-1ff4-4fa9-9141-01ea2f7588ab,0.06,false,false,near_mint,en,EUR,InFeRMuS
c /u fodder,binder,Hunter's Talent,BLB,Bloomburrow,179,normal,uncommon,1,95847,e9a31863-9649-4a4f-99e4-c93729938bd7,0.23,false,false,near_mint,en,EUR,InFeRMuS
c /u fodder,binder,Bushy Bodyguard,BLB,Bloomburrow,166,normal,uncommon,1,95997,0de60cf7-fa82-4b6f-9f88-6590fba5c863,0.12,false,false,near_mint,en,EUR,InFeRMuS
c /u fodder,binder,Sunshower Druid,BLB,Bloomburrow,195,normal,common,1,95630,7740abc5-54e1-478d-966e-0fa64e727995,0.08,false,false,near_mint,en,EUR,InFeRMuS
c /u fodder,binder,Wear Down,BLB,Bloomburrow,203,normal,uncommon,1,95863,fded2b83-3b7d-4c8c-83c4-0624a1069628,0.12,false,false,near_mint,en,EUR,InFeRMuS
c /u fodder,binder,Honored Dreyleader,BLB,Bloomburrow,178,normal,uncommon,1,96107,bc5ee537-52e1-474a-9326-dfacc2a758ab,0.11,false,false,near_mint,en,EUR,InFeRMuS
c /u fodder,binder,Rust-Shield Rampager,BLB,Bloomburrow,190,normal,common,1,96117,c96b01f5-83de-4237-a68d-f946c53e31a6,0.03,false,false,near_mint,en,EUR,InFeRMuS
c /u fodder,binder,Druid of the Spade,BLB,Bloomburrow,170,normal,common,1,96054,6b485cf7-bad0-4824-9ba7-cb112ce4769f,0.05,false,false,near_mint,en,EUR,InFeRMuS
c /u fodder,binder,Longstalk Brawl,BLB,Bloomburrow,182,normal,common,1,95966,c7ef748c-b5e5-4e7d-bf2e-d3e6c08edb42,0.04,false,false,near_mint,en,EUR,InFeRMuS
c /u fodder,binder,Cactarantula,OTJ,Outlaws of Thunder Junction,158,normal,common,1,93103,2e0e27f9-dc2c-4366-b810-3e8d0bdff8c3,0.05,false,false,near_mint,en,EUR,InFeRMuS
c /u fodder,binder,Outcaster Greenblade,OTJ,Outlaws of Thunder Junction,172,normal,uncommon,1,93344,c9458f0f-5593-4ac9-934c-e215ef8093a7,0.11,false,false,near_mint,en,EUR,InFeRMuS
c /u fodder,binder,Reach for the Sky,OTJ,Outlaws of Thunder Junction,178,normal,common,1,93408,eb871985-a11b-4dfe-b0e3-898888c86277,0.02,false,false,near_mint,en,EUR,InFeRMuS
c /u fodder,binder,Bristlepack Sentry,OTJ,Outlaws of Thunder Junction,156,normal,common,1,93201,6aea6702-16a8-4073-9c83-fbea20a5fd32,0.02,false,false,near_mint,en,EUR,InFeRMuS
c /u fodder,binder,Stubborn Burrowfiend,OTJ,Outlaws of Thunder Junction,184,normal,uncommon,1,93206,6d963eb4-d20b-4d3f-bf5d-c75f7bcb9670,0.04,false,false,near_mint,en,EUR,InFeRMuS
c /u fodder,binder,Freestrider Commando,OTJ,Outlaws of Thunder Junction,162,normal,common,1,93265,92762169-095e-46e2-82f6-5b2ff2232240,0.06,false,false,near_mint,en,EUR,InFeRMuS
c /u fodder,binder,Full Steam Ahead,OTJ,Outlaws of Thunder Junction,164,normal,uncommon,1,93037,084748d8-7169-4e86-a69c-631c6d7d3a1e,0.13,false,false,near_mint,en,EUR,InFeRMuS
c /u fodder,binder,Beastbond Outcaster,OTJ,Outlaws of Thunder Junction,154,normal,uncommon,1,93035,073b9ae8-8ac3-4824-aec4-84a80531aa23,0.06,false,false,near_mint,en,EUR,InFeRMuS
c /u fodder,binder,Snakeskin Veil,OTJ,Outlaws of Thunder Junction,181,normal,common,1,93052,133fbdec-0d00-433f-9015-5eb091126e3a,0.09,false,false,near_mint,en,EUR,InFeRMuS
c /u fodder,binder,Patient Naturalist,OTJ,Outlaws of Thunder Junction,174,normal,common,1,93082,1dd17cea-9e8c-4dba-b6ab-a6b9de87a306,0.05,false,false,near_mint,en,EUR,InFeRMuS
c /u fodder,binder,Ankle Biter,OTJ,Outlaws of Thunder Junction,153,normal,common,1,93136,424972d6-3b2c-449b-b786-749a77020fa1,0.18,false,false,near_mint,en,EUR,InFeRMuS
c /u fodder,binder,Hollow Scavenger // Bakery Raid,WOE,Wilds of Eldraine,174,normal,common,1,85244,0ad345b6-7077-4dd2-b515-c774a3185fe4,0.04,false,false,near_mint,en,EUR,InFeRMuS
c /u fodder,binder,Malamet Battle Glyph,LCI,The Lost Caverns of Ixalan,198,normal,uncommon,1,88337,2259f959-ca97-4df9-8d50-0532090fb967,0.08,false,false,near_mint,en,EUR,InFeRMuS
c /u fodder,binder,Basking Capybara,LCI,The Lost Caverns of Ixalan,175,normal,common,1,89066,ff0a2ba4-dfa8-49d6-95e9-04b7a14d0c6c,0.07,false,false,near_mint,en,EUR,InFeRMuS
c /u fodder,binder,Malamet Brawler,LCI,The Lost Caverns of Ixalan,199,normal,common,1,88455,47d2fb65-cc3d-4664-bee0-8cf1cba5d8fa,0.06,false,false,near_mint,en,EUR,InFeRMuS
c /u fodder,binder,Explorer's Cache,LCI,The Lost Caverns of Ixalan,184,normal,uncommon,1,88658,86b36214-9c7e-4a24-93d4-17b2d00cbc51,0.08,false,false,near_mint,en,EUR,InFeRMuS
c /u fodder,binder,Tendril of the Mycotyrant,LCI,The Lost Caverns of Ixalan,215,normal,uncommon,1,88818,afa464fe-978f-43de-ac35-79be4b12f0d9,0.03,false,false,near_mint,en,EUR,InFeRMuS
c /u fodder,binder,River Herald Guide,LCI,The Lost Caverns of Ixalan,209,normal,common,1,88742,9ea7e323-f329-4928-b25a-c0b44c5ac058,0.1,false,false,near_mint,en,EUR,InFeRMuS
c /u fodder,binder,Pathfinding Axejaw,LCI,The Lost Caverns of Ixalan,206,normal,common,1,88746,9f619075-ca5d-4e09-bd84-31e6b61eaa7e,0.06,false,false,near_mint,en,EUR,InFeRMuS
c /u fodder,binder,Walk with the Ancestors,LCI,The Lost Caverns of Ixalan,218,normal,common,1,88590,71a6f85b-5ef8-4526-9c86-7cb71508b4c0,0.06,false,false,near_mint,en,EUR,InFeRMuS
c /u fodder,binder,Cavern Stomper,LCI,The Lost Caverns of Ixalan,177,normal,common,1,88957,decdfd6b-55ab-47fd-9f98-1845261f1caf,0.04,false,false,near_mint,en,EUR,InFeRMuS
c /u fodder,binder,Hardbristle Bandit,OTJ,Outlaws of Thunder Junction,168,normal,common,2,93347,cbe544fb-93b7-4640-b886-cb0b3e437357,0.02,false,false,near_mint,en,EUR,InFeRMuS
c /u fodder,binder,Armored Kincaller,LCI,The Lost Caverns of Ixalan,174,normal,common,2,88834,b76a46a1-a63e-460a-98c5-699dd1c827aa,0.02,false,false,near_mint,en,EUR,InFeRMuS
c /u fodder,binder,Tumbleweed Rising,OTJ,Outlaws of Thunder Junction,187,normal,common,2,93096,275d2d2a-ef85-48c9-919d-bc62cdad8a10,0.05,false,false,near_mint,en,EUR,InFeRMuS
c /u fodder,binder,Voracious Varmint,OTJ,Outlaws of Thunder Junction,188,normal,common,2,93279,99b74fa3-c1d7-4780-977d-f2d6663a529a,0.08,false,false,near_mint,en,EUR,InFeRMuS
c /u fodder,binder,Anthropede,DSK,Duskmourn: House of Horror,167,normal,common,2,98824,51216ab0-9806-4faa-afbd-143e95dc255b,0.02,false,false,near_mint,en,EUR,InFeRMuS
c /u fodder,binder,Drover Grizzly,OTJ,Outlaws of Thunder Junction,161,normal,common,3,93167,560062cd-34f8-4d30-9e25-099b03961724,0.09,false,false,near_mint,en,EUR,InFeRMuS
c /u fodder,binder,Pyroclasm,DSK,Duskmourn: House of Horror,149,foil,uncommon,1,98703,4391b0af-2f26-4a45-9e2a-5bd8e9838107,0.3,false,false,near_mint,en,EUR,InFeRMuS
c /u fodder,binder,Reckless Lackey,OTJ,Outlaws of Thunder Junction,140,foil,common,1,93262,912fcd14-5e81-418c-997b-771f2f38f63d,0.41,false,false,near_mint,en,EUR,InFeRMuS
c /u fodder,binder,Quick Draw,OTJ,Outlaws of Thunder Junction,138,foil,common,1,93168,56399cd0-1214-42b6-be38-f2cbd770915f,0.09,false,false,near_mint,en,EUR,InFeRMuS
c /u fodder,binder,Daring Discovery,LCI,The Lost Caverns of Ixalan,142,foil,common,1,88943,d95018a4-be10-4c46-b14d-4b1eba838bc0,0.19,false,false,near_mint,en,EUR,InFeRMuS
c /u fodder,binder,Hand That Feeds,DSK,Duskmourn: House of Horror,139,normal,common,1,98798,297c2860-5a68-4a18-a23a-ca5cfdfbcac8,0.08,false,false,near_mint,en,EUR,InFeRMuS
c /u fodder,binder,Scorching Dragonfire,DSK,Duskmourn: House of Horror,156,normal,common,1,99284,a55f4f37-796a-4b18-a5ee-1d4f711f19b8,0.13,false,false,near_mint,en,EUR,InFeRMuS
c /u fodder,binder,Razorkin Hordecaller,DSK,Duskmourn: House of Horror,152,normal,uncommon,1,98945,f7fb0f11-d1d0-4941-a1a7-a2db88f30394,0.23,false,false,near_mint,en,EUR,InFeRMuS
c /u fodder,binder,Boilerbilges Ripper,DSK,Duskmourn: House of Horror,127,normal,common,3,99066,1a68009c-83cd-455f-81e9-bdd720d23a43,0.06,false,false,near_mint,en,EUR,InFeRMuS
c /u fodder,binder,Grab the Prize,DSK,Duskmourn: House of Horror,138,normal,common,2,98823,50895202-f1a1-4840-a11a-55b78b8b5929,0.2,false,false,near_mint,en,EUR,InFeRMuS
c /u fodder,binder,Untimely Malfunction,DSK,Duskmourn: House of Horror,161,normal,uncommon,1,98864,857bfb0e-17dc-4dda-bc37-3df927a9eae6,0.68,false,false,near_mint,en,EUR,InFeRMuS
c /u fodder,binder,Ticket Booth // Tunnel of Hate,DSK,Duskmourn: House of Horror,158,normal,common,2,99039,058ffe36-ed2d-4b67-83cd-162db8383a32,0.13,false,false,near_mint,en,EUR,InFeRMuS
c /u fodder,binder,"Norin, Swift Survivalist",DSK,Duskmourn: House of Horror,145,normal,uncommon,1,98624,49f0fdf4-3881-4327-924f-2c1b67ccda93,0.16,false,false,near_mint,en,EUR,InFeRMuS
c /u fodder,binder,Vicious Clown,DSK,Duskmourn: House of Horror,163,normal,common,1,98780,12649f73-9d29-4eed-bc89-cc0d1a8969e3,0.16,false,false,near_mint,en,EUR,InFeRMuS
c /u fodder,binder,Most Valuable Slayer,DSK,Duskmourn: House of Horror,144,normal,common,2,98910,c2b7b635-4c72-4129-bf95-1eef05cce3d3,0.03,false,false,near_mint,en,EUR,InFeRMuS
c /u fodder,binder,Conduct Electricity,BLB,Bloomburrow,130,normal,common,1,95906,2f373dd6-2412-453c-85ba-10230dfe473a,0.12,false,false,near_mint,en,EUR,InFeRMuS
c /u fodder,binder,Frilled Sparkshooter,BLB,Bloomburrow,136,normal,common,1,95934,674bbd6d-e329-42cf-963d-88d1ce8fe51e,0.08,false,false,near_mint,en,EUR,InFeRMuS
c /u fodder,binder,Agate Assault,BLB,Bloomburrow,122,normal,common,1,96066,7dd9946b-515e-4e0d-9da2-711e126e9fa6,0.15,false,false,near_mint,en,EUR,InFeRMuS
c /u fodder,binder,Sazacap's Brew,BLB,Bloomburrow,151,normal,common,1,96330,6d963080-b3ec-467d-82f7-39db6ecd6bbc,0.1,false,false,near_mint,en,EUR,InFeRMuS
c /u fodder,binder,Rabid Gnaw,BLB,Bloomburrow,147,normal,uncommon,1,96014,2f815bae-820a-49f6-8eed-46f658e7b6ff,0.14,false,false,near_mint,en,EUR,InFeRMuS
c /u fodder,binder,Wildfire Howl,BLB,Bloomburrow,162,normal,uncommon,1,96059,7392d397-9836-4df2-944d-c930c9566811,0.08,false,false,near_mint,en,EUR,InFeRMuS
c /u fodder,binder,Alania's Pathmaker,BLB,Bloomburrow,123,normal,common,1,96123,d3871fe6-e26e-4ab4-bd81-7e3c7b8135c1,0.05,false,false,near_mint,en,EUR,InFeRMuS
c /u fodder,binder,Might of the Meek,BLB,Bloomburrow,144,normal,common,1,95627,509bf254-8a2b-4dfa-9ae5-386321b35e8b,0.11,false,false,near_mint,en,EUR,InFeRMuS
c /u fodder,binder,Outlaws' Fury,OTJ,Outlaws of Thunder Junction,136,normal,common,1,93428,f7502b9c-b759-499a-8e94-22f87f5eb142,0.04,false,false,near_mint,en,EUR,InFeRMuS
c /u fodder,binder,Magebane Lizard,OTJ,Outlaws of Thunder Junction,134,normal,uncommon,1,93189,62e12566-375f-4f31-aa91-1b13a96d9ece,0.91,false,false,near_mint,en,EUR,InFeRMuS
c /u fodder,binder,Deadeye Duelist,OTJ,Outlaws of Thunder Junction,119,normal,common,1,93403,e9a50b7a-8741-4520-8d45-8e6b128c2628,0.04,false,false,near_mint,en,EUR,InFeRMuS
c /u fodder,binder,Trick Shot,OTJ,Outlaws of Thunder Junction,151,normal,common,1,93351,cd3c2d02-67ca-4858-9b7a-3cfe8a08356c,0.02,false,false,near_mint,en,EUR,InFeRMuS
c /u fodder,binder,Demonic Ruckus,OTJ,Outlaws of Thunder Junction,120,normal,uncommon,1,93175,5b491d11-d00a-4541-8389-2785a455eeee,0.17,false,false,near_mint,en,EUR,InFeRMuS
c /u fodder,binder,Mine Raider,OTJ,Outlaws of Thunder Junction,135,normal,common,1,93072,19cfacff-e884-4954-aa6b-ed56ca942bf2,0.07,false,false,near_mint,en,EUR,InFeRMuS
c /u fodder,binder,Brimstone Roundup,OTJ,Outlaws of Thunder Junction,115,normal,uncommon,1,93325,bd13011e-a4fc-4107-988f-60cfc851ecd3,0.07,false,false,near_mint,en,EUR,InFeRMuS
c /u fodder,binder,Hellspur Brute,OTJ,Outlaws of Thunder Junction,127,normal,uncommon,1,93130,3b99db5b-cd13-4e69-98b7-753e72c781f8,0.05,false,false,near_mint,en,EUR,InFeRMuS
c /u fodder,binder,Explosive Derailment,OTJ,Outlaws of Thunder Junction,122,normal,common,1,93417,f0e3df9c-0a86-4e6f-a3c7-84a883328a3d,0.1,false,false,near_mint,en,EUR,InFeRMuS
c /u fodder,binder,Prickly Pair,OTJ,Outlaws of Thunder Junction,137,normal,common,1,93398,e70f2278-8857-46e4-aa2b-fff5589b750f,0.05,false,false,near_mint,en,EUR,InFeRMuS
c /u fodder,binder,Reckless Lackey,OTJ,Outlaws of Thunder Junction,140,normal,common,1,93262,912fcd14-5e81-418c-997b-771f2f38f63d,0.13,false,false,near_mint,en,EUR,InFeRMuS
c /u fodder,binder,Caught in the Crossfire,OTJ,Outlaws of Thunder Junction,117,normal,uncommon,1,93127,3a2fd0c4-509e-49c2-ad57-f772efcbc207,0.11,false,false,near_mint,en,EUR,InFeRMuS
c /u fodder,binder,Enterprising Scallywag,LCI,The Lost Caverns of Ixalan,148,normal,uncommon,1,88443,44420f52-2ed8-4f81-93e4-5decc77bed01,0.1,false,false,near_mint,en,EUR,InFeRMuS
c /u fodder,binder,Belligerent Guest,VOW,Innistrad: Crimson Vow,301,normal,common,1,64319,924b1c15-811a-4d11-a481-f904002a6740,0.16,false,false,near_mint,en,EUR,InFeRMuS
c /u fodder,binder,Goblin Tomb Raider,LCI,The Lost Caverns of Ixalan,151,normal,common,1,88218,018160fe-f602-43f5-8495-241a08eaa69c,0.33,false,false,near_mint,en,EUR,InFeRMuS
c /u fodder,binder,Ancestors' Aid,LCI,The Lost Caverns of Ixalan,132,normal,common,1,88996,e90d5b7d-e27d-42d6-ba7a-d4a6b0dd8549,0.1,false,false,near_mint,en,EUR,InFeRMuS
c /u fodder,binder,Abrade,BLC,Bloomburrow Commander,191,normal,common,2,96450,c1466ae6-9dbc-4ead-844b-9b1ba7274baf,0.12,false,false,near_mint,en,EUR,InFeRMuS
c /u fodder,binder,Zoyowa's Justice,LCI,The Lost Caverns of Ixalan,173,normal,uncommon,1,88230,04839717-d2f9-481d-9d13-e4038dbcbb0e,0.11,false,false,near_mint,en,EUR,InFeRMuS
c /u fodder,binder,Plundering Pirate,LCI,The Lost Caverns of Ixalan,160,normal,common,1,88525,5bb2552f-8370-4931-83e1-93706d51413a,0.07,false,false,near_mint,en,EUR,InFeRMuS
c /u fodder,binder,Rumbling Rockslide,LCI,The Lost Caverns of Ixalan,163,normal,common,1,88486,4f06b53f-ec82-4d7f-bee3-6ca04583f023,0.09,false,false,near_mint,en,EUR,InFeRMuS
c /u fodder,binder,Geological Appraiser,LCI,The Lost Caverns of Ixalan,150,normal,uncommon,1,88630,7f9c1a82-695b-4df2-8e51-2d71a62e7baf,0.15,false,false,near_mint,en,EUR,InFeRMuS
c /u fodder,binder,Dinotomaton,LCI,The Lost Caverns of Ixalan,144,normal,common,2,88740,9de1a93e-ec71-45fa-b0b8-2c21123e390c,0.06,false,false,near_mint,en,EUR,InFeRMuS
c /u fodder,binder,Daring Discovery,LCI,The Lost Caverns of Ixalan,142,normal,common,1,88943,d95018a4-be10-4c46-b14d-4b1eba838bc0,0.03,false,false,near_mint,en,EUR,InFeRMuS
c /u fodder,binder,Seismic Monstrosaur,LCI,The Lost Caverns of Ixalan,166,normal,common,2,88725,98aeb9dc-18f9-4120-ac3d-226c62a1dc1d,0.05,false,false,near_mint,en,EUR,InFeRMuS
c /u fodder,binder,Ragged Playmate,DSK,Duskmourn: House of Horror,150,normal,common,3,98762,000499a4-3f39-4d25-a2a2-b2f014e30754,0.09,false,false,near_mint,en,EUR,InFeRMuS
c /u fodder,binder,Irascible Wolverine,OTJ,Outlaws of Thunder Junction,130,normal,common,2,93112,324c0af5-7cdf-4c71-84cc-6349f10e0d66,0.03,false,false,near_mint,en,EUR,InFeRMuS
c /u fodder,binder,Discerning Peddler,OTJ,Outlaws of Thunder Junction,121,normal,common,2,93219,73b359bf-afd8-439d-a4d2-985db1ad368c,0.02,false,false,near_mint,en,EUR,InFeRMuS
c /u fodder,binder,Rodeo Pyromancers,OTJ,Outlaws of Thunder Junction,143,normal,common,2,93381,df877a29-06e1-474d-8600-410bbec674ae,0.08,false,false,near_mint,en,EUR,InFeRMuS
c /u fodder,binder,Quilled Charger,OTJ,Outlaws of Thunder Junction,139,normal,common,3,93169,56e326c4-39f1-41ee-9e47-ebe468c51718,0.04,false,false,near_mint,en,EUR,InFeRMuS
c /u fodder,binder,Longhorn Sharpshooter,OTJ,Outlaws of Thunder Junction,132,normal,uncommon,2,93123,398d9a16-d72c-42e2-a0ea-d9da642ee046,0.06,false,false,near_mint,en,EUR,InFeRMuS
c /u fodder,binder,Bedhead Beastie,DSK,Duskmourn: House of Horror,125,normal,common,4,99216,77c72b5b-dd81-4eb4-80d9-a0124e27e1dc,0.03,false,false,near_mint,en,EUR,InFeRMuS
c /u fodder,binder,Hazel's Nocturne,BLB,Bloomburrow,97,foil,uncommon,1,96009,239363df-4de8-4b64-80fc-a1f4b5c36027,0.2,false,false,near_mint,en,EUR,InFeRMuS
c /u fodder,binder,Heartless Pillage,OTP,Breaking News,14,normal,uncommon,1,93355,d06a1a70-aa26-4178-8486-e0a25c907cdb,0.03,false,false,near_mint,en,EUR,InFeRMuS
c /u fodder,binder,Consuming Ashes,OTJ,Outlaws of Thunder Junction,83,foil,common,1,93165,54f96be9-60fc-4e2f-9172-4cc53c9a095a,0.07,false,false,near_mint,en,EUR,InFeRMuS
c /u fodder,binder,Blood Hustler,OTJ,Outlaws of Thunder Junction,80,foil,uncommon,1,93047,1016a750-2a18-4443-a600-957eb4026d3a,0.21,false,false,near_mint,en,EUR,InFeRMuS
c /u fodder,binder,Vito's Inquisitor,LCI,The Lost Caverns of Ixalan,130,foil,common,1,88689,9030048a-b866-4a89-8d4a-aa55411463e4,0.13,false,false,near_mint,en,EUR,InFeRMuS
c /u fodder,binder,Killer's Mask,DSK,Duskmourn: House of Horror,104,normal,uncommon,1,99407,f1fc02ae-77b8-4e5e-94b4-22ecf7ae40ae,0.06,false,false,near_mint,en,EUR,InFeRMuS
c /u fodder,binder,Sporogenic Infection,DSK,Duskmourn: House of Horror,117,normal,uncommon,1,99013,eaae086e-0781-4f4d-bc9c-a98228bc380c,0.08,false,false,near_mint,en,EUR,InFeRMuS
c /u fodder,binder,Derelict Attic // Widow's Walk,DSK,Duskmourn: House of Horror,93,normal,common,2,99091,2cae24c1-53f1-4f3f-8795-b634c46a17c4,0.1,false,false,near_mint,en,EUR,InFeRMuS
c /u fodder,binder,Appendage Amalgam,DSK,Duskmourn: House of Horror,83,normal,common,3,98919,d16b3cf3-7b85-4153-b25a-e6b5fce725cf,0.08,false,false,near_mint,en,EUR,InFeRMuS
c /u fodder,binder,Fear of Lost Teeth,DSK,Duskmourn: House of Horror,97,normal,common,3,98613,259045fe-f349-4be1-bf29-465d084ed35e,0.07,false,false,near_mint,en,EUR,InFeRMuS
c /u fodder,binder,Commune with Evil,DSK,Duskmourn: House of Horror,87,normal,uncommon,1,98876,9ab94ebe-b51b-4c6f-af43-0ed80e2808a3,0.11,false,false,near_mint,en,EUR,InFeRMuS
c /u fodder,binder,Nowhere to Run,DSK,Duskmourn: House of Horror,111,normal,uncommon,1,95623,fee60e9d-9ee7-444a-88f3-c1929e1888fb,1.07,false,false,near_mint,en,EUR,InFeRMuS
c /u fodder,binder,Cracked Skull,DSK,Duskmourn: House of Horror,88,normal,common,2,99214,7616ad5e-ed30-4876-8743-6f0f9f143ea1,0.05,false,false,near_mint,en,EUR,InFeRMuS
c /u fodder,binder,Osseous Sticktwister,DSK,Duskmourn: House of Horror,112,normal,uncommon,1,98971,4f43473e-1302-4543-b331-1a86cfbc3ced,0.12,false,false,near_mint,en,EUR,InFeRMuS
c /u fodder,binder,Innocuous Rat,DSK,Duskmourn: House of Horror,103,normal,common,2,98872,94edbbc5-5673-4753-bfad-4432c4b7dca4,0.11,false,false,near_mint,en,EUR,InFeRMuS
c /u fodder,binder,Winter's Intervention,DSK,Duskmourn: House of Horror,123,normal,common,2,99302,b33d38fa-bbcf-4bcc-93a8-adbfd9c93faa,0.04,false,false,near_mint,en,EUR,InFeRMuS
c /u fodder,binder,Cackling Slasher,DSK,Duskmourn: House of Horror,85,normal,common,2,99296,b1269ccf-febf-42b0-8c20-21ccb731a3ec,0.04,false,false,near_mint,en,EUR,InFeRMuS
c /u fodder,binder,Stargaze,BLB,Bloomburrow,114,normal,uncommon,1,95939,777fc599-8de7-44d2-8fdd-9bddf5948a0c,0.07,false,false,near_mint,en,EUR,InFeRMuS
c /u fodder,binder,Daggerfang Duo,BLB,Bloomburrow,89,normal,common,1,96468,cea2bb34-e328-44fb-918a-72208c9457e4,0.08,false,false,near_mint,en,EUR,InFeRMuS
c /u fodder,binder,Sinister Monolith,BLB,Bloomburrow,113,normal,uncommon,1,96012,2a15e06c-2608-4e7a-a16c-d35417669d86,0.14,false,false,near_mint,en,EUR,InFeRMuS
c /u fodder,binder,Scales of Shale,BLB,Bloomburrow,110,normal,common,1,95955,9ae14276-dbbd-4257-80e9-accd6c19f5b2,0.06,false,false,near_mint,en,EUR,InFeRMuS
c /u fodder,binder,Diresight,BLB,Bloomburrow,91,normal,common,1,95985,fada29c0-5293-40a4-b36d-d073ee99e650,0.12,false,false,near_mint,en,EUR,InFeRMuS
c /u fodder,binder,Thought-Stalker Warlock,BLB,Bloomburrow,118,normal,uncommon,1,96018,42e80284-d489-493b-ae92-95b742d07cb3,0.18,false,false,near_mint,en,EUR,InFeRMuS
c /u fodder,binder,Agate-Blade Assassin,BLB,Bloomburrow,82,normal,common,1,96017,39ebb84a-1c52-4b07-9bd0-b360523b3a5b,0.08,false,false,near_mint,en,EUR,InFeRMuS
c /u fodder,binder,Binding Negotiation,OTJ,Outlaws of Thunder Junction,78,normal,uncommon,1,93077,1c4c26b9-981f-47cf-b0f4-769e788d9537,0.12,false,false,near_mint,en,EUR,InFeRMuS
c /u fodder,binder,Desert's Due,OTJ,Outlaws of Thunder Junction,85,normal,common,1,93119,35e899e4-e2de-44cf-b6f4-cace8d3770cb,0.05,false,false,near_mint,en,EUR,InFeRMuS
c /u fodder,binder,Shoot the Sheriff,OTJ,Outlaws of Thunder Junction,106,normal,uncommon,1,93063,180d6528-c524-4bb8-8a72-b3775cd2c177,0.19,false,false,near_mint,en,EUR,InFeRMuS
c /u fodder,binder,Raven of Fell Omens,OTJ,Outlaws of Thunder Junction,101,normal,common,1,93386,e2df3cb4-1658-450a-912a-df336706acdc,0.09,false,false,near_mint,en,EUR,InFeRMuS
c /u fodder,binder,Desperate Bloodseeker,OTJ,Outlaws of Thunder Junction,86,normal,common,1,93295,a59da027-b5dd-4920-b3a1-9da05fcb1977,0.07,false,false,near_mint,en,EUR,InFeRMuS
c /u fodder,binder,Nezumi Linkbreaker,OTJ,Outlaws of Thunder Junction,96,normal,common,1,93207,6dd0095b-6136-4368-94cb-4c82621aaf37,0.09,false,false,near_mint,en,EUR,InFeRMuS
c /u fodder,binder,Hollow Marauder,OTJ,Outlaws of Thunder Junction,90,normal,uncommon,1,93380,df2913d5-57c7-4f9b-bc96-8a46beef2563,0.18,false,false,near_mint,en,EUR,InFeRMuS
c /u fodder,binder,Lively Dirge,OTJ,Outlaws of Thunder Junction,93,normal,uncommon,1,93038,0c35a0d3-12f7-46f3-a6b3-02a490d45ca0,0.46,false,false,near_mint,en,EUR,InFeRMuS
c /u fodder,binder,Unfortunate Accident,OTJ,Outlaws of Thunder Junction,111,normal,uncommon,1,93039,0c5a25d9-926e-4004-8830-2b2bf7bc0775,0.08,false,false,near_mint,en,EUR,InFeRMuS
c /u fodder,binder,Blacksnag Buzzard,OTJ,Outlaws of Thunder Junction,79,normal,common,1,93414,ef10b2ad-9b9b-4c5d-a2c7-3ce742224b50,0.05,false,false,near_mint,en,EUR,InFeRMuS
c /u fodder,binder,Mourner's Surprise,OTJ,Outlaws of Thunder Junction,94,normal,common,1,93274,980b0b68-7218-49c6-b6bf-022218f3abf4,0.07,false,false,near_mint,en,EUR,InFeRMuS
c /u fodder,binder,Consuming Ashes,OTJ,Outlaws of Thunder Junction,83,normal,common,1,93165,54f96be9-60fc-4e2f-9172-4cc53c9a095a,0.07,false,false,near_mint,en,EUR,InFeRMuS
c /u fodder,binder,Broodrage Mycoid,LCI,The Lost Caverns of Ixalan,95,normal,common,1,88247,08318a16-a9ed-42c8-9433-876b7a72e368,0.02,false,false,near_mint,en,EUR,InFeRMuS
c /u fodder,binder,Another Chance,LCI,The Lost Caverns of Ixalan,90,normal,common,1,88330,20d9eb9f-2fcc-49f0-99c1-bad748239466,0.02,false,false,near_mint,en,EUR,InFeRMuS
c /u fodder,binder,Fungal Fortitude,LCI,The Lost Caverns of Ixalan,106,normal,common,1,88738,9d2bd0ca-521c-45d9-85ed-2f36f583408e,0.09,false,false,near_mint,en,EUR,InFeRMuS
c /u fodder,binder,Join the Dead,LCI,The Lost Caverns of Ixalan,110,normal,common,1,88827,b5bf6c25-a7d7-40b6-aa19-f852d348967f,0.05,false,false,near_mint,en,EUR,InFeRMuS
c /u fodder,binder,Screaming Phantom,LCI,The Lost Caverns of Ixalan,118,normal,common,1,88853,bc2f3efb-1526-48c0-842a-374af63ea467,0.03,false,false,near_mint,en,EUR,InFeRMuS
c /u fodder,binder,Ragged Recluse // Odious Witch,VOW,Innistrad: Crimson Vow,127,normal,common,1,64285,7fb728de-0d6e-4b32-b0c4-edd7382d1391,0.02,false,false,near_mint,en,EUR,InFeRMuS
c /u fodder,binder,Bloodcrazed Socialite,VOW,Innistrad: Crimson Vow,288,normal,common,1,64338,9df22639-7e98-43a1-801e-cbf882558c53,0.05,false,false,near_mint,en,EUR,InFeRMuS
c /u fodder,binder,Deathcap Marionette,LCI,The Lost Caverns of Ixalan,100,normal,common,1,88894,ccc9d22c-dfce-4136-aed8-a5fe9bb852f2,0.06,false,false,near_mint,en,EUR,InFeRMuS
c /u fodder,binder,Malicious Eclipse,LCI,The Lost Caverns of Ixalan,111,normal,uncommon,1,88354,2796fffa-8cbf-4ec9-91a8-7b6f39fd50ec,0.11,false,false,near_mint,en,EUR,InFeRMuS
c /u fodder,binder,Deep-Cavern Bat,LCI,The Lost Caverns of Ixalan,102,normal,uncommon,1,88565,69c68c95-b788-43b1-9f22-1b22c5a00b25,0.92,false,false,near_mint,en,EUR,InFeRMuS
c /u fodder,binder,Bloodthorn Flail,LCI,The Lost Caverns of Ixalan,93,normal,uncommon,1,88945,db38babd-57e8-4e59-9701-11a0682baa77,0.09,false,false,near_mint,en,EUR,InFeRMuS
c /u fodder,binder,Rampaging Spiketail,LCI,The Lost Caverns of Ixalan,116,normal,common,1,88794,aad0adcb-80e5-4c6d-bcdd-9e5d18c017b3,0.04,false,false,near_mint,en,EUR,InFeRMuS
c /u fodder,binder,Tithing Blade // Consuming Sepulcher,LCI,The Lost Caverns of Ixalan,128,normal,common,2,88947,dbaa9a2d-e9fd-4746-a26c-f99ae731f024,0.57,false,false,near_mint,en,EUR,InFeRMuS
c /u fodder,binder,Rooftop Assassin,OTJ,Outlaws of Thunder Junction,103,normal,common,3,93391,e4e4311a-8583-4cf0-8126-508dbfbcddb6,0.07,false,false,near_mint,en,EUR,InFeRMuS
c /u fodder,binder,Deep Goblin Skulltaker,LCI,The Lost Caverns of Ixalan,101,normal,common,2,88258,0b24bb7c-6b34-48b6-af94-f312ebdbb759,0.02,false,false,near_mint,en,EUR,InFeRMuS
c /u fodder,binder,Vault Plunderer,OTJ,Outlaws of Thunder Junction,114,normal,common,2,93104,2e6bf35c-8763-47cc-ab2d-5dbabeb28072,0.08,false,false,near_mint,en,EUR,InFeRMuS
c /u fodder,binder,Fake Your Own Death,OTJ,Outlaws of Thunder Junction,87,normal,common,3,93229,79a17ab9-13c9-41d4-a143-82d8caacfd8b,0.07,false,false,near_mint,en,EUR,InFeRMuS
c /u fodder,binder,Overzealous Muscle,OTJ,Outlaws of Thunder Junction,97,normal,common,2,93353,ce57d977-e9c5-4ed1-915f-cdc90a54f8f8,0.03,false,false,near_mint,en,EUR,InFeRMuS
c /u fodder,binder,Spectral Snatcher,DSK,Duskmourn: House of Horror,116,normal,common,3,98982,68f90f57-94a0-4ee1-9383-093e8fca52ea,0.11,false,false,near_mint,en,EUR,InFeRMuS
c /u fodder,binder,Balemurk Leech,DSK,Duskmourn: House of Horror,84,normal,common,2,99016,f0621b32-95c5-4f70-96cf-d46d20efc85d,0.12,false,false,near_mint,en,EUR,InFeRMuS
c /u fodder,binder,Savor,BLB,Bloomburrow,109,normal,common,2,96178,1397f689-dca1-4d35-864b-92c5606afb9a,0.1,false,false,near_mint,en,EUR,InFeRMuS
c /u fodder,binder,Mephitic Draught,LCI,The Lost Caverns of Ixalan,112,normal,common,2,88811,adcae196-dbcc-44d5-b700-c57b0b646483,0.09,false,false,near_mint,en,EUR,InFeRMuS
c /u fodder,binder,Hindering Light,OTP,Breaking News,46,normal,uncommon,1,93243,860f4304-38f1-4c2f-a122-2590619522fd,0.06,false,false,near_mint,en,EUR,InFeRMuS
c /u fodder,binder,Humiliate,OTP,Breaking News,47,normal,uncommon,1,93144,454bb7c2-cb7b-4601-9f50-2d24e3ffe1c1,0.03,false,false,near_mint,en,EUR,InFeRMuS
c /u fodder,binder,Decisive Denial,OTP,Breaking News,42,normal,uncommon,1,93164,54ee0802-62c1-46ac-907e-82ace59fbddb,0.04,false,false,near_mint,en,EUR,InFeRMuS
c /u fodder,binder,Hypothesizzle,OTP,Breaking News,48,normal,uncommon,1,93142,4448d31e-faf4-4281-af48-4f638b939a62,0.04,false,false,near_mint,en,EUR,InFeRMuS
c /u fodder,binder,Buried in the Garden,OTP,Breaking News,38,normal,uncommon,1,93157,507073ca-4f97-4fcb-b570-233f096bf0fd,0.04,false,false,near_mint,en,EUR,InFeRMuS
c /u fodder,binder,Botanical Brawler,MOM,March of the Machine,220,normal,uncommon,1,81162,977c15c9-2aad-4d1d-86a6-1f9d78ad7af6,0.11,false,false,near_mint,en,EUR,InFeRMuS
c /u fodder,binder,Zoyowa Lava-Tongue,LCI,The Lost Caverns of Ixalan,312,normal,uncommon,1,88375,2cfd2cf8-95e4-4df5-a803-66e7c4eb065a,0.13,false,false,near_mint,en,EUR,InFeRMuS
c /u fodder,binder,"Captain Storm, Cosmium Raider",LCI,The Lost Caverns of Ixalan,303,normal,uncommon,1,89035,f5e13dad-e326-4b8e-91c7-dc0d6c3bf51d,0.09,false,false,near_mint,en,EUR,InFeRMuS
c /u fodder,binder,Tyrant's Scorn,OTP,Breaking News,56,normal,uncommon,2,93394,e61f8b36-6ad2-4295-bd1d-7f9e90b23190,0.04,false,false,near_mint,en,EUR,InFeRMuS
c /u fodder,binder,Drag to the Roots,DSK,Duskmourn: House of Horror,213,normal,uncommon,1,98704,46f46095-6479-46b0-9e59-194d83f86a46,0.12,false,false,near_mint,en,EUR,InFeRMuS
c /u fodder,binder,Disturbing Mirth,DSK,Duskmourn: House of Horror,212,normal,uncommon,1,98679,f79b0c5d-6823-439c-a011-8b9bf424bdad,0.13,false,false,near_mint,en,EUR,InFeRMuS
c /u fodder,binder,Beastie Beatdown,DSK,Duskmourn: House of Horror,210,normal,uncommon,1,99176,5f889c95-46af-4fd9-aff2-573d5384fd58,0.13,false,false,near_mint,en,EUR,InFeRMuS
c /u fodder,binder,Broodspinner,DSK,Duskmourn: House of Horror,211,normal,uncommon,1,99011,dcdd2622-ab7a-4990-b026-3667cac42894,0.1,false,false,near_mint,en,EUR,InFeRMuS
c /u fodder,binder,Tempest Angler,BLB,Bloomburrow,235,normal,common,1,95803,850daae4-f0b7-4604-95e7-ad044ec165c3,0.08,false,false,near_mint,en,EUR,InFeRMuS
c /u fodder,binder,Burrowguard Mentor,BLB,Bloomburrow,206,normal,uncommon,1,95945,87138ace-3594-499e-bad5-ec76148613ea,0.1,false,false,near_mint,en,EUR,InFeRMuS
c /u fodder,binder,Cindering Cutthroat,BLB,Bloomburrow,208,normal,common,1,95820,b2ea10dd-21ea-4622-be27-79d03a802b85,0.06,false,false,near_mint,en,EUR,InFeRMuS
c /u fodder,binder,Lilysplash Mentor,BLB,Bloomburrow,222,normal,uncommon,2,95789,64de7b1f-a03e-4407-91f1-e108a2f26735,0.1,false,false,near_mint,en,EUR,InFeRMuS
c /u fodder,binder,Intimidation Campaign,OTJ,Outlaws of Thunder Junction,208,normal,uncommon,1,93172,596fb7a2-bb79-44b7-ad84-414c8139ec13,0.05,false,false,near_mint,en,EUR,InFeRMuS
c /u fodder,binder,Congregation Gryff,OTJ,Outlaws of Thunder Junction,200,normal,uncommon,1,93045,0ef4907a-2fc1-42c5-bffc-3b3f93601fb9,0.05,false,false,near_mint,en,EUR,InFeRMuS
c /u fodder,binder,"Miriam, Herd Whisperer",OTJ,Outlaws of Thunder Junction,221,normal,uncommon,1,93330,bfa7750a-7c32-4413-b762-62e24d992c6b,0.06,false,false,near_mint,en,EUR,InFeRMuS
c /u fodder,binder,"Jem Lightfoote, Sky Explorer",OTJ,Outlaws of Thunder Junction,209,normal,uncommon,1,93385,e24fe6dc-662a-4abc-ad60-a1959b2be006,0.07,false,false,near_mint,en,EUR,InFeRMuS
c /u fodder,binder,Baron Bertram Graywater,OTJ,Outlaws of Thunder Junction,195,normal,uncommon,1,93404,e9da18b4-1efc-44b7-8001-a2cfd44c69bf,0.15,false,false,near_mint,en,EUR,InFeRMuS
c /u fodder,binder,"Kutzil, Malamet Exemplar",LCI,The Lost Caverns of Ixalan,232,normal,uncommon,1,88890,c9f88a40-a6ed-4c1f-a309-011aca1acddd,0.26,false,false,near_mint,en,EUR,InFeRMuS
c /u fodder,binder,"Doc Aurlock, Grizzled Genius",OTJ,Outlaws of Thunder Junction,201,normal,uncommon,2,93209,6fc27b30-8c8e-434c-a72c-e1d409efc1ae,0.16,false,false,near_mint,en,EUR,InFeRMuS
c /u fodder,binder,Junkblade Bruiser,BLB,Bloomburrow,220,normal,common,2,95810,918fd89b-5ab7-4ae2-920c-faca5e9da7b9,0.04,false,false,near_mint,en,EUR,InFeRMuS
c /u fodder,binder,Head of the Homestead,BLB,Bloomburrow,216,normal,common,2,95762,2fc20157-edd3-484d-8864-925c071c0551,0.04,false,false,near_mint,en,EUR,InFeRMuS
c /u fodder,binder,Mind Drill Assailant,BLB,Bloomburrow,225,normal,common,2,95783,507ba708-ca9b-453e-b4c2-23b6650eb5a8,0.04,false,false,near_mint,en,EUR,InFeRMuS
raras no binder,binder,Fugitive Codebreaker,MKM,Murders at Karlov Manor,348,normal,rare,1,90806,3cbb3378-291c-4de6-be98-dd09daa3b828,0.41,false,false,near_mint,en,EUR,InFeRMuS
raras no binder,binder,"Legolas, Master Archer",LTR,The Lord of the Rings: Tales of Middle-earth,313,normal,rare,1,83252,84cea85e-dfcc-438e-8b24-4b2e251b86dc,1.78,false,false,near_mint,en,EUR,InFeRMuS
raras no binder,binder,Galadriel of Lothlórien,LTR,The Lord of the Rings: Tales of Middle-earth,321,normal,rare,1,83382,a971745b-5d5c-46bb-95ca-329b6ee7ed75,0.57,false,false,near_mint,en,EUR,InFeRMuS
raras no binder,binder,"Pippin, Guard of the Citadel",LTR,The Lord of the Rings: Tales of Middle-earth,438,normal,rare,1,83017,3e96ccfa-153c-459e-9e75-f87ff1ed334a,1.84,false,false,near_mint,en,EUR,InFeRMuS
raras no binder,binder,"Sauron, the Necromancer",LTR,The Lord of the Rings: Tales of Middle-earth,106,foil,rare,1,82994,377d65d8-21c8-4292-97db-610e0173ba59,0.72,false,false,near_mint,en,EUR,InFeRMuS
raras no binder,binder,Devouring Sugarmaw // Have for Dinner,WOE,Wilds of Eldraine,288,normal,rare,1,85830,f2848594-1718-43f2-8ccf-34a18a55e4b2,0.17,false,false,near_mint,en,EUR,InFeRMuS
raras no binder,binder,Gandalf the White,LTR,The Lord of the Rings: Tales of Middle-earth,19,normal,mythic,1,83590,e384c20b-d0c1-4781-9d11-e89e5a6bf3fc,4.66,false,false,near_mint,en,EUR,InFeRMuS
raras no binder,binder,"Goldberry, River-Daughter",LTR,The Lord of the Rings: Tales of Middle-earth,52,normal,rare,1,83463,bf4f0a7c-620e-4ed8-8da3-fa6564e8a0cd,0.3,false,false,near_mint,en,EUR,InFeRMuS
raras no binder,binder,The Battle of Bywater,LTR,The Lord of the Rings: Tales of Middle-earth,2,normal,rare,1,83335,9bae7a4d-9117-43c5-a048-80a0ddadc034,0.81,false,false,near_mint,en,EUR,InFeRMuS
raras no binder,binder,The Watcher in the Water,LTR,The Lord of the Rings: Tales of Middle-earth,75,normal,mythic,1,82908,1cb8e8bb-75a0-4b5e-b4b3-5d8f3795032d,1.09,false,false,near_mint,en,EUR,InFeRMuS
raras no binder,binder,"Lotho, Corrupt Shirriff",LTR,The Lord of the Rings: Tales of Middle-earth,213,normal,rare,1,83515,ce01ff8f-a037-484f-9148-c847ffaabc5a,2.81,false,false,near_mint,en,EUR,InFeRMuS
raras no binder,binder,"Sting, the Glinting Dagger",LTR,The Lord of the Rings: Tales of Middle-earth,250,normal,rare,1,83396,afbec7e7-f5b9-407e-bf96-2e088710e791,0.82,false,false,near_mint,en,EUR,InFeRMuS
raras no binder,binder,"Shagrat, Loot Bearer",LTR,The Lord of the Rings: Tales of Middle-earth,228,normal,rare,1,82834,0731f64a-15da-4814-82e9-3a42e1657f36,0.11,false,false,near_mint,en,EUR,InFeRMuS
raras no binder,binder,"Merry, Esquire of Rohan",LTR,The Lord of the Rings: Tales of Middle-earth,215,normal,rare,1,83430,b7c5fe73-1684-4edc-9f9b-976b2246d5ea,0.28,false,false,near_mint,en,EUR,InFeRMuS
raras no binder,binder,"Saradoc, Master of Buckland",LTR,The Lord of the Rings: Tales of Middle-earth,282,normal,rare,1,83372,a65a1fb5-cc2c-4556-b109-05c3d966ded9,0.44,false,false,near_mint,en,EUR,InFeRMuS
raras no binder,binder,Lost Isle Calling,LTR,The Lord of the Rings: Tales of Middle-earth,61,normal,rare,1,83211,7b744230-8127-4d4f-9d40-75e7c2aab77c,0.14,false,false,near_mint,en,EUR,InFeRMuS
raras no binder,binder,"Faramir, Prince of Ithilien",LTR,The Lord of the Rings: Tales of Middle-earth,202,normal,rare,1,83262,8700923a-e9ff-4ced-87fe-1ab26554623a,0.35,false,false,near_mint,en,EUR,InFeRMuS
raras no binder,binder,"Sauron, the Necromancer",LTR,The Lord of the Rings: Tales of Middle-earth,106,normal,rare,1,82994,377d65d8-21c8-4292-97db-610e0173ba59,0.27,false,false,near_mint,en,EUR,InFeRMuS
raras no binder,binder,"Éowyn, Fearless Knight",LTR,The Lord of the Rings: Tales of Middle-earth,201,normal,rare,1,83391,adffb389-c9a3-41c4-b078-292a2bcf870d,0.31,false,false,near_mint,en,EUR,InFeRMuS
raras no binder,binder,Mines of Moria,LTR,The Lord of the Rings: Tales of Middle-earth,257,normal,rare,1,82847,0be723d6-4ada-4c3f-b87b-8ab83a4bbb8f,0.79,false,false,near_mint,en,EUR,InFeRMuS
raras no binder,binder,"Linden, the Steadfast Queen",ELD,Throne of Eldraine,20,normal,rare,2,46318,fa3ab467-be97-4b84-a73d-b03484d06b97,0.29,false,false,near_mint,en,EUR,InFeRMuS
raras no binder,binder,Pyrotechnic Performer,MKM,Murders at Karlov Manor,140,normal,rare,1,90666,0fa5671b-2651-4944-a50a-c768ec70229e,0.21,false,false,near_mint,en,EUR,InFeRMuS
raras no binder,binder,"Aurelia, the Law Above",MKM,Murders at Karlov Manor,188,normal,rare,1,91048,8f80c6e7-e9f9-4ca6-87f7-a52c96079e4a,0.94,false,false,near_mint,en,EUR,InFeRMuS
raras no binder,binder,Cryptex,MKM,Murders at Karlov Manor,251,normal,rare,1,91323,f92a2563-6cfb-4d12-9513-b44d1a7a20ab,0.06,false,false,near_mint,en,EUR,InFeRMuS
raras no binder,binder,Case of the Locked Hothouse,MKM,Murders at Karlov Manor,155,normal,rare,1,90640,0929a1bd-e35c-4ca5-8c8c-dd304cf4b830,3.13,false,false,near_mint,en,EUR,InFeRMuS
raras no binder,binder,Reenact the Crime,MKM,Murders at Karlov Manor,70,normal,rare,1,91230,d942e4ce-f582-4264-89aa-9b4a743e6b29,0.23,false,false,near_mint,en,EUR,InFeRMuS
raras no binder,binder,Mirri the Cursed,TSR,Time Spiral Remastered,125,normal,rare,1,57553,24c1706d-2faa-452b-a192-204386df29f6,0.14,false,false,near_mint,en,EUR,InFeRMuS
non basic lands,binder,Great Hall of the Citadel,LTR,The Lord of the Rings: Tales of Middle-earth,254,normal,common,1,82923,219c7b57-b62b-42d1-85d9-4b57624a3f54,0.13,false,false,near_mint,en,EUR,InFeRMuS
non basic lands,binder,Shire Terrace,LTR,The Lord of the Rings: Tales of Middle-earth,261,normal,common,1,82936,25932483-58cd-4ae5-82bf-ab455177d117,0.12,false,false,near_mint,en,EUR,InFeRMuS
non basic lands,binder,The Grey Havens,LTR,The Lord of the Rings: Tales of Middle-earth,255,normal,uncommon,1,83571,dd698f10-b0fc-42fc-84ec-f5a0d96bfa1d,0.14,false,false,near_mint,en,EUR,InFeRMuS
c /u fodder,binder,Lembas,LTR,The Lord of the Rings: Tales of Middle-earth,243,normal,common,1,83004,3b46aacf-b31a-4380-9e4b-82795fbaba3b,0.55,false,false,near_mint,en,EUR,InFeRMuS
c /u fodder,binder,Stone of Erech,LTR,The Lord of the Rings: Tales of Middle-earth,251,normal,uncommon,1,83452,bc02e193-df33-4eb1-adc1-b51ee931218a,0.24,false,false,near_mint,en,EUR,InFeRMuS
c /u fodder,binder,Barrow-Blade,LTR,The Lord of the Rings: Tales of Middle-earth,237,normal,uncommon,1,83629,f0eb7284-78a5-4b5e-8f6d-6be540e0bef8,0.09,false,false,near_mint,en,EUR,InFeRMuS
c /u fodder,binder,Wizard's Rockets,LTR,The Lord of the Rings: Tales of Middle-earth,252,normal,common,1,82906,1c6ed742-dfb1-41e2-8f19-184555109e34,0.11,false,false,near_mint,en,EUR,InFeRMuS
c /u fodder,binder,Shire Scarecrow,LTR,The Lord of the Rings: Tales of Middle-earth,249,normal,common,1,83421,b60b4f2e-ff47-4762-a803-30e81b665c09,0.08,false,false,near_mint,en,EUR,InFeRMuS
c /u fodder,binder,Magnifying Glass,MKM,Murders at Karlov Manor,255,normal,common,1,91192,c606a71f-8fb0-486b-955f-727ebf436946,0.04,false,false,near_mint,en,EUR,InFeRMuS
c /u fodder,binder,Gravestone Strider,MKM,Murders at Karlov Manor,252,normal,common,1,90704,1f952d8d-c089-432c-822a-8ef1e605ae38,0.04,false,false,near_mint,en,EUR,InFeRMuS
c /u fodder,binder,Sanitation Automaton,MKM,Murders at Karlov Manor,256,normal,common,2,90864,52608ba4-c47d-44e4-b624-dee2a3a42ae2,0.07,false,false,near_mint,en,EUR,InFeRMuS
c /u fodder,binder,Samwise the Stouthearted,LTR,The Lord of the Rings: Tales of Middle-earth,306,normal,uncommon,2,83041,44c6a273-9307-432a-96f5-3e536da70f95,0.1,false,false,near_mint,en,EUR,InFeRMuS
c /u fodder,binder,Lost to Legend,LTR,The Lord of the Rings: Tales of Middle-earth,22,foil,uncommon,1,83480,c4e40481-aeaa-4b3d-a020-e9b6d7c11992,0.09,false,false,near_mint,en,EUR,InFeRMuS
c /u fodder,binder,Tale of Tinúviel,LTR,The Lord of the Rings: Tales of Middle-earth,34,foil,uncommon,1,83330,9ae65f96-7bfd-4390-88bf-764c26bf4668,0.21,false,false,near_mint,en,EUR,InFeRMuS
c /u fodder,binder,Escape from Orthanc,LTR,The Lord of the Rings: Tales of Middle-earth,12,foil,common,1,83644,f4ff3330-dcca-4435-87e7-871be91a68b0,0.15,false,false,near_mint,en,EUR,InFeRMuS
c /u fodder,binder,Makeshift Binding,MKM,Murders at Karlov Manor,290,normal,common,1,91308,f512dafb-3cba-4415-9f26-9345f1935b1e,0.04,false,false,near_mint,en,EUR,InFeRMuS
c /u fodder,binder,Second Breakfast,LTR,The Lord of the Rings: Tales of Middle-earth,29,normal,common,1,82814,002f647a-25f8-461b-8617-52674f5d577c,0.05,false,false,near_mint,en,EUR,InFeRMuS
c /u fodder,binder,Tale of Tinúviel,LTR,The Lord of the Rings: Tales of Middle-earth,34,normal,uncommon,1,83330,9ae65f96-7bfd-4390-88bf-764c26bf4668,0.09,false,false,near_mint,en,EUR,InFeRMuS
c /u fodder,binder,Lost to Legend,LTR,The Lord of the Rings: Tales of Middle-earth,22,normal,uncommon,1,83480,c4e40481-aeaa-4b3d-a020-e9b6d7c11992,0.07,false,false,near_mint,en,EUR,InFeRMuS
c /u fodder,binder,You Cannot Pass!,LTR,The Lord of the Rings: Tales of Middle-earth,38,normal,uncommon,1,82859,116d4030-acd2-4aa2-8254-aaaff1264459,0.03,false,false,near_mint,en,EUR,InFeRMuS
c /u fodder,binder,Dúnedain Blade,LTR,The Lord of the Rings: Tales of Middle-earth,6,normal,common,1,83014,3d5f92bf-e4e7-487a-834c-964fdd6ad674,0.05,false,false,near_mint,en,EUR,InFeRMuS
c /u fodder,binder,Samwise the Stouthearted,LTR,The Lord of the Rings: Tales of Middle-earth,28,normal,uncommon,1,82922,214c270e-29ca-4d69-bea6-9252ae7707ad,0.12,false,false,near_mint,en,EUR,InFeRMuS
c /u fodder,binder,Esquire of the King,LTR,The Lord of the Rings: Tales of Middle-earth,13,normal,common,1,83503,caa6dded-ab08-43d0-b2fb-008854582cba,0.06,false,false,near_mint,en,EUR,InFeRMuS
c /u fodder,binder,Westfold Rider,LTR,The Lord of the Rings: Tales of Middle-earth,37,normal,common,1,83187,71ed2e4b-c732-472a-a589-f1f53086d9ee,0.09,false,false,near_mint,en,EUR,InFeRMuS
c /u fodder,binder,East-Mark Cavalier,LTR,The Lord of the Rings: Tales of Middle-earth,9,normal,common,1,83337,9be412c0-45d4-4856-a8cf-63a5a822dc5c,0.04,false,false,near_mint,en,EUR,InFeRMuS
c /u fodder,binder,Rosie Cotton of South Lane,LTR,The Lord of the Rings: Tales of Middle-earth,27,normal,uncommon,1,83198,75338f49-1f02-4333-87e4-5779ef14e688,0.13,false,false,near_mint,en,EUR,InFeRMuS
c /u fodder,binder,Fog on the Barrow-Downs,LTR,The Lord of the Rings: Tales of Middle-earth,16,normal,common,1,83446,bb0cda3a-20d7-425a-89fe-b0a3cd7ced03,0.04,false,false,near_mint,en,EUR,InFeRMuS
c /u fodder,binder,Banish from Edoras,LTR,The Lord of the Rings: Tales of Middle-earth,1,normal,common,1,83363,a4410076-e1fe-45f3-a0ca-a91ab0133ff4,0.02,false,false,near_mint,en,EUR,InFeRMuS
c /u fodder,binder,Absolving Lammasu,MKM,Murders at Karlov Manor,2,normal,uncommon,1,91163,bd6e71a1-713e-4eca-bd65-9f0638c16794,0.06,false,false,near_mint,en,EUR,InFeRMuS
c /u fodder,binder,Wrench,MKM,Murders at Karlov Manor,37,normal,uncommon,1,91183,c36cc39b-8f3b-4297-b118-86fa624308b4,0.05,false,false,near_mint,en,EUR,InFeRMuS
c /u fodder,binder,Inside Source,MKM,Murders at Karlov Manor,19,normal,common,1,90675,1548d181-3f83-457a-b2d3-eb88cfb2afda,0.07,false,false,near_mint,en,EUR,InFeRMuS
c /u fodder,binder,Makeshift Binding,MKM,Murders at Karlov Manor,23,normal,common,1,91261,e45d2e0c-d70d-40e5-8c3d-db6803393516,0.1,false,false,near_mint,en,EUR,InFeRMuS
c /u fodder,binder,Seasoned Consultant,MKM,Murders at Karlov Manor,33,normal,common,1,91175,c0ebfe5d-8819-495d-bf72-b9c28c6fd23e,0.06,false,false,near_mint,en,EUR,InFeRMuS
c /u fodder,binder,Marketwatch Phantom,MKM,Murders at Karlov Manor,24,normal,common,1,91237,daf6a392-3fc4-45d1-b85d-3b1381b3ab7d,0.02,false,false,near_mint,en,EUR,InFeRMuS
c /u fodder,binder,Due Diligence,MKM,Murders at Karlov Manor,14,normal,common,1,90630,076d9f76-a247-4727-9e0f-a0289c51059e,0.04,false,false,near_mint,en,EUR,InFeRMuS
c /u fodder,binder,Auspicious Arrival,MKM,Murders at Karlov Manor,5,normal,common,1,90862,5180c85c-6add-4066-83c4-27fb1fd4de16,0.07,false,false,near_mint,en,EUR,InFeRMuS
c /u fodder,binder,Defenestrated Phantom,MKM,Murders at Karlov Manor,11,normal,common,1,91037,8b284304-c3bf-4413-9fd3-b44eb4eb642a,0.05,false,false,near_mint,en,EUR,InFeRMuS
c /u fodder,binder,Griffnaut Tracker,MKM,Murders at Karlov Manor,17,normal,common,1,91061,95f5d048-226f-49a4-a2ce-a6fa99aa9e8a,0.04,false,false,near_mint,en,EUR,InFeRMuS
c /u fodder,binder,Gallant Pie-Wielder,WOE,Wilds of Eldraine,15,normal,uncommon,1,85779,e053d330-d0a2-4468-afba-42bf165b8fbf,0.03,false,false,near_mint,en,EUR,InFeRMuS
c /u fodder,binder,Hobbit's Sting,LTR,The Lord of the Rings: Tales of Middle-earth,20,normal,common,1,82820,019eab42-9e0c-4958-ac97-74d3db5580f3,0.11,false,false,near_mint,en,EUR,InFeRMuS
c /u fodder,binder,"Gandalf, Friend of the Shire",LTR,The Lord of the Rings: Tales of Middle-earth,308,normal,uncommon,1,83615,eae80537-f355-4aa3-8952-b08f3d1a1e41,0.12,false,false,near_mint,en,EUR,InFeRMuS
c /u fodder,binder,Knights of Dol Amroth,LTR,The Lord of the Rings: Tales of Middle-earth,432,normal,common,2,82848,0c511371-97d7-47cc-934c-939dfbdd1c0b,0.03,false,false,near_mint,en,EUR,InFeRMuS
c /u fodder,binder,Council's Deliberation,LTR,The Lord of the Rings: Tales of Middle-earth,46,foil,uncommon,1,83142,651503a2-5d1e-408a-9cdc-0cee05ab3ef0,0.21,false,false,near_mint,en,EUR,InFeRMuS
c /u fodder,binder,Soothing of Sméagol,LTR,The Lord of the Rings: Tales of Middle-earth,70,foil,common,1,83459,be6400e8-7f99-4005-9a92-ffbc359d3871,0.23,false,false,near_mint,en,EUR,InFeRMuS
c /u fodder,binder,"Meneldor, Swift Savior",LTR,The Lord of the Rings: Tales of Middle-earth,62,foil,uncommon,1,83131,62d2ee20-abbc-4a9d-8d30-4223242123e8,0.15,false,false,near_mint,en,EUR,InFeRMuS
c /u fodder,binder,"Elrond, Lord of Rivendell",LTR,The Lord of the Rings: Tales of Middle-earth,307,normal,uncommon,1,82968,308465a9-2143-49f2-b9d0-a09272dd1b62,0.08,false,false,near_mint,en,EUR,InFeRMuS
c /u fodder,binder,Jaded Analyst,MKM,Murders at Karlov Manor,62,foil,common,1,90735,2807dcfb-d99c-483b-835f-2606eae4bd30,0.09,false,false,near_mint,en,EUR,InFeRMuS
c /u fodder,binder,Sinuous Benthisaur,LCI,The Lost Caverns of Ixalan,76,foil,uncommon,1,88616,7a58639c-001f-4cb1-89fd-0a0967b86977,0.06,false,false,near_mint,en,EUR,InFeRMuS
c /u fodder,binder,Forensic Researcher,MKM,Murders at Karlov Manor,58,foil,uncommon,1,90670,1384df5d-d705-49cb-a982-1588cbf303d8,0.19,false,false,near_mint,en,EUR,InFeRMuS
c /u fodder,binder,Saruman the White,LTR,The Lord of the Rings: Tales of Middle-earth,67,normal,uncommon,1,82903,1bfccbab-29fa-4e92-8919-6cd4815fb655,0.1,false,false,near_mint,en,EUR,InFeRMuS
c /u fodder,binder,The Bath Song,LTR,The Lord of the Rings: Tales of Middle-earth,40,normal,uncommon,1,83671,fb11c04f-6f17-4da4-bbf6-0bd09de6e544,0.15,false,false,near_mint,en,EUR,InFeRMuS
c /u fodder,binder,Council's Deliberation,LTR,The Lord of the Rings: Tales of Middle-earth,46,normal,uncommon,1,83142,651503a2-5d1e-408a-9cdc-0cee05ab3ef0,0.07,false,false,near_mint,en,EUR,InFeRMuS
c /u fodder,binder,Horses of the Bruinen,LTR,The Lord of the Rings: Tales of Middle-earth,55,normal,uncommon,1,83659,f7725dc2-2654-4ffb-b6b3-510ae64ec6af,0.09,false,false,near_mint,en,EUR,InFeRMuS
c /u fodder,binder,Surrounded by Orcs,LTR,The Lord of the Rings: Tales of Middle-earth,73,normal,common,1,82905,1c50d4c8-2311-4394-b73f-389eb81e898b,0.08,false,false,near_mint,en,EUR,InFeRMuS
c /u fodder,binder,Treason of Isengard,LTR,The Lord of the Rings: Tales of Middle-earth,74,normal,common,1,83188,71f97505-c961-4890-acd0-32a63919ac2a,0.07,false,false,near_mint,en,EUR,InFeRMuS
c /u fodder,binder,Ioreth of the Healing House,LTR,The Lord of the Rings: Tales of Middle-earth,56,normal,uncommon,1,82827,03ab74cd-978a-49eb-9d38-bc8b472b3cef,0.09,false,false,near_mint,en,EUR,InFeRMuS
c /u fodder,binder,Ithilien Kingfisher,LTR,The Lord of the Rings: Tales of Middle-earth,58,normal,common,1,83158,68c29762-6859-4564-9e1d-a87fa63b951a,0.05,false,false,near_mint,en,EUR,InFeRMuS
c /u fodder,binder,"Bill Ferny, Bree Swindler",LTR,The Lord of the Rings: Tales of Middle-earth,42,normal,uncommon,1,82919,20ac63cb-fa4d-4340-8062-1029c8bd5ec8,0.03,false,false,near_mint,en,EUR,InFeRMuS
c /u fodder,binder,Stern Scolding,LTR,The Lord of the Rings: Tales of Middle-earth,71,normal,uncommon,1,83012,3ca1e1de-b916-445f-b3b2-0f4d0cc7ceeb,0.66,false,false,near_mint,en,EUR,InFeRMuS
c /u fodder,binder,Knights of Dol Amroth,LTR,The Lord of the Rings: Tales of Middle-earth,59,normal,common,1,83146,661338ff-a192-4007-a144-63d00f2e9ecb,0.05,false,false,near_mint,en,EUR,InFeRMuS
c /u fodder,binder,Bewitching Leechcraft,LTR,The Lord of the Rings: Tales of Middle-earth,41,normal,common,1,83422,b612452e-b8a8-4a5a-82a8-01fd463cfc77,0.03,false,false,near_mint,en,EUR,InFeRMuS
c /u fodder,binder,Deduce,MKM,Murders at Karlov Manor,52,normal,common,1,90996,7cbb17af-e17e-438a-ad72-0c942e6706b6,0.1,false,false,near_mint,en,EUR,InFeRMuS
c /u fodder,binder,Johann's Stopgap,WOE,Wilds of Eldraine,58,normal,common,1,85337,31408397-36f5-479f-b822-fa97411b7872,0.11,false,false,near_mint,en,EUR,InFeRMuS
c /u fodder,binder,Quick Study,WOE,Wilds of Eldraine,65,normal,common,1,85677,b78e2bca-bc93-464a-8911-8361abff2ac6,0.2,false,false,near_mint,en,EUR,InFeRMuS
c /u fodder,binder,Water Wings,WOE,Wilds of Eldraine,77,normal,common,1,85390,4ea4993c-d1ba-4b33-955b-e0874fd2132f,0.07,false,false,near_mint,en,EUR,InFeRMuS
c /u fodder,binder,Orazca Puzzle-Door,LCI,The Lost Caverns of Ixalan,68,normal,common,1,88356,27acf726-52f5-493d-8678-c12485f67747,0.02,false,false,near_mint,en,EUR,InFeRMuS
c /u fodder,binder,Furtive Courier,MKM,Murders at Karlov Manor,59,normal,uncommon,1,90953,6f359fc2-b9e4-4a01-9d04-442bb160b01e,0.03,false,false,near_mint,en,EUR,InFeRMuS
c /u fodder,binder,Exit Specialist,MKM,Murders at Karlov Manor,55,normal,uncommon,1,90730,268f142d-9fb1-4673-b804-add1f08dacb9,0.16,false,false,near_mint,en,EUR,InFeRMuS
c /u fodder,binder,Bubble Smuggler,MKM,Murders at Karlov Manor,41,normal,common,1,90939,6b863ee0-d9f3-4b1e-993d-5212731d9353,0.06,false,false,near_mint,en,EUR,InFeRMuS
c /u fodder,binder,Projektor Inspector,MKM,Murders at Karlov Manor,68,normal,common,1,91120,ad378843-e2b0-48d6-90dc-b584e857473d,0.07,false,false,near_mint,en,EUR,InFeRMuS
c /u fodder,binder,Burden of Proof,MKM,Murders at Karlov Manor,42,normal,uncommon,1,90855,4ea29c34-4b55-4170-9120-0a8dda61f2eb,0.08,false,false,near_mint,en,EUR,InFeRMuS
c /u fodder,binder,Crimestopper Sprite,MKM,Murders at Karlov Manor,49,normal,common,1,91243,dc4ac597-38f0-48b5-ac2d-dfb0b169f834,0.04,false,false,near_mint,en,EUR,InFeRMuS
c /u fodder,binder,Forensic Researcher,MKM,Murders at Karlov Manor,58,normal,uncommon,1,90670,1384df5d-d705-49cb-a982-1588cbf303d8,0.14,false,false,near_mint,en,EUR,InFeRMuS
c /u fodder,binder,Cold Case Cracker,MKM,Murders at Karlov Manor,46,normal,common,1,91300,f082111b-9b1c-4a25-8c5d-d6ef77533a9b,0.06,false,false,near_mint,en,EUR,InFeRMuS
c /u fodder,binder,"Elrond, Lord of Rivendell",LTR,The Lord of the Rings: Tales of Middle-earth,49,normal,uncommon,2,83369,a62a5e55-fa1b-4c70-9293-740dd513d52e,0.06,false,false,near_mint,en,EUR,InFeRMuS
c /u fodder,binder,"Gandalf, Friend of the Shire",LTR,The Lord of the Rings: Tales of Middle-earth,50,normal,uncommon,2,83510,cc9cfcc7-be64-4871-8d52-851e43fe3305,0.1,false,false,near_mint,en,EUR,InFeRMuS
c /u fodder,binder,Old Flitterfang,WOE,Wilds of Eldraine,316,foil,uncommon,1,85463,67c77d6f-de14-423c-bf55-0fb289171004,0.51,false,false,near_mint,en,EUR,InFeRMuS
c /u fodder,binder,Repeat Offender,MKM,Murders at Karlov Manor,101,foil,common,1,90651,0c2ca1e7-e0de-4d29-a81b-62185ccd295f,0.06,false,false,near_mint,en,EUR,InFeRMuS
c /u fodder,binder,Gollum's Bite,LTR,The Lord of the Rings: Tales of Middle-earth,85,foil,uncommon,1,82900,1b1e790e-ff82-4888-8aee-9986c646241a,0.16,false,false,near_mint,en,EUR,InFeRMuS
c /u fodder,binder,"Grond, the Gatebreaker",LTR,The Lord of the Rings: Tales of Middle-earth,89,foil,uncommon,1,83056,4bc61b28-afdd-4de9-829b-ffe5ca7c7f19,0.2,false,false,near_mint,en,EUR,InFeRMuS
c /u fodder,binder,Dunland Crebain,LTR,The Lord of the Rings: Tales of Middle-earth,411,normal,common,1,83634,f1b90963-2a4c-4e0a-9d00-5d3df258c880,0.07,false,false,near_mint,en,EUR,InFeRMuS
c /u fodder,binder,"Gothmog, Morgul Lieutenant",LTR,The Lord of the Rings: Tales of Middle-earth,429,normal,uncommon,1,83055,4b9af0ce-db08-4ccf-a9f3-b7c1eea14423,0.12,false,false,near_mint,en,EUR,InFeRMuS
c /u fodder,binder,"Gollum, Patient Plotter",LTR,The Lord of the Rings: Tales of Middle-earth,309,normal,uncommon,1,83375,a881aa61-fc7c-4ffb-a129-f75be8b2e498,0.14,false,false,near_mint,en,EUR,InFeRMuS
c /u fodder,binder,Nasty End,LTR,The Lord of the Rings: Tales of Middle-earth,416,normal,common,1,82993,37271b8b-3c58-43aa-b120-f0aa12fb3ad5,0.07,false,false,near_mint,en,EUR,InFeRMuS
c /u fodder,binder,It Doesn't Add Up,MKM,Murders at Karlov Manor,299,normal,uncommon,1,91124,aef279e1-cbce-4766-9d56-02fa6c79d69d,0.08,false,false,near_mint,en,EUR,InFeRMuS
c /u fodder,binder,Mirkwood Bats,LTR,The Lord of the Rings: Tales of Middle-earth,421,normal,common,2,83265,882747f9-b4fe-42be-8fe9-f871cd0779bd,0.2,false,false,near_mint,en,EUR,InFeRMuS
raras no binder,binder,Starving Revenant,LCI,The Lost Caverns of Ixalan,338,normal,rare,1,88429,3e6ff99a-9ecc-4f1b-9c85-e0820f3a5729,0.16,false,false,near_mint,en,EUR,InFeRMuS
c /u fodder,binder,Bitter Downfall,LTR,The Lord of the Rings: Tales of Middle-earth,77,normal,uncommon,1,83593,e4b83aa1-33ce-4b8d-ae5a-72f64eef5f09,0.08,false,false,near_mint,en,EUR,InFeRMuS
c /u fodder,binder,Dunland Crebain,LTR,The Lord of the Rings: Tales of Middle-earth,82,normal,common,1,83160,695c05ab-e46e-46c7-bd2e-ef0b2307e449,0.12,false,false,near_mint,en,EUR,InFeRMuS
c /u fodder,binder,Gríma Wormtongue,LTR,The Lord of the Rings: Tales of Middle-earth,88,normal,uncommon,1,83283,8e3bd86b-e8ca-4885-a823-78fb967e6caf,0.07,false,false,near_mint,en,EUR,InFeRMuS
c /u fodder,binder,Cirith Ungol Patrol,LTR,The Lord of the Rings: Tales of Middle-earth,80,normal,common,1,83215,7cd03837-37cc-4f6c-8e22-e3b0ff635462,0.14,false,false,near_mint,en,EUR,InFeRMuS
c /u fodder,binder,Nasty End,LTR,The Lord of the Rings: Tales of Middle-earth,99,normal,common,1,83477,c34f88d7-15a1-434f-88d7-3d4fcf406d54,0.08,false,false,near_mint,en,EUR,InFeRMuS
c /u fodder,binder,Lash of the Balrog,LTR,The Lord of the Rings: Tales of Middle-earth,92,normal,common,1,83236,812fee97-e145-4458-b495-bc6ad227335b,0.07,false,false,near_mint,en,EUR,InFeRMuS
c /u fodder,binder,Gollum's Bite,LTR,The Lord of the Rings: Tales of Middle-earth,85,normal,uncommon,1,82900,1b1e790e-ff82-4888-8aee-9986c646241a,0.09,false,false,near_mint,en,EUR,InFeRMuS
c /u fodder,binder,Mirkwood Bats,LTR,The Lord of the Rings: Tales of Middle-earth,95,normal,common,1,82881,15f035df-784a-4dc8-b7f5-77139a4e6e99,0.23,false,false,near_mint,en,EUR,InFeRMuS
c /u fodder,binder,Oath of the Grey Host,LTR,The Lord of the Rings: Tales of Middle-earth,101,normal,uncommon,1,83165,6a780abd-f276-40d3-b2af-d2e47d858d3d,0.09,false,false,near_mint,en,EUR,InFeRMuS
c /u fodder,binder,"Gothmog, Morgul Lieutenant",LTR,The Lord of the Rings: Tales of Middle-earth,87,normal,uncommon,1,83353,a1c10e93-88eb-46b9-8adc-583661807990,0.08,false,false,near_mint,en,EUR,InFeRMuS
c /u fodder,binder,March from the Black Gate,LTR,The Lord of the Rings: Tales of Middle-earth,94,normal,uncommon,1,82810,e57815d4-b21f-4ceb-a3f1-73cff5f0e612,0.09,false,false,near_mint,en,EUR,InFeRMuS
c /u fodder,binder,Snarling Warg,LTR,The Lord of the Rings: Tales of Middle-earth,109,normal,common,1,83351,a1ad561c-ccb4-480a-88a4-0555d0ef245e,0.03,false,false,near_mint,en,EUR,InFeRMuS
c /u fodder,binder,"Gollum, Patient Plotter",LTR,The Lord of the Rings: Tales of Middle-earth,84,normal,uncommon,1,83069,4ddda7d4-0226-404f-8418-f1f5720dcef8,0.13,false,false,near_mint,en,EUR,InFeRMuS
c /u fodder,binder,Morgul-Knife Wound,LTR,The Lord of the Rings: Tales of Middle-earth,98,normal,common,1,83102,5ae08177-48ee-4404-834d-d3cd7482ae81,0.16,false,false,near_mint,en,EUR,InFeRMuS
c /u fodder,binder,Agency Coroner,MKM,Murders at Karlov Manor,75,normal,common,1,91223,d63f2c23-e877-42e3-9362-5d003a173c6d,0.02,false,false,near_mint,en,EUR,InFeRMuS
c /u fodder,binder,Sugar Rush,WOE,Wilds of Eldraine,110,normal,common,1,85626,a638c9ba-45d6-4b50-a8ab-ef580a0a5d8e,0.07,false,false,near_mint,en,EUR,InFeRMuS
c /u fodder,binder,Rot Farm Mortipede,MKM,Murders at Karlov Manor,102,normal,common,1,90617,023b0142-663a-47e7-a9f1-0b565a172b60,0.12,false,false,near_mint,en,EUR,InFeRMuS
c /u fodder,binder,Unscrupulous Agent,MKM,Murders at Karlov Manor,109,normal,common,1,90789,37692f9a-3825-43aa-aacb-1bb92cb5bd07,0.03,false,false,near_mint,en,EUR,InFeRMuS
c /u fodder,binder,Long Goodbye,MKM,Murders at Karlov Manor,92,normal,uncommon,1,91184,c3896705-bbd2-4ffb-a590-ee78e0eabdc5,0.5,false,false,near_mint,en,EUR,InFeRMuS
c /u fodder,binder,Slice from the Shadows,MKM,Murders at Karlov Manor,103,normal,common,1,90770,317800b3-6b2d-4de6-8e44-7e54dd623055,0.11,false,false,near_mint,en,EUR,InFeRMuS
c /u fodder,binder,Snarling Gorehound,MKM,Murders at Karlov Manor,105,normal,common,1,91055,93ab3e11-8584-406f-b9ae-9e1df4396cbc,0.11,false,false,near_mint,en,EUR,InFeRMuS
c /u fodder,binder,Slimy Dualleech,MKM,Murders at Karlov Manor,104,normal,uncommon,1,90847,4bc803ad-f8a2-4198-a8a6-8d987b3d00fb,0.06,false,false,near_mint,en,EUR,InFeRMuS
c /u fodder,binder,Basilica Stalker,MKM,Murders at Karlov Manor,78,normal,common,1,91336,fdafea8f-283d-4f19-a74a-669bfbdfed98,0.06,false,false,near_mint,en,EUR,InFeRMuS
c /u fodder,binder,Troll of Khazad-dûm,LTR,The Lord of the Rings: Tales of Middle-earth,111,normal,common,2,83371,a6539e26-b63b-4725-9407-caaf451de084,1.01,false,false,near_mint,en,EUR,InFeRMuS
c /u fodder,binder,"Grond, the Gatebreaker",LTR,The Lord of the Rings: Tales of Middle-earth,89,normal,uncommon,2,83056,4bc61b28-afdd-4de9-829b-ffe5ca7c7f19,0.04,false,false,near_mint,en,EUR,InFeRMuS
c /u fodder,binder,Shelob's Ambush,LTR,The Lord of the Rings: Tales of Middle-earth,108,normal,common,2,82941,25e69fa8-7339-4bfa-8e35-9cbfe0001d8b,0.09,false,false,near_mint,en,EUR,InFeRMuS
c /u fodder,binder,Olog-hai Crusher,LTR,The Lord of the Rings: Tales of Middle-earth,140,foil,common,1,83476,c33bf593-62e0-491a-a31a-328bce6d8735,0.1,false,false,near_mint,en,EUR,InFeRMuS
c /u fodder,binder,"Grishnákh, Brash Instigator",LTR,The Lord of the Rings: Tales of Middle-earth,134,foil,uncommon,1,83136,6385e769-f805-499d-9f47-494533362152,0.17,false,false,near_mint,en,EUR,InFeRMuS
c /u fodder,binder,Foray of Orcs,LTR,The Lord of the Rings: Tales of Middle-earth,417,normal,uncommon,1,83626,ef083f43-4748-42e6-bc22-fc2570db5ca3,0.13,false,false,near_mint,en,EUR,InFeRMuS
c /u fodder,binder,Rising of the Day,LTR,The Lord of the Rings: Tales of Middle-earth,427,normal,uncommon,1,83208,7a06a653-eca1-4fee-add5-45d2594885c3,0.21,false,false,near_mint,en,EUR,InFeRMuS
c /u fodder,binder,"Gimli, Counter of Kills",LTR,The Lord of the Rings: Tales of Middle-earth,312,normal,uncommon,1,83426,b72c5bd1-cca1-4735-b4fc-7a5182fb8cd6,0.08,false,false,near_mint,en,EUR,InFeRMuS
c /u fodder,binder,Oliphaunt,LTR,The Lord of the Rings: Tales of Middle-earth,426,normal,common,1,83667,fa65958a-f601-472e-a9b6-42650b97fa44,0.11,false,false,near_mint,en,EUR,InFeRMuS
c /u fodder,binder,Erebor Flamesmith,LTR,The Lord of the Rings: Tales of Middle-earth,122,normal,common,1,83086,552730c5-e3a6-468f-91b2-82c272dda400,0.13,false,false,near_mint,en,EUR,InFeRMuS
c /u fodder,binder,Warbeast of Gorgoroth,LTR,The Lord of the Rings: Tales of Middle-earth,152,normal,common,1,83112,5eeecb9e-fbde-429b-b3da-18a4dbadf6de,0.04,false,false,near_mint,en,EUR,InFeRMuS
c /u fodder,binder,Swarming of Moria,LTR,The Lord of the Rings: Tales of Middle-earth,150,normal,common,1,82842,0a1bd073-4351-4c56-9b07-4430d0d83084,0.06,false,false,near_mint,en,EUR,InFeRMuS
c /u fodder,binder,Éomer of the Riddermark,LTR,The Lord of the Rings: Tales of Middle-earth,121,normal,uncommon,1,83552,d920fcaf-4988-4186-962d-cdda25d79e7b,0.07,false,false,near_mint,en,EUR,InFeRMuS
c /u fodder,binder,Ranger's Firebrand,LTR,The Lord of the Rings: Tales of Middle-earth,143,normal,uncommon,1,82831,06541200-fa4c-4b98-bdc4-44708fd2ddf6,0.07,false,false,near_mint,en,EUR,InFeRMuS
c /u fodder,binder,Rising of the Day,LTR,The Lord of the Rings: Tales of Middle-earth,145,normal,uncommon,1,83538,d4fbcac6-8ac9-44a8-9d1a-03d0799ac253,0.21,false,false,near_mint,en,EUR,InFeRMuS
c /u fodder,binder,Fiery Inscription,LTR,The Lord of the Rings: Tales of Middle-earth,126,normal,uncommon,1,83276,8c321159-43e5-40fc-9f0c-4ecc4f6cfd20,0.19,false,false,near_mint,en,EUR,InFeRMuS
c /u fodder,binder,Smite the Deathless,LTR,The Lord of the Rings: Tales of Middle-earth,148,normal,common,1,83271,8b716fcc-c4cc-4987-be82-2897a9888d23,0.08,false,false,near_mint,en,EUR,InFeRMuS
c /u fodder,binder,Cast into the Fire,LTR,The Lord of the Rings: Tales of Middle-earth,118,normal,common,1,82962,2ef878cb-27b6-47d8-ad11-bd20529b0e7e,0.74,false,false,near_mint,en,EUR,InFeRMuS
c /u fodder,binder,Improvised Club,LTR,The Lord of the Rings: Tales of Middle-earth,137,normal,common,1,83432,b8397d13-eeaf-4b4e-b3cd-9a9ac231873a,0.07,false,false,near_mint,en,EUR,InFeRMuS
c /u fodder,binder,Oliphaunt,LTR,The Lord of the Rings: Tales of Middle-earth,139,normal,common,1,83161,6989018c-37b1-4282-a4af-9cc97f160b4d,0.12,false,false,near_mint,en,EUR,InFeRMuS
c /u fodder,binder,Expose the Culprit,MKM,Murders at Karlov Manor,124,normal,uncommon,1,90771,31aadd3d-5ce1-44ba-ac6d-b192a9ea491b,0.05,false,false,near_mint,en,EUR,InFeRMuS
c /u fodder,binder,The Chase Is On,MKM,Murders at Karlov Manor,116,normal,common,1,90693,1d54d596-f7aa-4b05-ab13-19b246698c04,0.03,false,false,near_mint,en,EUR,InFeRMuS
c /u fodder,binder,Suspicious Detonation,MKM,Murders at Karlov Manor,145,normal,common,1,90948,6e280482-ed7e-4011-899e-096ff7bd4c41,0.03,false,false,near_mint,en,EUR,InFeRMuS
c /u fodder,binder,Belligerent of the Ball,WOE,Wilds of Eldraine,120,normal,uncommon,1,85460,6658398a-46a5-4f41-9b1b-4a47f2822cf8,0.02,false,false,near_mint,en,EUR,InFeRMuS
c /u fodder,binder,Frantic Firebolt,WOE,Wilds of Eldraine,130,normal,common,1,85820,efd85f5a-258b-4ced-bf9e-3abe7fe72395,0.07,false,false,near_mint,en,EUR,InFeRMuS
c /u fodder,binder,Dreadmaw's Ire,LCI,The Lost Caverns of Ixalan,147,normal,uncommon,1,88239,062e00a1-f1dc-4089-b640-800ab781c590,0.1,false,false,near_mint,en,EUR,InFeRMuS
c /u fodder,binder,Volatile Wanderglyph,LCI,The Lost Caverns of Ixalan,172,normal,common,1,88332,2101921a-d26f-4a00-a0db-1b418f2e6b01,0.05,false,false,near_mint,en,EUR,InFeRMuS
c /u fodder,binder,Concealed Weapon,MKM,Murders at Karlov Manor,117,normal,uncommon,1,90796,38e31fa6-a445-47c6-a73f-135087f6d760,0.02,false,false,near_mint,en,EUR,InFeRMuS
c /u fodder,binder,Rubblebelt Braggart,MKM,Murders at Karlov Manor,143,normal,common,1,91322,f90f8691-210a-4bf0-9fc2-fb2efcf057fb,0.04,false,false,near_mint,en,EUR,InFeRMuS
c /u fodder,binder,Innocent Bystander,MKM,Murders at Karlov Manor,133,normal,common,1,90634,085f4595-4ae5-428e-a934-e918774df6fd,0.02,false,false,near_mint,en,EUR,InFeRMuS
c /u fodder,binder,Shock,MKM,Murders at Karlov Manor,144,normal,common,1,90741,298747bb-eb40-4b58-bb22-4ac2bc1d795c,0.08,false,false,near_mint,en,EUR,InFeRMuS
c /u fodder,binder,Torch the Witness,MKM,Murders at Karlov Manor,146,normal,uncommon,1,90718,22bbf709-d8e9-4e3b-8ec8-206f1b2162b3,0.09,false,false,near_mint,en,EUR,InFeRMuS
c /u fodder,binder,Caught Red-Handed,MKM,Murders at Karlov Manor,115,normal,uncommon,1,91060,95bc5f89-2f01-40c4-9883-4c90ab89fcbb,0.08,false,false,near_mint,en,EUR,InFeRMuS
c /u fodder,binder,Bolrac-Clan Basher,MKM,Murders at Karlov Manor,112,normal,uncommon,1,91151,b87683f7-8a61-4e4a-8b8b-3bf812454096,0.09,false,false,near_mint,en,EUR,InFeRMuS
c /u fodder,binder,Offender at Large,MKM,Murders at Karlov Manor,138,normal,common,1,91301,f096ff4a-85f4-46f1-9478-e8921f21309d,0.02,false,false,near_mint,en,EUR,InFeRMuS
c /u fodder,binder,Knife,MKM,Murders at Karlov Manor,134,normal,uncommon,1,91148,b6883788-e1ee-4ddd-add2-24d6bc367717,0.04,false,false,near_mint,en,EUR,InFeRMuS
c /u fodder,binder,Harried Dronesmith,MKM,Murders at Karlov Manor,131,normal,uncommon,1,90787,36cb25ee-3c84-40a8-ba45-7e44893deecf,0.06,false,false,near_mint,en,EUR,InFeRMuS
c /u fodder,binder,Grabby Giant // That's Mine,WOE,Wilds of Eldraine,133,normal,common,1,85852,fab7646a-61e8-446b-9dba-ac6e0db82f10,0.05,false,false,near_mint,en,EUR,InFeRMuS
c /u fodder,binder,Redcap Thief,WOE,Wilds of Eldraine,147,normal,common,1,85731,cda6bdeb-a0d6-46ca-ba8c-317ee0096416,0.05,false,false,near_mint,en,EUR,InFeRMuS
c /u fodder,binder,Foray of Orcs,LTR,The Lord of the Rings: Tales of Middle-earth,128,normal,uncommon,2,83116,5fea0c66-c776-4dc7-a235-f3822521cacd,0.09,false,false,near_mint,en,EUR,InFeRMuS
c /u fodder,binder,Gimli's Axe,LTR,The Lord of the Rings: Tales of Middle-earth,130,normal,common,2,83550,d8999b6c-e501-48d0-ae51-a35b96f996ec,0.05,false,false,near_mint,en,EUR,InFeRMuS
c /u fodder,binder,"Fear, Fire, Foes!",LTR,The Lord of the Rings: Tales of Middle-earth,125,normal,uncommon,2,82995,37be98a4-0cba-46b4-be93-a9805fe77160,0.16,false,false,near_mint,en,EUR,InFeRMuS
c /u fodder,binder,Battle-Scarred Goblin,LTR,The Lord of the Rings: Tales of Middle-earth,115,normal,common,2,83436,b91859de-1983-4c9c-a9e6-289c7dba1eb4,0.04,false,false,near_mint,en,EUR,InFeRMuS
c /u fodder,binder,Gimli's Fury,LTR,The Lord of the Rings: Tales of Middle-earth,131,normal,common,2,83627,efde011d-8732-49b3-9204-8b114a3d81ba,0.07,false,false,near_mint,en,EUR,InFeRMuS
c /u fodder,binder,"Grishnákh, Brash Instigator",LTR,The Lord of the Rings: Tales of Middle-earth,134,normal,uncommon,2,83136,6385e769-f805-499d-9f47-494533362152,0.04,false,false,near_mint,en,EUR,InFeRMuS
c /u fodder,binder,Goblin Fireleaper,LTR,The Lord of the Rings: Tales of Middle-earth,133,normal,uncommon,2,83620,ec120dae-8c40-4053-9341-1f7774464634,0.03,false,false,near_mint,en,EUR,InFeRMuS
c /u fodder,binder,Granite Witness,MKM,Murders at Karlov Manor,206,foil,common,1,91235,daee9d98-f8c6-4980-8f23-c6c636b69430,0.05,false,false,near_mint,en,EUR,InFeRMuS
c /u fodder,binder,"Itzquinth, Firstborn of Gishath",LCI,The Lost Caverns of Ixalan,331,normal,uncommon,1,88448,44f2aa6b-a092-4348-a24f-5edf46544eb7,0.05,false,false,near_mint,en,EUR,InFeRMuS
c /u fodder,binder,Deadly Complication,MKM,Murders at Karlov Manor,312,normal,uncommon,1,90816,3f1aaebc-105a-4867-9727-24b8d7899e28,0.07,false,false,near_mint,en,EUR,InFeRMuS
c /u fodder,binder,Ringsight,LTR,The Lord of the Rings: Tales of Middle-earth,220,foil,uncommon,1,82992,3700a65c-6f54-4d56-9c6f-8364c45a058c,0.3,false,false,near_mint,en,EUR,InFeRMuS
c /u fodder,binder,Gandalf's Sanction,LTR,The Lord of the Rings: Tales of Middle-earth,208,normal,uncommon,1,83286,8ebf2a25-9bee-4146-af83-f22aab6db2a8,0.08,false,false,near_mint,en,EUR,InFeRMuS
c /u fodder,binder,"Shadowfax, Lord of Horses",LTR,The Lord of the Rings: Tales of Middle-earth,227,normal,uncommon,1,83062,4c7d861d-7832-4c15-8d6c-8c07a9a57891,0.08,false,false,near_mint,en,EUR,InFeRMuS
c /u fodder,binder,Ringsight,LTR,The Lord of the Rings: Tales of Middle-earth,220,normal,uncommon,1,82992,3700a65c-6f54-4d56-9c6f-8364c45a058c,0.17,false,false,near_mint,en,EUR,InFeRMuS
c /u fodder,binder,Gwaihir the Windlord,LTR,The Lord of the Rings: Tales of Middle-earth,210,normal,uncommon,1,82897,1a42c951-1146-4f49-a690-7d385962b191,0.07,false,false,near_mint,en,EUR,InFeRMuS
c /u fodder,binder,Frodo Baggins,LTR,The Lord of the Rings: Tales of Middle-earth,205,normal,uncommon,1,83576,de1c0399-9db8-4901-b72e-0010eb9b92b0,0.08,false,false,near_mint,en,EUR,InFeRMuS
c /u fodder,binder,Arwen Undómiel,LTR,The Lord of the Rings: Tales of Middle-earth,194,normal,uncommon,1,83484,c544e301-13b4-4dec-b65c-d54809bb7736,0.09,false,false,near_mint,en,EUR,InFeRMuS
c /u fodder,binder,"Butterbur, Bree Innkeeper",LTR,The Lord of the Rings: Tales of Middle-earth,197,normal,uncommon,1,83640,f3fd9ff1-278b-4e6a-b30b-90250d8b5762,0.02,false,false,near_mint,en,EUR,InFeRMuS
c /u fodder,binder,Gleaming Geardrake,MKM,Murders at Karlov Manor,205,normal,uncommon,1,91205,cabb5875-42ff-4e3a-a32e-aab392fccff8,0.12,false,false,near_mint,en,EUR,InFeRMuS
c /u fodder,binder,Sanguine Savior,MKM,Murders at Karlov Manor,230,normal,common,1,91073,9cba5503-ba99-43d8-8062-66d905e0d86b,0.07,false,false,near_mint,en,EUR,InFeRMuS
c /u fodder,binder,"Itzquinth, Firstborn of Gishath",LCI,The Lost Caverns of Ixalan,230,normal,uncommon,1,88588,7112c366-b36a-4bc8-aa64-6bad16bebc39,0.11,false,false,near_mint,en,EUR,InFeRMuS
c /u fodder,binder,Faerie Snoop,MKM,Murders at Karlov Manor,203,normal,common,1,90707,20267dab-8898-4b44-8ef4-8a239967662c,0.04,false,false,near_mint,en,EUR,InFeRMuS
c /u fodder,binder,Cease // Desist,MKM,Murders at Karlov Manor,246,normal,uncommon,1,91208,cb59130a-a134-4383-b983-e4b526d11fb4,0.08,false,false,near_mint,en,EUR,InFeRMuS
c /u fodder,binder,Rakish Scoundrel,MKM,Murders at Karlov Manor,225,normal,common,1,90937,6aaa8c6b-7ef7-45db-99c9-4a6e7f177b94,0.09,false,false,near_mint,en,EUR,InFeRMuS
c /u fodder,binder,Wispdrinker Vampire,MKM,Murders at Karlov Manor,243,normal,uncommon,1,91091,a3490c05-d12c-4483-acbc-1b4ae68877f0,0.16,false,false,near_mint,en,EUR,InFeRMuS
c /u fodder,binder,Granite Witness,MKM,Murders at Karlov Manor,206,normal,common,1,91235,daee9d98-f8c6-4980-8f23-c6c636b69430,0.04,false,false,near_mint,en,EUR,InFeRMuS
c /u fodder,binder,Gadget Technician,MKM,Murders at Karlov Manor,204,normal,common,1,90802,3b489a54-ee43-4962-be7b-16e0e28800e0,0.02,false,false,near_mint,en,EUR,InFeRMuS
c /u fodder,binder,"Ash, Party Crasher",WOE,Wilds of Eldraine,201,normal,uncommon,2,85744,d51e6610-25b6-4d8e-92d7-c50a2ff844ff,0.05,false,false,near_mint,en,EUR,InFeRMuS
raras no binder,binder,"Abuelo, Ancestral Echo",LCI,The Lost Caverns of Ixalan,219,normal,rare,1,88433,40eee689-2514-421a-8056-eb7668be66ff,0.21,false,false,near_mint,en,EUR,InFeRMuS
c /u fodder,binder,"Glorfindel, Dauntless Rescuer",LTR,The Lord of the Rings: Tales of Middle-earth,171,foil,uncommon,1,83444,baf7a546-8a8b-4396-ab64-9a5b9abffe79,0.09,false,false,near_mint,en,EUR,InFeRMuS
c /u fodder,binder,Peregrin Took,LTR,The Lord of the Rings: Tales of Middle-earth,315,foil,uncommon,1,83673,fbbdd288-83ec-4be9-b55f-17771fd5ecc4,0.27,false,false,near_mint,en,EUR,InFeRMuS
c /u fodder,binder,Night of the Sweets' Revenge,WOE,Wilds of Eldraine,178,foil,uncommon,1,85310,27f53bed-7075-4303-aa9e-fcca0a266e19,0.57,false,false,near_mint,en,EUR,InFeRMuS
c /u fodder,binder,Tunnel Tipster,MKM,Murders at Karlov Manor,180,foil,common,1,90811,3e29b890-35b9-4e2a-9b4c-9417ca7db31d,0.09,false,false,near_mint,en,EUR,InFeRMuS
c /u fodder,binder,Loxodon Eavesdropper,MKM,Murders at Karlov Manor,168,foil,common,1,91158,bbbf8c3a-6c74-42fd-bb8d-61e3f0a77848,0.3,false,false,near_mint,en,EUR,InFeRMuS
c /u fodder,binder,Many Partings,LTR,The Lord of the Rings: Tales of Middle-earth,176,normal,common,1,83528,d179dbbe-9c79-4dbc-955a-5209a3e2745a,0.12,false,false,near_mint,en,EUR,InFeRMuS
c /u fodder,binder,Mirrormere Guardian,LTR,The Lord of the Rings: Tales of Middle-earth,179,normal,common,1,83244,8315d7cc-fc2c-45b1-8340-11ff2af3beb5,0.05,false,false,near_mint,en,EUR,InFeRMuS
c /u fodder,binder,Bag End Porter,LTR,The Lord of the Rings: Tales of Middle-earth,153,normal,common,1,83427,b7557170-39a2-49df-823e-958c3eb34801,0.05,false,false,near_mint,en,EUR,InFeRMuS
c /u fodder,binder,Ent's Fury,LTR,The Lord of the Rings: Tales of Middle-earth,164,normal,common,1,83494,c7946af6-69ab-47a1-955c-1954a04752df,0.08,false,false,near_mint,en,EUR,InFeRMuS
c /u fodder,binder,Mirkwood Spider,LTR,The Lord of the Rings: Tales of Middle-earth,178,normal,common,1,83388,ad961ba1-c74f-4a44-87fe-b30e2b63e378,0.11,false,false,near_mint,en,EUR,InFeRMuS
c /u fodder,binder,Shortcut to Mushrooms,LTR,The Lord of the Rings: Tales of Middle-earth,187,normal,uncommon,1,82870,13bc14f9-c90c-499d-9024-3182d78e0a88,0.08,false,false,near_mint,en,EUR,InFeRMuS
c /u fodder,binder,Brandywine Farmer,LTR,The Lord of the Rings: Tales of Middle-earth,155,normal,common,1,82904,1c24b5fa-506d-4eaf-881b-bc282c74a16c,0.08,false,false,near_mint,en,EUR,InFeRMuS
c /u fodder,binder,Revive the Shire,LTR,The Lord of the Rings: Tales of Middle-earth,185,normal,common,1,83045,46b7f493-1b57-4b07-8510-30703282f879,0.09,false,false,near_mint,en,EUR,InFeRMuS
c /u fodder,binder,Mushroom Watchdogs,LTR,The Lord of the Rings: Tales of Middle-earth,180,normal,common,1,83526,d15fd66d-fa7e-411d-9014-a56caa879d93,0.04,false,false,near_mint,en,EUR,InFeRMuS
c /u fodder,binder,Generous Ent,LTR,The Lord of the Rings: Tales of Middle-earth,169,normal,common,1,83258,85d22d5d-3875-42ff-b51e-c6e21db201f5,0.54,false,false,near_mint,en,EUR,InFeRMuS
c /u fodder,binder,Shower of Arrows,LTR,The Lord of the Rings: Tales of Middle-earth,188,normal,common,1,83300,92cd3884-18d1-4200-b28e-a52349ef37aa,0.07,false,false,near_mint,en,EUR,InFeRMuS
c /u fodder,binder,Galadhrim Bow,LTR,The Lord of the Rings: Tales of Middle-earth,167,normal,common,1,83340,9df34f21-798f-440d-8b09-ec5b5c0b8c12,0.04,false,false,near_mint,en,EUR,InFeRMuS
c /u fodder,binder,Galadhrim Guide,LTR,The Lord of the Rings: Tales of Middle-earth,168,normal,common,1,83642,f4603f59-f899-4caf-a874-bf234d2045fb,0.06,false,false,near_mint,en,EUR,InFeRMuS
c /u fodder,binder,"Glorfindel, Dauntless Rescuer",LTR,The Lord of the Rings: Tales of Middle-earth,171,normal,uncommon,1,83444,baf7a546-8a8b-4396-ab64-9a5b9abffe79,0.06,false,false,near_mint,en,EUR,InFeRMuS
c /u fodder,binder,Meriadoc Brandybuck,LTR,The Lord of the Rings: Tales of Middle-earth,177,normal,uncommon,1,83266,885a3277-ef10-4dcf-ac63-eb8971cd627c,0.1,false,false,near_mint,en,EUR,InFeRMuS
c /u fodder,binder,Peregrin Took,LTR,The Lord of the Rings: Tales of Middle-earth,181,normal,uncommon,1,83648,f5baee8d-88e7-4468-94a9-66ca8e2caf15,0.16,false,false,near_mint,en,EUR,InFeRMuS
c /u fodder,binder,Pick Your Poison,MKM,Murders at Karlov Manor,170,normal,common,1,91312,f58cfb23-4d99-4133-bf4b-d7e7c7d17cea,1.05,false,false,near_mint,en,EUR,InFeRMuS
c /u fodder,binder,Howling Galefang,WOE,Wilds of Eldraine,175,normal,uncommon,1,85537,86311523-d0eb-4db3-b586-8349de9c2d37,0.08,false,false,near_mint,en,EUR,InFeRMuS
c /u fodder,binder,Colossadactyl,LCI,The Lost Caverns of Ixalan,180,normal,uncommon,1,88660,8702e776-be2c-48a9-9bc5-bb8ea514333b,0.07,false,false,near_mint,en,EUR,InFeRMuS
c /u fodder,binder,Rubblebelt Maverick,MKM,Murders at Karlov Manor,174,normal,common,1,91011,81c7ff67-b9e1-4d2e-b1ae-da9b946da00b,0.08,false,false,near_mint,en,EUR,InFeRMuS
c /u fodder,binder,Topiary Panther,MKM,Murders at Karlov Manor,179,normal,common,1,90623,03d0365e-6dee-4236-a997-6761e3cde90d,0.07,false,false,near_mint,en,EUR,InFeRMuS
c /u fodder,binder,Sample Collector,MKM,Murders at Karlov Manor,175,normal,uncommon,1,90976,76f7480c-82cc-4ddd-b619-c1a609c29a13,0.05,false,false,near_mint,en,EUR,InFeRMuS
c /u fodder,binder,Vengeful Creeper,MKM,Murders at Karlov Manor,182,normal,common,1,90987,7a914416-effd-4eda-b609-2773c53a08ec,0.12,false,false,near_mint,en,EUR,InFeRMuS
c /u fodder,binder,Vitu-Ghazi Inspector,MKM,Murders at Karlov Manor,183,normal,common,1,90927,664d15d7-2724-4a9b-b5a7-8042d4b7da7b,0.04,false,false,near_mint,en,EUR,InFeRMuS
c /u fodder,binder,Slime Against Humanity,MKM,Murders at Karlov Manor,177,normal,common,1,90698,1eb21318-d32e-4724-8908-c0d7613de2f4,0.72,false,false,near_mint,en,EUR,InFeRMuS
c /u fodder,binder,Tunnel Tipster,MKM,Murders at Karlov Manor,180,normal,common,1,90811,3e29b890-35b9-4e2a-9b4c-9417ca7db31d,0.13,false,false,near_mint,en,EUR,InFeRMuS
c /u fodder,binder,Troublemaker Ouphe,WOE,Wilds of Eldraine,194,normal,common,1,85518,7f7b2fc0-d3f6-4c4d-a163-986a372e5b12,0.1,false,false,near_mint,en,EUR,InFeRMuS
c /u fodder,binder,Rootborn Defenses,CLU,Ravnica: Clue Edition,71,normal,common,1,91281,eb3ef4da-27c0-4364-a198-f70bea869d9b,0.16,false,false,near_mint,en,EUR,InFeRMuS
c /u fodder,binder,Heroic Reinforcements,ONC,Phyrexia: All Will Be One Commander,118,normal,uncommon,1,78423,17eae975-b2f1-45e7-8128-da63054f1310,0.03,false,false,near_mint,en,EUR,InFeRMuS
c /u fodder,binder,Quarrel's End,LTR,The Lord of the Rings: Tales of Middle-earth,141,normal,common,1,83101,5a7e61a6-c602-4089-ae45-828d8e516a63,0.06,false,false,near_mint,en,EUR,InFeRMuS
c /u fodder,binder,Gift of Strands,LTR,The Lord of the Rings: Tales of Middle-earth,170,normal,uncommon,2,83277,8c54ee0c-1432-4f20-9a92-2cdfcbab30ac,0.07,false,false,near_mint,en,EUR,InFeRMuS
c /u fodder,binder,Pippin's Bravery,LTR,The Lord of the Rings: Tales of Middle-earth,182,normal,common,2,83453,bc60dc65-6813-4d57-877b-df195ed00d00,0.05,false,false,near_mint,en,EUR,InFeRMuS
non basic lands,binder,Temple of the False God,OTC,Outlaws of Thunder Junction Commander,334,normal,uncommon,1,93938,f55a1775-9672-4f0c-9aab-30ba90f0d1e6,0.08,false,false,near_mint,en,EUR,InFeRMuS
raras no binder,binder,Oltec Matterweaver,PW24,Wizards Play Network 2024,12,foil,mythic,1,93016,63ecaef8-3a3f-4027-9692-9dae6f718aef,0.78,false,false,near_mint,en,EUR,InFeRMuS
raras no binder,binder,Sword of the Animist,CMM,Commander Masters,413,normal,rare,1,84430,64401acc-d080-4763-b67a-95164c11c69e,8.08,false,false,near_mint,en,EUR,InFeRMuS
raras no binder,binder,Elspeth Tirel,ONC,Phyrexia: All Will Be One Commander,64,normal,mythic,1,78563,59dedcb3-6c03-4484-a493-e6f808a33ead,0.58,false,false,near_mint,en,EUR,InFeRMuS
raras no binder,binder,Hour of Reckoning,MOC,March of the Machine Commander,190,normal,rare,1,81933,c0ffb58f-459a-4965-b1d6-a25442baf9c2,0.19,false,false,near_mint,en,EUR,InFeRMuS
raras no binder,binder,Duke Ulder Ravengard,CLB,Commander Legends: Battle for Baldur's Gate,420,normal,rare,1,69394,fd153bb9-6b47-4d27-9928-82b6cc3d6d02,0.2,false,false,near_mint,en,EUR,InFeRMuS
raras no binder,binder,Kemba's Banner,ONC,Phyrexia: All Will Be One Commander,7,normal,rare,1,78575,5e50c148-9f30-4131-8ec1-85e9ba8cafbb,0.23,false,false,near_mint,en,EUR,InFeRMuS
raras no binder,binder,Hexplate Wallbreaker,ONC,Phyrexia: All Will Be One Commander,14,normal,rare,1,78960,f75e6145-79a4-4400-8e0a-c334e4a780fb,0.69,false,false,near_mint,en,EUR,InFeRMuS
raras no binder,binder,Silverwing Squadron,MOC,March of the Machine Commander,207,normal,rare,1,81663,4f674d39-e437-4efb-843b-30b18b567e98,0.24,false,false,near_mint,en,EUR,InFeRMuS
raras no binder,binder,Touch the Spirit Realm,GDY,Game Day Promos,4,normal,rare,1,71073,5d02afc8-0192-4e7d-9d10-60a4434ed8db,0.76,false,false,near_mint,en,EUR,InFeRMuS
raras no binder,binder,Emeria Angel,MOC,March of the Machine Commander,183,normal,rare,1,81681,563bf277-5bb1-4df7-bebb-d6d7dbec1cf6,0.15,false,false,near_mint,en,EUR,InFeRMuS
raras no binder,binder,Keeper of the Accord,MKC,Murders at Karlov Manor Commander,70,normal,rare,1,90252,08788504-17b9-47b1-b928-f395d0057eed,0.38,false,false,near_mint,en,EUR,InFeRMuS
raras no binder,binder,Court of Grace,ONC,Phyrexia: All Will Be One Commander,62,normal,rare,1,78915,e4e3e867-95e7-47bc-95c4-77c686ddf82a,0.76,false,false,near_mint,en,EUR,InFeRMuS
raras no binder,binder,Crescendo of War,CMD,Commander 2011,12,normal,rare,1,19602,ab4e8458-58b1-4218-9923-7f1aa393ff7d,1.78,false,false,near_mint,en,EUR,InFeRMuS
c /u fodder,binder,Druid of the Spade,BLB,Bloomburrow,170,foil,common,1,96054,6b485cf7-bad0-4824-9ba7-cb112ce4769f,0.07,false,false,near_mint,en,EUR,InFeRMuS
c /u fodder,binder,Gila Courser,OTJ,Outlaws of Thunder Junction,124,foil,uncommon,1,93425,f568803d-65c0-48d7-916f-671267a9e00e,0.15,false,false,near_mint,en,EUR,InFeRMuS
c /u fodder,binder,Sterling Keykeeper,OTJ,Outlaws of Thunder Junction,32,foil,common,1,93026,019d539f-04c2-43f1-8677-6d6fbb0e94f7,0.04,false,false,near_mint,en,EUR,InFeRMuS
c /u fodder,binder,Run Away Together,BLB,Bloomburrow,67,normal,common,1,95799,7cb7ec70-a5a4-4188-ba1a-e88b81bdbad0,0.04,false,false,near_mint,en,EUR,InFeRMuS
c /u fodder,binder,Splash Portal,BLB,Bloomburrow,74,normal,uncommon,1,95958,adbaa356-28ba-487f-930a-a957d9960ab0,0.2,false,false,near_mint,en,EUR,InFeRMuS
c /u fodder,binder,Make Your Own Luck,OTJ,Outlaws of Thunder Junction,218,normal,uncommon,1,93032,0557b0a3-2b48-408f-a508-9f4da2ab1cd1,0.1,false,false,near_mint,en,EUR,InFeRMuS
raras no binder,binder,Heirloom Blade,PW24,Wizards Play Network 2024,16,normal,rare,1,95868,95fefd86-6c31-4666-a446-fff434cdc6db,0.07,false,false,near_mint,en,EUR,InFeRMuS
raras no binder,binder,Scholar of the Lost Trove,JMP,Jumpstart,496,foil,rare,1,51797,390a53e5-2392-403d-9105-338e0c8320a2,0.32,false,false,near_mint,en,EUR,InFeRMuS
raras no binder,binder,Scavenging Ooze,PLG21,Love Your LGS 2021,5,foil,rare,1,59999,5b2198b7-ba8f-4097-89c9-d6644feb70bd,0.39,false,false,near_mint,en,EUR,InFeRMuS
c /u fodder,binder,Evolution Witness,MH3,Modern Horizons 3,424,normal,common,1,94438,4b4ecfa6-5e38-4c0a-91e2-f93cb492f374,0.22,false,false,near_mint,en,EUR,InFeRMuS
c /u fodder,binder,Elvish Visionary,LTC,Tales of Middle-earth Commander,240,normal,common,1,83433,b83c5d22-914b-430a-948f-f076b14c5cff,0.13,false,false,near_mint,en,EUR,InFeRMuS
c /u fodder,binder,Fanged Flames,MH3,Modern Horizons 3,118,normal,common,1,94898,fcfac301-55db-49a7-9a0d-918c907703da,0.15,false,false,near_mint,en,EUR,InFeRMuS
c /u fodder,binder,Rakdos Guildmage,RVR,Ravnica Remastered,214,normal,uncommon,1,89996,fb3271d0-4788-4ecc-abf7-95a1e8106d0c,0.07,false,false,near_mint,en,EUR,InFeRMuS
c /u fodder,binder,Footlight Fiend,CLU,Ravnica: Clue Edition,191,normal,common,1,90966,73083658-5e25-4d06-acba-ce8f771b5e52,0.21,false,false,near_mint,en,EUR,InFeRMuS
raras no binder,binder,"Magda, the Hoardmaster",OTJ,Outlaws of Thunder Junction,374,foil,rare,1,93097,2834e84e-e932-4052-9dad-2e1c8e76fbbc,0.44,false,false,near_mint,en,EUR,InFeRMuS
raras no binder,binder,Wolfcaller's Howl,CMA,Commander Anthology,169,normal,rare,1,5117,47f3f7bc-1dea-4c84-88b6-a36b23af82ff,1.1,false,false,near_mint,en,EUR,InFeRMuS
raras no binder,binder,Botanical Sanctum,POTJ,Outlaws of Thunder Junction Promos,267p,normal,rare,1,94072,77e04331-2e37-47f8-b18c-0391d4605732,1.61,false,false,near_mint,en,EUR,InFeRMuS
raras no binder,binder,Three Blind Mice,WOE,Wilds of Eldraine,35,normal,rare,1,85251,0d2ba371-854c-4529-b72b-e4a1887e33ab,0.27,false,false,near_mint,en,EUR,InFeRMuS
c /u fodder,binder,Goldnight Commander,ONC,Phyrexia: All Will Be One Commander,72,normal,uncommon,2,78664,81b35a17-e208-4fe6-980f-3f85b44612d7,0.14,false,false,near_mint,en,EUR,InFeRMuS
raras no binder,binder,Harmonious Archon,ONC,Phyrexia: All Will Be One Commander,74,normal,mythic,2,78447,21a2bac8-451f-4af8-a82d-aeae5e28a8be,0.2,false,false,near_mint,en,EUR,InFeRMuS
raras no binder,binder,"Jor Kadeen, the Prevailer",ONC,Phyrexia: All Will Be One Commander,119,normal,rare,2,78802,b849e6a2-bb0b-48c9-8118-51d304275d59,0.17,false,false,near_mint,en,EUR,InFeRMuS
raras no binder,binder,Myr Battlesphere,ONC,Phyrexia: All Will Be One Commander,138,normal,rare,2,78810,bc47978f-de61-446b-a41b-aa101c6bd292,0.18,false,false,near_mint,en,EUR,InFeRMuS
raras no binder,binder,Siege-Gang Commander,ONC,Phyrexia: All Will Be One Commander,103,normal,rare,1,78650,7cc10c19-6ea0-4491-b118-5c5cb9f7b036,0.13,false,false,near_mint,en,EUR,InFeRMuS
raras no binder,binder,Solemn Simulacrum,ONC,Phyrexia: All Will Be One Commander,141,normal,rare,2,78483,30f89aaf-5d39-47e6-8a8e-b1338761580c,0.66,false,false,near_mint,en,EUR,InFeRMuS
raras no binder,binder,Loxodon Warhammer,ONC,Phyrexia: All Will Be One Commander,135,normal,rare,2,78626,728952a5-5f50-4ee6-a1ce-38d7e97023cb,0.27,false,false,near_mint,en,EUR,InFeRMuS
raras no binder,binder,Mace of the Valiant,ONC,Phyrexia: All Will Be One Commander,78,normal,rare,2,78740,a03b88a1-d65b-404d-b41c-90b915023b89,0.17,false,false,near_mint,en,EUR,InFeRMuS
raras no binder,binder,Maul of the Skyclaves,ONC,Phyrexia: All Will Be One Commander,80,normal,rare,2,78890,db3cafd4-04af-4e96-aad9-5ca280bd4ef9,0.15,false,false,near_mint,en,EUR,InFeRMuS
c /u fodder,binder,"Kemba, Kha Regent",CMM,Commander Masters,34,foil,uncommon,1,84945,dacc4290-6a72-4c00-8bdd-e40ae28885a8,0.24,false,false,near_mint,en,EUR,InFeRMuS
c /u fodder,binder,Imodane's Recruiter // Train Troops,WOE,Wilds of Eldraine,229,normal,uncommon,1,85387,4dbaa855-3f8e-42e6-8ec8-5ffbc5c8acf0,0.2,false,false,near_mint,en,EUR,InFeRMuS
c /u fodder,binder,Phantom General,ONC,Phyrexia: All Will Be One Commander,85,normal,uncommon,1,78937,eff5d3da-81d0-4776-9200-928af1b0cf18,0.11,false,false,near_mint,en,EUR,InFeRMuS
c /u fodder,binder,Battle Screech,ONC,Phyrexia: All Will Be One Commander,59,normal,uncommon,1,78675,8577272c-d493-48c3-9a3e-5a6e896da71e,0.11,false,false,near_mint,en,EUR,InFeRMuS
c /u fodder,binder,Hordeling Outburst,ONC,Phyrexia: All Will Be One Commander,100,normal,uncommon,1,78847,c80c53a3-a2de-4e54-a50a-2eabb2ceb67c,0.13,false,false,near_mint,en,EUR,InFeRMuS
c /u fodder,binder,Hate Mirage,ONC,Phyrexia: All Will Be One Commander,99,normal,uncommon,1,78661,80e9aebe-5311-4bc6-bc0f-b8084f805db3,0.2,false,false,near_mint,en,EUR,InFeRMuS
c /u fodder,binder,Cut a Deal,ONC,Phyrexia: All Will Be One Commander,63,normal,uncommon,1,78860,cdfbf95a-44c7-4a3d-9bd9-00330d82fc36,0.23,false,false,near_mint,en,EUR,InFeRMuS
raras no binder,binder,Goldwardens' Gambit,ONC,Phyrexia: All Will Be One Commander,13,normal,rare,1,78393,0cb7f413-f9b9-4b1c-898a-c49c571613f0,0.33,false,false,near_mint,en,EUR,InFeRMuS
raras no binder,binder,Siege-Gang Commander,BLC,Bloomburrow Commander,202,normal,rare,1,96157,0befe0f5-ff7c-441a-9bb2-cbe919be10ad,0.2,false,false,near_mint,en,EUR,InFeRMuS
raras no binder,binder,Vulshok Factory,ONC,Phyrexia: All Will Be One Commander,16,normal,rare,1,78781,b1c40dd7-6839-49ae-9901-443fd5748877,0.2,false,false,near_mint,en,EUR,InFeRMuS
raras no binder,binder,White Sun's Zenith,ONC,Phyrexia: All Will Be One Commander,90,normal,rare,1,78899,df11cf8d-ca63-4c3e-a567-b6a403a81aa7,0.21,false,false,near_mint,en,EUR,InFeRMuS
raras no binder,binder,Assemble the Legion,ONC,Phyrexia: All Will Be One Commander,115,normal,rare,1,78582,61eb1823-429d-4219-9fc3-62a35f58ae31,0.2,false,false,near_mint,en,EUR,InFeRMuS
raras no binder,binder,Bonehoard,ZNC,Zendikar Rising Commander,108,normal,rare,1,55405,6d91ba59-4d52-43aa-b894-16d794a8d006,0.15,false,false,near_mint,en,EUR,InFeRMuS
raras no binder,binder,Chain Reaction,ONC,Phyrexia: All Will Be One Commander,97,normal,rare,1,78678,86ac292c-070e-439f-9c25-f4037cf1edd5,0.25,false,false,near_mint,en,EUR,InFeRMuS
raras no binder,binder,Increasing Devotion,ONC,Phyrexia: All Will Be One Commander,76,normal,rare,1,78515,400bbab4-4ecf-4875-b356-1164d3a29092,0.21,false,false,near_mint,en,EUR,InFeRMuS
raras no binder,binder,Blade of Selves,PCLB,Battle for Baldur's Gate Promos,301s,foil,rare,1,69954,fd0157f5-bde8-4932-aaee-f0e2b19ba4f1,5.05,false,false,near_mint,en,EUR,InFeRMuS
non basic lands,binder,Jagged Barrens,OTJ,Outlaws of Thunder Junction,259,normal,common,1,93178,5d809f5b-d965-4cb1-a9f8-2048f8534373,0.74,false,false,near_mint,en,EUR,InFeRMuS
non basic lands,binder,Bucolic Ranch,OTJ,Outlaws of Thunder Junction,265,normal,uncommon,1,93202,6c4f6b81-53d0-49fb-b404-c2ad67de7493,0.03,false,false,near_mint,en,EUR,InFeRMuS
non basic lands,binder,Creosote Heath,OTJ,Outlaws of Thunder Junction,255,normal,common,1,93339,c5523dac-7aa0-4486-89c8-3b22a1411f26,0.12,false,false,near_mint,en,EUR,InFeRMuS
non basic lands,binder,Festering Gulch,OTJ,Outlaws of Thunder Junction,257,normal,common,1,93148,4ad841eb-da0d-43d4-8b60-efe30922990b,0.15,false,false,near_mint,en,EUR,InFeRMuS
non basic lands,binder,Ash Barrens,LTC,Tales of Middle-earth Commander,295,normal,uncommon,1,83533,d38dade6-1b83-4a7e-a424-f605a3d83de9,0.21,false,false,near_mint,en,EUR,InFeRMuS
non basic lands,binder,Cryptic Spires,2X2,Double Masters 2022,332,normal,common,1,70138,309a6684-ecb3-491c-899a-3aa15a51130b,0.06,false,false,near_mint,en,EUR,InFeRMuS
non basic lands,binder,Branch of Vitu-Ghazi,MKM,Murders at Karlov Manor,258,normal,uncommon,1,90969,73a8169f-b858-47a5-9c76-2e7c50ad4ecd,0.14,false,false,near_mint,en,EUR,InFeRMuS
non basic lands,binder,Mirage Mesa,OTJ,Outlaws of Thunder Junction,262,normal,common,1,93337,c3d2e816-c06d-4c5d-98fe-c350d8cfab27,0.1,false,false,near_mint,en,EUR,InFeRMuS
non basic lands,binder,Abraded Bluffs,OTJ,Outlaws of Thunder Junction,251,normal,common,2,93074,19e96521-b4ce-4a36-a887-200e05ccc804,0.18,false,false,near_mint,en,EUR,InFeRMuS
raras no binder,binder,Kytheon's Irregulars,ORI,Magic Origins,24,normal,rare,8,10918,440f9dbb-6d31-4c03-9c6d-c4910adc5497,0.11,false,false,near_mint,en,EUR,InFeRMuS
raras no binder,binder,Leyline of Sanctity,WOT,Wilds of Eldraine: Enchanting Tales,10,normal,rare,1,85777,dfaae165-add6-491f-9521-60e30accc528,1.01,false,false,near_mint,en,EUR,InFeRMuS
c /u fodder,binder,Raptor Companion,BBD,Battlebond,102,normal,common,1,1891,45385c8e-fff9-46e7-97e8-f946306b5147,0.09,false,false,near_mint,en,EUR,InFeRMuS
c /u fodder,binder,Bulwark Giant,RVR,Ravnica Remastered,11,normal,common,1,89968,ebf3a622-6aad-4d74-8098-ffbf21555956,0.02,false,false,near_mint,en,EUR,InFeRMuS
c /u fodder,binder,Pressure Point,FRF,Fate Reforged,21,normal,common,1,12105,d0027360-736c-4b3e-b2cd-0d821cca587a,0.09,false,false,near_mint,en,EUR,InFeRMuS
c /u fodder,binder,Rush of Battle,KTK,Khans of Tarkir,19,normal,common,1,13379,0d47d8aa-59c8-4e2c-bb48-328ae924dbb3,0.14,false,false,near_mint,en,EUR,InFeRMuS
raras no binder,binder,"Will, Scion of Peace",WOE,Wilds of Eldraine,218,normal,mythic,1,85269,162088ea-5f99-4244-9427-2fdfb2168fc3,0.48,false,false,near_mint,en,EUR,InFeRMuS
raras no binder,binder,"Jace, Wielder of Mysteries",WAR,War of the Spark,54,normal,rare,1,44350,6adb7d73-4482-4930-8497-cffd169b57e2,2.8,false,false,near_mint,en,EUR,InFeRMuS
raras no binder,binder,Doppelgang,MKM,Murders at Karlov Manor,198,normal,rare,1,91089,a2daec58-78ed-4da5-b3b0-b04f12b0acbd,0.49,false,false,near_mint,en,EUR,InFeRMuS
raras no binder,binder,Embercleave,ELD,Throne of Eldraine,120,normal,mythic,1,46218,aaae15dd-11b6-4421-99e9-365c7fe4a5d6,5.41,false,false,near_mint,en,EUR,InFeRMuS
raras no binder,binder,Hornet Queen,MKC,Murders at Karlov Manor Commander,172,normal,rare,1,90443,8f1ef9d6-b3fb-4a8a-af4a-3530a1e61221,0.24,false,false,near_mint,en,EUR,InFeRMuS
raras no binder,binder,Lifecrafter's Bestiary,PW23,Wizards Play Network 2023,2,foil,rare,1,82811,8e10b721-7fb8-4d4b-b1ad-f9eef6e02250,0.81,false,false,near_mint,en,EUR,InFeRMuS
raras no binder,binder,"The Balrog, Durin's Bane",LTR,The Lord of the Rings: Tales of Middle-earth,405,normal,rare,1,83268,88a2d7f8-0055-4d53-8e1e-9810d384cdb8,0.9,false,false,near_mint,en,EUR,InFeRMuS
raras no binder,binder,Basilisk Collar,CLB,Commander Legends: Battle for Baldur's Gate,300,normal,rare,1,69019,52a55efe-a870-4cd7-b22b-37c917065653,1.62,false,false,near_mint,en,EUR,InFeRMuS
raras no binder,binder,Solemn Doomguide,CLB,Commander Legends: Battle for Baldur's Gate,672,normal,rare,1,69630,b467929d-5fc3-4104-8a29-a8157835f274,0.16,false,false,near_mint,en,EUR,InFeRMuS
raras no binder,binder,Tribute to the World Tree,MOM,March of the Machine,211,normal,rare,1,81215,c0cdeaba-fc21-44e6-bf99-aa1ff379401b,6.94,false,false,near_mint,en,EUR,InFeRMuS
raras no binder,binder,Mind Stone,PW21,Wizards Play Network 2021,5,foil,rare,1,61147,174e631f-f024-41fd-8660-7cc8708ee3a2,0.17,false,false,near_mint,en,EUR,InFeRMuS
raras no binder,binder,"Flubs, the Fool",BLC,Bloomburrow Commander,356,foil,mythic,1,95773,41e58eb8-e5b9-4ef6-be1f-00e28cebb998,3.03,false,false,near_mint,en,EUR,InFeRMuS
c /u fodder,binder,Unwanted Remake,DSK,Duskmourn: House of Horror,306,foil,uncommon,1,98664,be897dda-8603-4264-a022-87870f635b40,0.28,false,false,near_mint,en,EUR,InFeRMuS
raras no binder,binder,"Victor, Valgavoth's Seneschal",DSK,Duskmourn: House of Horror,364,foil,rare,1,98697,1db4440e-0107-434d-9d8e-77a11bc0245a,0.48,false,false,near_mint,en,EUR,InFeRMuS
c /u fodder,binder,Rampant Growth,MM2,Modern Masters 2015,157,normal,common,1,11060,07954800-e3b8-4d73-a763-56a64726c384,0.15,false,false,near_mint,en,EUR,InFeRMuS
c /u fodder,binder,Dark Tutelage,WOT,Wilds of Eldraine: Enchanting Tales,28,normal,uncommon,1,85616,a2b11a54-b38c-4e22-8b6d-dfc6c037db0e,0.07,false,false,near_mint,en,EUR,InFeRMuS
c /u fodder,binder,Wolf's Quarry,ELD,Throne of Eldraine,184,normal,common,2,46154,5d21c15f-378e-4abf-992f-9743aa6ab6b8,0.06,false,false,near_mint,en,EUR,InFeRMuS
c /u fodder,binder,Knight of Stromgald,ICE,Ice Age,138,normal,uncommon,1,39671,2b87069b-ebaf-4705-b5da-446932af9b73,0.4,false,false,near_mint,en,EUR,InFeRMuS
c /u fodder,binder,Eldrazi Skyspawner,BFZ,Battle for Zendikar,58,normal,common,1,10293,9c9c1a10-446e-492a-95cc-a459dc6c08a0,0.13,false,false,near_mint,en,EUR,InFeRMuS
c /u fodder,binder,Altar's Reap,DDR,Duel Decks: Nissa vs. Ob Nixilis,37,normal,common,1,7826,118348a1-280b-4e4a-b3be-204662ced5e6,0.15,false,false,near_mint,en,EUR,InFeRMuS
c /u fodder,binder,Vestige of Emrakul,BFZ,Battle for Zendikar,136,normal,common,1,10215,a5d84986-64a1-4bd1-a4f6-3eb147aca357,0.09,false,false,near_mint,en,EUR,InFeRMuS
c /u fodder,binder,Frogmite,MRD,Mirrodin,172,normal,common,2,29873,ff504dcb-2eb8-4b3c-a8b9-29697739b649,0.52,false,false,near_mint,en,EUR,InFeRMuS
c /u fodder,binder,Thwart the Grave,CLB,Commander Legends: Battle for Baldur's Gate,773,normal,uncommon,1,69653,cc339d3b-9c89-4679-bc83-8399d9a864c7,0.12,false,false,near_mint,en,EUR,InFeRMuS
c /u fodder,binder,Taste for Mayhem,RVR,Ravnica Remastered,127,normal,common,1,89954,e3426d58-ff4d-482d-bc78-99b67c55c6d1,0.14,false,false,near_mint,en,EUR,InFeRMuS
c /u fodder,binder,Rampaging Rendhorn,RVR,Ravnica Remastered,154,normal,common,1,89896,c74cb111-0034-43a9-8e3e-79be929b418f,0.03,false,false,near_mint,en,EUR,InFeRMuS
c /u fodder,binder,Whisk Away,FRF,Fate Reforged,57,normal,common,1,12069,5b5d96a9-11dd-44cc-baf1-bab298ae03f0,0.04,false,false,near_mint,en,EUR,InFeRMuS
c /u fodder,binder,Cultivate,LTC,Tales of Middle-earth Commander,236,normal,common,1,82976,3217b813-7c21-473c-b65b-5766b0dc7803,0.48,false,false,near_mint,en,EUR,InFeRMuS
c /u fodder,binder,Malicious Intent,AVR,Avacyn Restored,147,normal,common,1,18131,f1dda42d-55eb-46fc-89da-17cc5bfaa823,0.05,false,false,near_mint,en,EUR,InFeRMuS
c /u fodder,binder,Foray of Orcs,LTR,The Lord of the Rings: Tales of Middle-earth,417,foil,uncommon,1,83626,ef083f43-4748-42e6-bc22-fc2570db5ca3,2.21,false,false,near_mint,en,EUR,InFeRMuS
c /u fodder,binder,Uncanny Speed,AVR,Avacyn Restored,163,normal,common,1,18115,1d7b747e-446a-4c25-9834-0be8476dc22d,0.07,false,false,near_mint,en,EUR,InFeRMuS
c /u fodder,binder,Scalding Devil,AVR,Avacyn Restored,155,normal,common,1,18123,bbe49a97-dac8-4273-b4dc-45cdf8f5a6e0,0.07,false,false,near_mint,en,EUR,InFeRMuS
c /u fodder,binder,Banners Raised,AVR,Avacyn Restored,127,normal,common,1,18151,a7792df3-e2ab-4e60-abee-f24b72807107,0.08,false,false,near_mint,en,EUR,InFeRMuS
c /u fodder,binder,Zombie Ogre,AFR,Adventures in the Forgotten Realms,129,normal,common,1,60451,d4dbed36-190c-4748-b282-409a2fb5d134,0.06,false,false,near_mint,en,EUR,InFeRMuS
c /u fodder,binder,Battle-Rage Blessing,DMU,Dominaria United,80,normal,common,1,71558,7cfc631b-49d1-4f1c-adac-5b07a2ccd06f,0.13,false,false,near_mint,en,EUR,InFeRMuS
c /u fodder,binder,Vito's Inquisitor,LCI,The Lost Caverns of Ixalan,130,normal,common,1,88689,9030048a-b866-4a89-8d4a-aa55411463e4,0.11,false,false,near_mint,en,EUR,InFeRMuS
c /u fodder,binder,Bite Down,DMU,Dominaria United,155,normal,common,1,71257,0eacd3de-b803-4322-8d88-d533761aa748,0.1,false,false,near_mint,en,EUR,InFeRMuS
c /u fodder,binder,Floriferous Vinewall,M3C,Modern Horizons 3 Commander,228,normal,common,1,95022,c3c27704-7886-4cce-ad66-fb94668822c4,0.06,false,false,near_mint,en,EUR,InFeRMuS
c /u fodder,binder,Colossal Growth,DMU,Dominaria United,158,normal,common,1,71794,d9142f35-75f4-44c7-b03c-79c4a2d43c88,0.09,false,false,near_mint,en,EUR,InFeRMuS
c /u fodder,binder,Leaping Master,KTK,Khans of Tarkir,114,normal,common,1,13284,0f786a1d-4703-4bac-abba-632506d2726c,0.03,false,false,near_mint,en,EUR,InFeRMuS
c /u fodder,binder,Kami of Whispered Hopes,MOM,March of the Machine,196,foil,uncommon,1,81087,5c644650-3861-4a78-9e39-a413b073ddac,1.33,false,false,near_mint,en,EUR,InFeRMuS
c /u fodder,binder,"Arabella, Abandoned Doll",DSK,Duskmourn: House of Horror,208,normal,uncommon,1,98943,f683d5a1-b8bf-446f-9fe3-88a4398bf3cf,0.27,false,false,near_mint,en,EUR,InFeRMuS
non basic lands,binder,Peculiar Lighthouse,DSK,Duskmourn: House of Horror,265,normal,common,1,98620,3a6e40c0-e70e-4353-a920-9851cfac71dd,0.07,false,false,near_mint,en,EUR,InFeRMuS
non basic lands,binder,Murky Sewer,DSK,Duskmourn: House of Horror,263,normal,common,2,98632,6098d8be-4e3f-455d-8799-91435bf45a1c,0.09,false,false,near_mint,en,EUR,InFeRMuS
raras no binder,binder,They Came from the Pipes,DSC,Duskmourn: House of Horror Commander,45,normal,rare,1,99156,541fc8eb-dba2-4d2b-9df2-9380c8c37e21,0.02,false,false,near_mint,en,EUR,InFeRMuS
raras no binder,binder,"Zimone, All-Questioning",DSK,Duskmourn: House of Horror,241,normal,rare,1,98639,7722f4f7-fe38-4107-a715-7b27b6a4e341,0.14,false,false,near_mint,en,EUR,InFeRMuS
c /u fodder,binder,Cynical Loner,DSK,Duskmourn: House of Horror,89,normal,uncommon,1,98918,cc93bcb8-778d-491e-877b-e6ad432764cb,0.23,false,false,near_mint,en,EUR,InFeRMuS
c /u fodder,binder,Shardmage's Rescue,DSK,Duskmourn: House of Horror,29,normal,uncommon,1,98731,aed0cafa-d701-4e1f-9773-abcf817c244c,0.26,false,false,near_mint,en,EUR,InFeRMuS
c /u fodder,binder,Trial of Agony,DSK,Duskmourn: House of Horror,159,normal,uncommon,1,98947,fa62f67a-d20f-4d99-b0a2-327634299c9f,0.04,false,false,near_mint,en,EUR,InFeRMuS
c /u fodder,binder,Vile Mutilator,DSK,Duskmourn: House of Horror,122,normal,uncommon,2,98811,383fe040-98bb-40f3-b809-48c429b83f47,0.1,false,false,near_mint,en,EUR,InFeRMuS
c /u fodder,binder,Clockwork Percussionist,DSK,Duskmourn: House of Horror,130,normal,common,1,98695,10986e5a-9fc6-41e2-8352-289328245171,0.15,false,false,near_mint,en,EUR,InFeRMuS
c /u fodder,binder,Unable to Scream,DSK,Duskmourn: House of Horror,78,foil,common,2,98853,7c59e0cd-10a8-4a32-9c0a-a2c6ef1ed9a6,0.3,false,false,near_mint,en,EUR,InFeRMuS
c /u fodder,binder,Possessed Goat,DSK,Duskmourn: House of Horror,25,normal,common,1,99350,cd02b8ff-ff65-4a38-b8fb-f8dd130edbf7,0.02,false,false,near_mint,en,EUR,InFeRMuS
c /u fodder,binder,Unwilling Vessel,DSK,Duskmourn: House of Horror,81,normal,uncommon,1,98631,5d1758ed-fe33-4ead-8c83-e54fabcb4cfe,0.04,false,false,near_mint,en,EUR,InFeRMuS
c /u fodder,binder,Shroudstomper,DSK,Duskmourn: House of Horror,233,normal,uncommon,1,99155,53f746bf-0642-48db-835e-27a7fe369fef,0.06,false,false,near_mint,en,EUR,InFeRMuS
c /u fodder,binder,Surgical Suite // Hospital Room,DSK,Duskmourn: House of Horror,34,normal,uncommon,2,99261,96b2dc14-4477-4444-a9eb-4fa4c02dfbde,0.1,false,false,near_mint,en,EUR,InFeRMuS
c /u fodder,binder,Defiled Crypt // Cadaver Lab,DSK,Duskmourn: House of Horror,91,normal,uncommon,3,99366,d94fb4da-0d3f-4d84-966b-914b84b23289,0.13,false,false,near_mint,en,EUR,InFeRMuS
c /u fodder,binder,Acrobatic Cheerleader,DSK,Duskmourn: House of Horror,1,foil,common,1,98713,6f1a7590-3eee-4803-b192-d4fb771e6a86,0.04,false,false,near_mint,en,EUR,InFeRMuS
c /u fodder,binder,Living Phone,DSK,Duskmourn: House of Horror,20,normal,common,1,99234,8266f93b-f91c-4427-a222-075ceb0be3af,0.05,false,false,near_mint,en,EUR,InFeRMuS
c /u fodder,binder,Midnight Mayhem,DSK,Duskmourn: House of Horror,222,normal,uncommon,2,98822,4fc0b94f-08b3-4fb6-9b09-2f3a215203ca,0.06,false,false,near_mint,en,EUR,InFeRMuS
c /u fodder,binder,Sheltered by Ghosts,DSK,Duskmourn: House of Horror,30,normal,uncommon,2,99103,389f3f7b-be40-4a2d-b5cc-28471a577981,1.48,false,false,near_mint,en,EUR,InFeRMuS
c /u fodder,binder,Patchwork Beastie,DSK,Duskmourn: House of Horror,195,normal,uncommon,2,98721,895de583-36d2-43fd-927f-8876d4302c73,0.14,false,false,near_mint,en,EUR,InFeRMuS
c /u fodder,binder,Fanatic of the Harrowing,DSK,Duskmourn: House of Horror,96,foil,common,1,98699,2a0acb05-91e0-4f7c-b48b-99e1068fad16,0.02,false,false,near_mint,en,EUR,InFeRMuS
c /u fodder,binder,Duskmourn's Domination,DSK,Duskmourn: House of Horror,50,normal,uncommon,1,98959,1d96dbc9-c2fd-42c1-9d55-5c14fa1c1c6f,0.04,false,false,near_mint,en,EUR,InFeRMuS
c /u fodder,binder,Valgavoth's Faithful,DSK,Duskmourn: House of Horror,121,normal,uncommon,1,98726,995194a0-ceb7-48c2-be5d-a208b3971e77,0.08,false,false,near_mint,en,EUR,InFeRMuS
c /u fodder,binder,Fear of Abduction,DSK,Duskmourn: House of Horror,9,normal,uncommon,1,98949,fc9374be-5e4b-4c23-8b6e-94c03d4f5ef1,0.06,false,false,near_mint,en,EUR,InFeRMuS
c /u fodder,binder,Grand Entryway // Elegant Rotunda,DSK,Duskmourn: House of Horror,15,foil,common,1,98938,ef8a8ba7-f955-425d-9a16-816fc48a2a83,0.07,false,false,near_mint,en,EUR,InFeRMuS
c /u fodder,binder,Ripchain Razorkin,DSK,Duskmourn: House of Horror,154,normal,common,2,99402,effad662-3309-434c-addc-4394db1f359c,0.02,false,false,near_mint,en,EUR,InFeRMuS
c /u fodder,binder,Moldering Gym // Weight Room,DSK,Duskmourn: House of Horror,190,normal,common,4,99081,245d5a61-c40c-4039-aea8-3ad61415b8f0,0.08,false,false,near_mint,en,EUR,InFeRMuS
c /u fodder,binder,Twist Reality,DSK,Duskmourn: House of Horror,77,normal,common,2,98834,644714dd-7a0b-4d4b-9a61-8f6e505b1d22,0.06,false,false,near_mint,en,EUR,InFeRMuS
c /u fodder,binder,Final Vengeance,DSK,Duskmourn: House of Horror,99,normal,common,2,98835,648da934-71f6-4945-a08f-09698414417b,0.06,false,false,near_mint,en,EUR,InFeRMuS
raras no binder,binder,Jacked Rabbit,BLC,Bloomburrow Commander,9,normal,rare,1,96226,2c695df6-6bf2-4e6b-8500-e3116137ca27,5.67,false,false,near_mint,en,EUR,InFeRMuS
raras no binder,binder,The Mindskinner,DSK,Duskmourn: House of Horror,66,foil,rare,1,98856,7f1bb4c5-99be-46cc-ad54-7affb5f0144c,0.56,false,false,near_mint,en,EUR,InFeRMuS
raras no binder,binder,Balustrade Wurm,DSK,Duskmourn: House of Horror,319,foil,rare,1,98925,d7944c86-c578-48fa-b222-7fce3f5d301d,0.11,false,false,near_mint,en,EUR,InFeRMuS
raras no binder,binder,The Lord of Pain,DSC,Duskmourn: House of Horror Commander,3,foil,mythic,1,99135,494c244e-dcdc-4169-9743-8a61f58e8763,1.74,false,false,near_mint,en,EUR,InFeRMuS
raras no binder,binder,Leyline of Transformation,DSK,Duskmourn: House of Horror,63,foil,rare,1,98705,4bd941ca-f3d2-44c1-8df3-851362f6b848,0.22,false,false,near_mint,en,EUR,InFeRMuS
raras no binder,binder,Come Back Wrong,DSK,Duskmourn: House of Horror,309,foil,rare,1,95590,0e8761b8-3583-422d-a23c-b3f0915ce15b,0.02,false,false,near_mint,en,EUR,InFeRMuS
raras no binder,binder,Chainsaw,DSK,Duskmourn: House of Horror,128,foil,rare,1,95601,54e0c2cd-fa5f-427d-8e15-6066f002a8e3,0.41,false,false,near_mint,en,EUR,InFeRMuS
raras no binder,binder,Leyline of Mutation,DSK,Duskmourn: House of Horror,188,foil,rare,1,98794,2359b670-41f0-4ec7-8db9-3f87f7577bc3,0.02,false,false,near_mint,en,EUR,InFeRMuS
raras no binder,binder,Unidentified Hovership,DSK,Duskmourn: House of Horror,305,foil,rare,1,99125,426b1aa9-e94f-4654-88c7-9cea52f1bc0a,0.23,false,false,near_mint,en,EUR,InFeRMuS
raras no binder,binder,Crypt Ghast,DSC,Duskmourn: House of Horror Commander,368,foil,mythic,1,98604,060c12ee-65b0-48d3-82d0-fdb5e27097a8,7.35,false,false,near_mint,en,EUR,InFeRMuS
raras no binder,binder,Into the Pit,DSC,Duskmourn: House of Horror Commander,50,normal,rare,1,99099,368be2f2-3d65-40c9-b99c-ec26c568d50c,8.66,false,false,near_mint,en,EUR,InFeRMuS
raras no binder,binder,Dollmaker's Shop // Porcelain Gallery,DSK,Duskmourn: House of Horror,4,normal,mythic,1,98668,c5ee6651-9946-4bae-b21e-6cf28fa77b13,4.28,false,false,near_mint,en,EUR,InFeRMuS
raras no binder,binder,Peer Past the Veil,DSK,Duskmourn: House of Horror,226,normal,rare,1,98649,874eadb6-602e-47dc-8094-82e37ac89c94,0.15,false,false,near_mint,en,EUR,InFeRMuS
raras no binder,binder,Balustrade Wurm,DSK,Duskmourn: House of Horror,319,normal,rare,1,98925,d7944c86-c578-48fa-b222-7fce3f5d301d,0.13,false,false,near_mint,en,EUR,InFeRMuS
raras no binder,binder,Silent Hallcreeper,DSK,Duskmourn: House of Horror,72,normal,rare,1,98892,aac4f0cc-63be-4f08-956e-39839c9735ba,1.42,false,false,near_mint,en,EUR,InFeRMuS
non basic lands,binder,Strangled Cemetery,DSK,Duskmourn: House of Horror,268,normal,common,2,98666,c1ce9250-bdbe-4c77-9243-6db9ffffe69b,0.08,false,false,near_mint,en,EUR,InFeRMuS
non basic lands,binder,Abandoned Campground,DSK,Duskmourn: House of Horror,255,foil,common,1,98675,ee0565f5-ebdb-43f9-bbb4-0485b1968937,0.06,false,false,near_mint,en,EUR,InFeRMuS
c /u fodder,binder,Shepherding Spirits,DSK,Duskmourn: House of Horror,31,foil,common,1,98720,86c02ab1-0fb2-4cb0-a871-bfad406726fc,0.06,false,false,near_mint,en,EUR,InFeRMuS
c /u fodder,binder,Broodspinner,DSK,Duskmourn: House of Horror,211,foil,uncommon,1,99011,dcdd2622-ab7a-4990-b026-3667cac42894,0.12,false,false,near_mint,en,EUR,InFeRMuS
c /u fodder,binder,Underwater Tunnel // Slimy Aquarium,DSK,Duskmourn: House of Horror,79,foil,common,1,99092,2dd69f2d-8c9c-41fc-93ea-48fc7a6d5272,0.11,false,false,near_mint,en,EUR,InFeRMuS
c /u fodder,binder,Turn Inside Out,DSK,Duskmourn: House of Horror,160,foil,common,1,98707,57e2a92c-06d3-4cb5-883d-cba428a7e98e,0.13,false,false,near_mint,en,EUR,InFeRMuS
c /u fodder,binder,Winter's Intervention,DSK,Duskmourn: House of Horror,123,foil,common,1,99302,b33d38fa-bbcf-4bcc-93a8-adbfd9c93faa,0.08,false,false,near_mint,en,EUR,InFeRMuS
c /u fodder,binder,Horrid Vigor,DSK,Duskmourn: House of Horror,184,foil,common,1,99335,c175c998-7b80-4187-bdbc-5b6e0d7eac91,0.15,false,false,near_mint,en,EUR,InFeRMuS
c /u fodder,binder,Fear of Lost Teeth,DSK,Duskmourn: House of Horror,97,foil,common,1,98613,259045fe-f349-4be1-bf29-465d084ed35e,0.08,false,false,near_mint,en,EUR,InFeRMuS
c /u fodder,binder,Possessed Goat,DSK,Duskmourn: House of Horror,25,foil,common,1,99350,cd02b8ff-ff65-4a38-b8fb-f8dd130edbf7,0.1,false,false,near_mint,en,EUR,InFeRMuS
c /u fodder,binder,Ticket Booth // Tunnel of Hate,DSK,Duskmourn: House of Horror,158,foil,common,1,99039,058ffe36-ed2d-4b67-83cd-162db8383a32,0.13,false,false,near_mint,en,EUR,InFeRMuS
c /u fodder,binder,Sawblade Skinripper,DSK,Duskmourn: House of Horror,231,foil,uncommon,1,98917,cbe51964-50d2-49b0-9c3c-81751dcbeade,0.11,false,false,near_mint,en,EUR,InFeRMuS
c /u fodder,binder,Trial of Agony,DSK,Duskmourn: House of Horror,159,foil,uncommon,1,98947,fa62f67a-d20f-4d99-b0a2-327634299c9f,0.07,false,false,near_mint,en,EUR,InFeRMuS
c /u fodder,binder,Vengeful Possession,DSK,Duskmourn: House of Horror,162,foil,uncommon,1,98924,d6918d50-a4c3-40d8-9480-343f14773a69,0.11,false,false,near_mint,en,EUR,InFeRMuS
c /u fodder,binder,Osseous Sticktwister,DSK,Duskmourn: House of Horror,112,foil,uncommon,1,98971,4f43473e-1302-4543-b331-1a86cfbc3ced,0.21,false,false,near_mint,en,EUR,InFeRMuS
c /u fodder,binder,Ragged Playmate,DSK,Duskmourn: House of Horror,150,foil,common,1,98762,000499a4-3f39-4d25-a2a2-b2f014e30754,0.09,false,false,near_mint,en,EUR,InFeRMuS
c /u fodder,binder,Enter the Enigma,DSK,Duskmourn: House of Horror,52,foil,common,1,99008,cf5479c7-9e46-4a57-abe7-8cc670de89e4,0.18,false,false,near_mint,en,EUR,InFeRMuS
c /u fodder,binder,Derelict Attic // Widow's Walk,DSK,Duskmourn: House of Horror,93,foil,common,1,99091,2cae24c1-53f1-4f3f-8795-b634c46a17c4,0.16,false,false,near_mint,en,EUR,InFeRMuS
c /u fodder,binder,Moldering Gym // Weight Room,DSK,Duskmourn: House of Horror,190,foil,common,1,99081,245d5a61-c40c-4039-aea8-3ad61415b8f0,0.13,false,false,near_mint,en,EUR,InFeRMuS
c /u fodder,binder,Live or Die,DSK,Duskmourn: House of Horror,107,foil,uncommon,1,99006,cd81e438-e38f-42a1-b677-202dbcb3837c,0.21,false,false,near_mint,en,EUR,InFeRMuS
c /u fodder,binder,Killer's Mask,DSK,Duskmourn: House of Horror,104,foil,uncommon,1,99407,f1fc02ae-77b8-4e5e-94b4-22ecf7ae40ae,0.06,false,false,near_mint,en,EUR,InFeRMuS
c /u fodder,binder,Vile Mutilator,DSK,Duskmourn: House of Horror,122,foil,uncommon,1,98811,383fe040-98bb-40f3-b809-48c429b83f47,0.19,false,false,near_mint,en,EUR,InFeRMuS
c /u fodder,binder,Insidious Fungus,DSK,Duskmourn: House of Horror,321,foil,uncommon,1,98837,68fadf08-c799-47da-8330-5d0df7b41ca1,0.52,false,false,near_mint,en,EUR,InFeRMuS
c /u fodder,binder,Clammy Prowler,DSK,Duskmourn: House of Horror,45,foil,common,2,98795,237f0b93-f12e-4c5f-a3d7-83e8f20f8493,0.12,false,false,near_mint,en,EUR,InFeRMuS
c /u fodder,binder,Cult Healer,DSK,Duskmourn: House of Horror,2,normal,common,1,98877,9c9b8fbe-8a5e-4b62-b53f-9ead8147bbbb,0.07,false,false,near_mint,en,EUR,InFeRMuS
c /u fodder,binder,Grand Entryway // Elegant Rotunda,DSK,Duskmourn: House of Horror,287,normal,common,1,98840,6ef39d0e-4caa-4808-949f-1d75e160dbc3,0.03,false,false,near_mint,en,EUR,InFeRMuS
c /u fodder,binder,Miasma Demon,DSK,Duskmourn: House of Horror,109,normal,uncommon,1,99196,6d167c00-75ff-4301-855a-8319b89e3689,0.06,false,false,near_mint,en,EUR,InFeRMuS
c /u fodder,binder,Gremlin Tamer,DSK,Duskmourn: House of Horror,215,normal,uncommon,1,98808,3593a222-21c5-4f91-bde1-763ea08071da,0.11,false,false,near_mint,en,EUR,InFeRMuS
c /u fodder,binder,Fear of Being Hunted,DSK,Duskmourn: House of Horror,134,normal,uncommon,1,98881,a0a5e716-68c1-4fa0-aa08-5b08114e08d8,0.11,false,false,near_mint,en,EUR,InFeRMuS
c /u fodder,binder,Scrabbling Skullcrab,DSK,Duskmourn: House of Horror,71,normal,uncommon,1,98665,c1017b8e-e7fa-41de-8eb2-2e4a59db5117,0.08,false,false,near_mint,en,EUR,InFeRMuS
c /u fodder,binder,Clammy Prowler,DSK,Duskmourn: House of Horror,45,normal,common,1,98795,237f0b93-f12e-4c5f-a3d7-83e8f20f8493,0.1,false,false,near_mint,en,EUR,InFeRMuS
c /u fodder,binder,Fanatic of the Harrowing,DSK,Duskmourn: House of Horror,96,normal,common,1,98699,2a0acb05-91e0-4f7c-b48b-99e1068fad16,0.05,false,false,near_mint,en,EUR,InFeRMuS
c /u fodder,binder,Turn Inside Out,DSK,Duskmourn: House of Horror,160,normal,common,1,98707,57e2a92c-06d3-4cb5-883d-cba428a7e98e,0.09,false,false,near_mint,en,EUR,InFeRMuS
c /u fodder,binder,Wildfire Wickerfolk,DSK,Duskmourn: House of Horror,239,normal,uncommon,1,98854,7c7fbc6e-09c6-4f0e-92e2-766aae950b3d,0.11,false,false,near_mint,en,EUR,InFeRMuS
c /u fodder,binder,Shepherding Spirits,DSK,Duskmourn: House of Horror,31,normal,common,1,98720,86c02ab1-0fb2-4cb0-a871-bfad406726fc,0.02,false,false,near_mint,en,EUR,InFeRMuS
c /u fodder,binder,Daggermaw Megalodon,DSK,Duskmourn: House of Horror,48,normal,common,1,98934,e72a38b9-29aa-4804-ab27-4c40321f0bc3,0.04,false,false,near_mint,en,EUR,InFeRMuS
c /u fodder,binder,Manifest Dread,DSK,Duskmourn: House of Horror,189,normal,common,1,98994,a649265b-6c32-49e7-b6cb-6086c40d26e8,0.06,false,false,near_mint,en,EUR,InFeRMuS
c /u fodder,binder,Murder,DSK,Duskmourn: House of Horror,110,normal,common,1,98802,2c249609-9cf7-46f1-b94c-9329add966bb,0.06,false,false,near_mint,en,EUR,InFeRMuS
c /u fodder,binder,Live or Die,DSK,Duskmourn: House of Horror,107,normal,uncommon,1,99006,cd81e438-e38f-42a1-b677-202dbcb3837c,0.13,false,false,near_mint,en,EUR,InFeRMuS
c /u fodder,binder,Cursed Windbreaker,DSK,Duskmourn: House of Horror,47,normal,uncommon,1,98942,f651e216-f9da-4696-8a1d-6d674e9044c0,0.1,false,false,near_mint,en,EUR,InFeRMuS
c /u fodder,binder,Oblivious Bookworm,DSK,Duskmourn: House of Horror,225,normal,uncommon,1,98913,c7b4c50b-fe76-430d-8f96-208f15ca4cd7,0.09,false,false,near_mint,en,EUR,InFeRMuS
c /u fodder,binder,Resurrected Cultist,DSK,Duskmourn: House of Horror,115,normal,common,1,98933,e41bd259-e81f-432a-bebf-4c6534f23db7,0.02,false,false,near_mint,en,EUR,InFeRMuS
c /u fodder,binder,Unsettling Twins,DSK,Duskmourn: House of Horror,38,normal,common,1,98865,85da2e65-4e22-48b6-98ad-6969684d69e1,0.07,false,false,near_mint,en,EUR,InFeRMuS
c /u fodder,binder,Glassworks // Shattered Yard,DSK,Duskmourn: House of Horror,137,normal,common,1,98950,fe32f667-8d9f-4414-913e-256cbc2fbc45,0.11,false,false,near_mint,en,EUR,InFeRMuS
c /u fodder,binder,Popular Egotist,DSK,Duskmourn: House of Horror,114,normal,uncommon,1,98809,35e64605-8edb-4def-9522-765e90d1f0f3,0.1,false,false,near_mint,en,EUR,InFeRMuS
c /u fodder,binder,Intruding Soulrager,DSK,Duskmourn: House of Horror,218,normal,uncommon,1,98898,adffc298-0219-4807-ab05-d94460e767bc,0.05,false,false,near_mint,en,EUR,InFeRMuS
c /u fodder,binder,Glimmer Seeker,DSK,Duskmourn: House of Horror,14,normal,uncommon,1,98646,7f06bbb1-0c7d-4803-9b35-8a2206803eed,0.09,false,false,near_mint,en,EUR,InFeRMuS
c /u fodder,binder,Vengeful Possession,DSK,Duskmourn: House of Horror,162,normal,uncommon,1,98924,d6918d50-a4c3-40d8-9480-343f14773a69,0.13,false,false,near_mint,en,EUR,InFeRMuS
c /u fodder,binder,Diversion Specialist,DSK,Duskmourn: House of Horror,132,normal,uncommon,1,98895,acc9b17c-4210-49f4-a920-b1dc9dfa950f,0.05,false,false,near_mint,en,EUR,InFeRMuS
c /u fodder,binder,Give In to Violence,DSK,Duskmourn: House of Horror,101,normal,common,1,98763,00ac1759-d4cc-41d5-a9b7-a89b80d2190c,0.08,false,false,near_mint,en,EUR,InFeRMuS
c /u fodder,binder,Impossible Inferno,DSK,Duskmourn: House of Horror,140,normal,common,1,98885,a35248f9-9a4e-4758-a4c1-0e0c83e3fd75,0.04,false,false,near_mint,en,EUR,InFeRMuS
raras no binder,binder,Phyrexian Arena,FDN,Foundations,322,normal,rare,1,101328,f0ea5129-7e83-4fb5-8096-2f5ebdc3efe1,4.37,false,false,near_mint,en,EUR,InFeRMuS
raras no binder,binder,Raise the Past,FDN,Foundations,22,normal,rare,1,100641,6c6be129-56da-4fe7-a6bd-6a1d402c09e1,2.36,false,false,near_mint,en,EUR,InFeRMuS
raras no binder,binder,Curator of Destinies,FDN,Foundations,34,normal,rare,1,100908,9ff79da7-c3f7-4541-87a0-503544c699b5,0.23,false,false,near_mint,en,EUR,InFeRMuS
raras no binder,binder,Slagstorm,FDN,Foundations,207,normal,rare,1,100896,9db2e3a9-b90d-44cd-a2bd-eeb7dbe255b0,0.13,false,false,near_mint,en,EUR,InFeRMuS
raras no binder,binder,Nine-Lives Familiar,FDN,Foundations,66,normal,rare,1,95586,988c23f6-59fe-49f9-a9ce-9881dccb7033,0.57,false,false,near_mint,en,EUR,InFeRMuS
raras no binder,binder,Mossborn Hydra,FDN,Foundations,107,normal,rare,1,100661,7054a0d7-396f-40b4-ab24-db591c3b08f0,2.57,false,false,near_mint,en,EUR,InFeRMuS
raras no binder,binder,Solemn Simulacrum,FDN,Foundations,257,normal,rare,1,100514,5383f45e-3da2-40fb-beee-801448bbb60f,0.18,false,false,near_mint,en,EUR,InFeRMuS
raras no binder,binder,"Drakuseth, Maw of Flames",FDN,Foundations,193,normal,rare,1,100092,029b1edb-e1de-4f1c-81df-8d17f4920318,0.22,false,false,near_mint,en,EUR,InFeRMuS
raras no binder,binder,"Arahbo, the First Fang",FDN,Foundations,2,normal,rare,1,100503,524a5d93-26ed-436d-a437-dc9460acce98,2.01,false,false,near_mint,en,EUR,InFeRMuS
raras no binder,binder,Sphinx of Forgotten Lore,FDN,Foundations,51,normal,mythic,1,100998,af6e46b8-62ed-4bca-ba38-a821f225b59f,6.57,false,false,near_mint,en,EUR,InFeRMuS
raras no binder,binder,Archmage of Runes,FDN,Foundations,30,normal,rare,1,100339,334b5018-2da9-49f1-9d09-83d312ecfb02,1.16,false,false,near_mint,en,EUR,InFeRMuS
non basic lands,binder,Scoured Barrens,FDN,Foundations,266,normal,common,1,100277,2632a4b2-9ca6-4b67-9a99-14f52ad3dc41,0.1,false,false,near_mint,en,EUR,InFeRMuS
non basic lands,binder,Secluded Courtyard,FDN,Foundations,267,normal,uncommon,1,101161,d13373d2-139b-48c7-a8c9-828cefc4f150,0.47,false,false,near_mint,en,EUR,InFeRMuS
non basic lands,binder,Thornwood Falls,FDN,Foundations,269,normal,common,1,100424,42799f51-0f8c-444b-974e-dae281a5c697,0.1,false,false,near_mint,en,EUR,InFeRMuS
non basic lands,binder,Evolving Wilds,FDN,Foundations,262,normal,common,1,100376,3a0b9356-5b91-4542-8802-f0f7275238e1,0.08,false,false,near_mint,en,EUR,InFeRMuS
non basic lands,binder,Blossoming Sands,FDN,Foundations,260,normal,common,1,100364,37676ed8-588c-4bca-8065-874b74d84807,0.1,false,false,near_mint,en,EUR,InFeRMuS
non basic lands,binder,Thornwood Falls,FDN,Foundations,269,foil,common,1,100424,42799f51-0f8c-444b-974e-dae281a5c697,0.0,false,false,near_mint,en,EUR,InFeRMuS
non basic lands,binder,Bloodfell Caves,FDN,Foundations,259,normal,common,1,100806,8b90dc92-cb66-41d9-89f9-2b6e3cfc8082,0.1,false,false,near_mint,en,EUR,InFeRMuS
c /u fodder,binder,Beast-Kin Ranger,FDN,Foundations,100,normal,common,1,100082,0102e0be-5783-4825-9489-713b1b1df0b2,0.17,false,false,near_mint,en,EUR,InFeRMuS
c /u fodder,binder,Cathar Commando,FDN,Foundations,139,normal,common,1,100204,19cf024d-edb6-4a79-8676-73f8db0cdf1f,0.13,false,false,near_mint,en,EUR,InFeRMuS
c /u fodder,binder,Strix Lookout,FDN,Foundations,52,normal,common,1,101627,fbd2422e-8e84-4c39-af29-3b4d38baee63,0.06,false,false,near_mint,en,EUR,InFeRMuS
c /u fodder,binder,Stab,FDN,Foundations,71,normal,common,1,101538,6859a5ba-1c1c-4631-bba8-f9900b827178,0.11,false,false,near_mint,en,EUR,InFeRMuS
c /u fodder,binder,Incinerating Blast,FDN,Foundations,90,normal,common,1,101603,d58e20ab-c5ca-4295-884d-78efdaa83243,0.05,false,false,near_mint,en,EUR,InFeRMuS
c /u fodder,binder,Campus Guide,FDN,Foundations,251,normal,common,1,101504,43c59814-3167-4b05-bb85-6c736f3956a4,0.04,false,false,near_mint,en,EUR,InFeRMuS
c /u fodder,binder,Dragon Trainer,FDN,Foundations,84,normal,uncommon,1,100830,91bd75a1-cb54-4e38-9ce1-e8f32a73c6eb,0.14,false,false,near_mint,en,EUR,InFeRMuS
c /u fodder,binder,Needletooth Pack,FDN,Foundations,108,normal,uncommon,1,100868,993c1679-e02b-44f2-b34e-12fd6b5142e9,0.11,false,false,near_mint,en,EUR,InFeRMuS
c /u fodder,binder,Mischievous Pup,FDN,Foundations,144,normal,uncommon,1,100670,7214d984-6400-44d7-bde6-57d96b606e78,0.04,false,false,near_mint,en,EUR,InFeRMuS
c /u fodder,binder,Stromkirk Bloodthief,FDN,Foundations,185,foil,uncommon,1,97176,485d6a5a-2054-47d5-91b8-71ce308ed4dc,0.12,false,false,near_mint,en,EUR,InFeRMuS
c /u fodder,binder,Giant Growth,FDN,Foundations,223,normal,common,1,101073,bd0bf74e-14c1-4428-88d8-2181a080b5d0,0.13,false,false,near_mint,en,EUR,InFeRMuS
c /u fodder,binder,Prideful Parent,FDN,Foundations,21,normal,common,1,97188,b742117a-8a72-43b9-b05d-274829d138a2,0.16,false,false,near_mint,en,EUR,InFeRMuS
c /u fodder,binder,Bake into a Pie,FDN,Foundations,169,normal,common,1,101494,2ab0e660-86a3-4b92-82fa-77dcb5db947d,0.08,false,false,near_mint,en,EUR,InFeRMuS
c /u fodder,binder,Goblin Boarders,FDN,Foundations,87,normal,common,1,101506,4409a063-bf2a-4a49-803e-3ce6bd474353,0.02,false,false,near_mint,en,EUR,InFeRMuS
c /u fodder,binder,Fleeting Distraction,FDN,Foundations,155,normal,common,1,101587,c0b86a7b-4912-43a7-ab89-c3432385baa1,0.17,false,false,near_mint,en,EUR,InFeRMuS
c /u fodder,binder,Cat Collector,FDN,Foundations,4,normal,uncommon,1,100507,526fe356-bff1-4211-9e88-bf913ac76b1d,0.11,false,false,near_mint,en,EUR,InFeRMuS
c /u fodder,binder,Infestation Sage,FDN,Foundations,64,normal,common,1,101601,d40c73de-7a5f-46f2-a70b-449bc8ecfe24,0.13,false,false,near_mint,en,EUR,InFeRMuS
c /u fodder,binder,Elfsworn Giant,FDN,Foundations,103,normal,common,1,100497,5128a5be-ffa6-4998-8488-872d80b24cb2,0.17,false,false,near_mint,en,EUR,InFeRMuS
c /u fodder,binder,Inspiring Paladin,FDN,Foundations,18,normal,common,1,101472,0763be06-25b2-4d6b-ab33-a1af85aeb443,0.22,false,false,near_mint,en,EUR,InFeRMuS
c /u fodder,binder,Elementalist Adept,FDN,Foundations,36,normal,common,1,101605,d9768cc6-8f53-4922-ae32-376a2f32d719,0.13,false,false,near_mint,en,EUR,InFeRMuS
c /u fodder,binder,Soul-Shackled Zombie,FDN,Foundations,70,normal,common,1,101609,deea5690-6eb2-4353-b917-cbbf840e4e71,0.02,false,false,near_mint,en,EUR,InFeRMuS
c /u fodder,binder,Gleaming Barrier,FDN,Foundations,252,normal,common,1,101479,1b49b009-e6f2-494a-9235-f5c25c2d70a9,0.03,false,false,near_mint,en,EUR,InFeRMuS
c /u fodder,binder,Arcane Epiphany,FDN,Foundations,29,normal,uncommon,1,100116,06431793-5dfe-4cbf-990b-4bcc960d1f31,0.12,false,false,near_mint,en,EUR,InFeRMuS
c /u fodder,binder,Vampire Gourmand,FDN,Foundations,74,normal,uncommon,1,100827,917514c0-9cd5-4b97-85b9-c4f753560ad4,0.21,false,false,near_mint,en,EUR,InFeRMuS
c /u fodder,binder,Boltwave,FDN,Foundations,79,normal,uncommon,1,100810,8d1ec351-5e70-4eb2-b590-6bff94ef8178,2.16,false,false,near_mint,en,EUR,InFeRMuS
c /u fodder,binder,Self-Reflection,FDN,Foundations,163,normal,uncommon,1,101247,e1e6abc9-25b2-4d51-b519-2525079eab51,0.11,false,false,near_mint,en,EUR,InFeRMuS
c /u fodder,binder,Treetop Snarespinner,FDN,Foundations,114,foil,common,1,101562,88e68fa3-159d-49a6-8ac6-afc9bd6f1718,0.18,false,false,near_mint,en,EUR,InFeRMuS
c /u fodder,binder,Marauding Blight-Priest,FDN,Foundations,178,normal,common,1,101528,5f70dafc-c638-4ec0-ab5b-62998f752720,0.14,false,false,near_mint,en,EUR,InFeRMuS
c /u fodder,binder,Firebrand Archer,FDN,Foundations,196,normal,common,1,101630,fe0312f1-4c98-4b7f-8a34-0059ea80edef,0.18,false,false,near_mint,en,EUR,InFeRMuS
c /u fodder,binder,Bite Down,FDN,Foundations,212,normal,common,1,101625,f8d70b3b-f6f9-4b3c-ad70-0ce369e812b5,0.06,false,false,near_mint,en,EUR,InFeRMuS
c /u fodder,binder,Helpful Hunter,FDN,Foundations,16,normal,common,1,97172,1b9a0e91-80b5-428f-8f08-931d0631be14,0.13,false,false,near_mint,en,EUR,InFeRMuS
c /u fodder,binder,Lightshell Duo,FDN,Foundations,157,normal,common,1,101063,bb75315c-ea8f-4eb0-899e-c73ef75fc396,0.07,false,false,near_mint,en,EUR,InFeRMuS
c /u fodder,binder,Fanatical Firebrand,FDN,Foundations,195,normal,common,1,101598,d1296316-7781-4e98-95e6-7020648be6a5,0.09,false,false,near_mint,en,EUR,InFeRMuS
c /u fodder,binder,Axgard Cavalry,FDN,Foundations,189,normal,common,1,101631,fe3cc41a-adae-4c9b-b4d3-03f3ca862fed,0.02,false,false,near_mint,en,EUR,InFeRMuS
c /u fodder,binder,Good-Fortune Unicorn,FDN,Foundations,240,normal,uncommon,1,101300,eabbe163-2b15-42e3-89ce-7363e6250d3a,0.24,false,false,near_mint,en,EUR,InFeRMuS
c /u fodder,binder,Meteor Golem,FDN,Foundations,256,normal,uncommon,1,101167,d291ea1e-36bc-46b3-b3ae-084fa0ba69eb,0.19,false,false,near_mint,en,EUR,InFeRMuS
c /u fodder,binder,Reassembling Skeleton,FDN,Foundations,182,normal,uncommon,1,100291,28e84b1b-1c05-4e1b-93b8-9cc2ca73509d,0.16,false,false,near_mint,en,EUR,InFeRMuS
c /u fodder,binder,Refute,FDN,Foundations,313,normal,common,1,100279,26a65d5b-d07e-4ff0-900a-30d509ce0f35,0.58,false,false,near_mint,en,EUR,InFeRMuS
c /u fodder,binder,Thrill of Possibility,FDN,Foundations,210,foil,common,1,101561,882b348c-076b-41d8-b505-063480636669,0.18,false,false,near_mint,en,EUR,InFeRMuS
c /u fodder,binder,Goblin Surprise,FDN,Foundations,200,normal,common,1,101512,527dd5d4-5f72-40bb-8a9d-1f5ac3f81e2e,0.08,false,false,near_mint,en,EUR,InFeRMuS
c /u fodder,binder,Llanowar Elves,FDN,Foundations,227,normal,common,1,95583,6a0b230b-d391-4998-a3f7-7b158a0ec2cd,0.36,false,false,near_mint,en,EUR,InFeRMuS
c /u fodder,binder,Luminous Rebuke,FDN,Foundations,20,normal,common,1,101529,621839e1-2756-4cdc-a25c-5f76ea98dd87,0.05,false,false,near_mint,en,EUR,InFeRMuS
c /u fodder,binder,Think Twice,FDN,Foundations,165,normal,common,1,101202,d88faaa1-eb41-40f7-991c-5c06e1138f3d,0.02,false,false,near_mint,en,EUR,InFeRMuS
c /u fodder,binder,Crypt Feaster,FDN,Foundations,59,normal,common,1,100382,3b072811-998a-4a71-b59c-6afecc0dc4b6,0.17,false,false,near_mint,en,EUR,InFeRMuS
c /u fodder,binder,Pilfer,FDN,Foundations,181,normal,common,1,101564,8c7c88b5-6d09-453b-b9c1-7dcbba8f1080,0.13,false,false,near_mint,en,EUR,InFeRMuS
c /u fodder,binder,Reclamation Sage,FDN,Foundations,231,normal,uncommon,1,100197,1918ea65-ab7f-4d40-97fd-a656c892a2a1,0.09,false,false,near_mint,en,EUR,InFeRMuS
c /u fodder,binder,Sun-Blessed Healer,FDN,Foundations,25,normal,uncommon,1,100332,323d029e-9a88-4188-b3a4-38ef32cffc9f,0.13,false,false,near_mint,en,EUR,InFeRMuS
c /u fodder,binder,Juggernaut,FDN,Foundations,255,normal,uncommon,1,101351,f4468fff-cd6f-428c-b7a0-ff89f5bbea2e,,false,false,near_mint,en,EUR,InFeRMuS
c /u fodder,binder,Bigfin Bouncer,FDN,Foundations,31,foil,common,1,100882,9b1d5b76-b07e-45c6-800d-4cfce085164f,0.16,false,false,near_mint,en,EUR,InFeRMuS
c /u fodder,binder,Hungry Ghoul,FDN,Foundations,62,normal,common,1,100701,790f9433-7565-4f7f-88e8-8af762ea0296,0.11,false,false,near_mint,en,EUR,InFeRMuS
c /u fodder,binder,Crackling Cyclops,FDN,Foundations,83,normal,common,1,101541,6e5b899a-52f7-471b-ad50-4fa6566758fd,0.15,false,false,near_mint,en,EUR,InFeRMuS
c /u fodder,binder,Apothecary Stomper,FDN,Foundations,99,normal,common,1,101537,680b7b0c-0e1b-46ce-9917-9fc6e05aa148,0.05,false,false,near_mint,en,EUR,InFeRMuS
c /u fodder,binder,Refute,FDN,Foundations,48,normal,common,1,100368,38806934-dd9c-4ad4-a59c-a16dce03a14a,0.13,false,false,near_mint,en,EUR,InFeRMuS
c /u fodder,binder,Armasaur Guide,FDN,Foundations,3,normal,common,1,101591,c80fc380-0499-4499-8a60-c43844c02c9b,0.12,false,false,near_mint,en,EUR,InFeRMuS
c /u fodder,binder,Vampire Nighthawk,FDN,Foundations,186,normal,uncommon,1,101474,0a1934ab-3171-4fc6-8033-ad998899ba73,0.45,false,false,near_mint,en,EUR,InFeRMuS
c /u fodder,binder,Slumbering Cerberus,FDN,Foundations,94,normal,uncommon,1,100892,9d06faa8-201d-45db-b398-ad56f7b01848,0.08,false,false,near_mint,en,EUR,InFeRMuS
c /u fodder,binder,Aetherize,FDN,Foundations,151,normal,uncommon,1,100225,1e5530fc-0291-4a17-b048-c5d24e6f51d8,0.18,false,false,near_mint,en,EUR,InFeRMuS
c /u fodder,binder,Claws Out,FDN,Foundations,6,normal,uncommon,1,100429,4396049c-b976-4b7f-8ecd-564e24ebd631,0.09,false,false,near_mint,en,EUR,InFeRMuS
c /u fodder,binder,Campus Guide,FDN,Foundations,251,foil,common,1,101504,43c59814-3167-4b05-bb85-6c736f3956a4,0.0,false,false,near_mint,en,EUR,InFeRMuS
c /u fodder,binder,Bigfin Bouncer,FDN,Foundations,31,normal,common,1,100882,9b1d5b76-b07e-45c6-800d-4cfce085164f,0.09,false,false,near_mint,en,EUR,InFeRMuS
c /u fodder,binder,Gutless Plunderer,FDN,Foundations,60,normal,common,1,101567,909d7778-c7f8-4fa4-89f2-8b32e86e96e4,0.15,false,false,near_mint,en,EUR,InFeRMuS
c /u fodder,binder,Thrill of Possibility,FDN,Foundations,210,normal,common,1,101561,882b348c-076b-41d8-b505-063480636669,0.11,false,false,near_mint,en,EUR,InFeRMuS
c /u fodder,binder,Bushwhack,FDN,Foundations,215,normal,common,1,101469,03ebdb36-55e0-49dd-a514-785fbeb4ae19,0.17,false,false,near_mint,en,EUR,InFeRMuS
c /u fodder,binder,Felidar Savior,FDN,Foundations,12,normal,common,1,97191,cd092b14-d72f-4de0-8f19-1338661b9e3b,0.22,false,false,near_mint,en,EUR,InFeRMuS
c /u fodder,binder,Broken Wings,FDN,Foundations,214,normal,common,1,100584,61f9cbeb-cc9c-4562-be65-8a77053faefe,0.1,false,false,near_mint,en,EUR,InFeRMuS
c /u fodder,binder,Cephalid Inkmage,FDN,Foundations,32,normal,uncommon,1,101040,b7e47680-18c7-4ffb-aac4-c5db6e7095ba,0.07,false,false,near_mint,en,EUR,InFeRMuS
c /u fodder,binder,Seismic Rupture,FDN,Foundations,205,normal,uncommon,1,100268,2519a51a-26a0-4884-9ba8-9db135c9ee49,0.16,false,false,near_mint,en,EUR,InFeRMuS
c /u fodder,binder,Felling Blow,FDN,Foundations,105,foil,uncommon,1,100854,96948ae3-b15d-4d6d-aa73-9f52084cd903,0.19,false,false,near_mint,en,EUR,InFeRMuS
c /u fodder,binder,Burglar Rat,FDN,Foundations,170,normal,common,1,101608,de1c8758-ce3d-49cf-8173-c0eb46f5e7bc,0.14,false,false,near_mint,en,EUR,InFeRMuS
c /u fodder,binder,Cackling Prowler,FDN,Foundations,101,normal,common,1,101481,1bd8e971-c075-4203-8d83-c28f22d4f9b9,0.09,false,false,near_mint,en,EUR,InFeRMuS
c /u fodder,binder,Make Your Move,FDN,Foundations,143,normal,common,1,101546,7368f861-3288-4645-90a7-ca35d6da3721,0.12,false,false,near_mint,en,EUR,InFeRMuS
c /u fodder,binder,Spitfire Lagac,FDN,Foundations,208,normal,common,1,101496,30f600cd-b696-4f49-9cbc-5a33aa43d04c,0.05,false,false,near_mint,en,EUR,InFeRMuS
c /u fodder,binder,Elvish Regrower,FDN,Foundations,104,normal,uncommon,1,100278,2694e3cd-26ed-4a10-ae55-fb84d7800253,0.11,false,false,near_mint,en,EUR,InFeRMuS
c /u fodder,binder,Joust Through,FDN,Foundations,19,normal,uncommon,1,100767,846adb38-f9bb-4fed-b8ed-36ec7885f989,0.14,false,false,near_mint,en,EUR,InFeRMuS
c /u fodder,binder,Burnished Hart,FDN,Foundations,250,normal,uncommon,1,100609,65ebbff0-fbe6-4310-a33f-e00bb2534979,0.25,false,false,near_mint,en,EUR,InFeRMuS
c /u fodder,binder,Seeker's Folly,FDN,Foundations,69,normal,uncommon,1,101067,bc359da6-8b7f-45ec-b530-ce159fc35953,0.18,false,false,near_mint,en,EUR,InFeRMuS
c /u fodder,binder,"Balmor, Battlemage Captain",FDN,Foundations,237,foil,uncommon,1,100142,0b45ab13-9bb6-48af-8b37-d97b25801ac8,0.19,false,false,near_mint,en,EUR,InFeRMuS
c /u fodder,binder,Healer's Hawk,FDN,Foundations,142,normal,common,1,101595,cc8e4563-04bb-46b5-835e-64ba11c0e972,0.05,false,false,near_mint,en,EUR,InFeRMuS
c /u fodder,binder,Treetop Snarespinner,FDN,Foundations,114,normal,common,1,101562,88e68fa3-159d-49a6-8ac6-afc9bd6f1718,0.11,false,false,near_mint,en,EUR,InFeRMuS
c /u fodder,binder,Wary Thespian,FDN,Foundations,235,normal,common,1,101574,a3d62d04-0974-4cb5-9a35-5e996c6456e2,0.1,false,false,near_mint,en,EUR,InFeRMuS
c /u fodder,binder,Arbiter of Woe,FDN,Foundations,55,normal,uncommon,1,101008,b2496c4a-df03-4583-bd76-f98ed5cb61ee,0.04,false,false,near_mint,en,EUR,InFeRMuS
c /u fodder,binder,Abrade,FDN,Foundations,188,normal,uncommon,1,100522,548947dc-a5ca-43b5-9531-bcef20fa4ae5,0.15,false,false,near_mint,en,EUR,InFeRMuS
c /u fodder,binder,Inspiring Call,FDN,Foundations,226,normal,uncommon,1,100400,3e241642-5172-4437-b694-f6aa159d5cd9,0.1,false,false,near_mint,en,EUR,InFeRMuS
c /u fodder,binder,Crackling Cyclops,FDN,Foundations,83,foil,common,1,101541,6e5b899a-52f7-471b-ad50-4fa6566758fd,0.18,false,false,near_mint,en,EUR,InFeRMuS
c /u fodder,binder,Burst Lightning,FDN,Foundations,192,normal,common,2,100994,aec5d380-d354-4750-931a-6c91853e2edc,0.11,false,false,near_mint,en,EUR,InFeRMuS
c /u fodder,binder,Uncharted Voyage,FDN,Foundations,53,normal,common,2,101611,e0846820-e595-4743-8a28-29c57d728677,0.05,false,false,near_mint,en,EUR,InFeRMuS
c /u fodder,binder,Vampire Soulcaller,FDN,Foundations,75,normal,common,2,101495,2d076293-3b45-4878-8f67-978927cc1f68,0.45,false,false,near_mint,en,EUR,InFeRMuS
c /u fodder,binder,Witness Protection,FDN,Foundations,168,normal,common,2,101621,f231e981-0069-43ce-ac1c-c85ced613e93,0.13,false,false,near_mint,en,EUR,InFeRMuS
c /u fodder,binder,Sanguine Syphoner,FDN,Foundations,68,normal,common,2,101582,b1daf5bb-c8e9-4e79-a532-ca92a9a885cd,0.21,false,false,near_mint,en,EUR,InFeRMuS
c /u fodder,binder,Vanguard Seraph,FDN,Foundations,28,normal,common,2,101503,4329c861-fc16-4a96-9c03-25af6ac2adc8,0.17,false,false,near_mint,en,EUR,InFeRMuS
c /u fodder,binder,Hare Apparent,FDN,Foundations,15,normal,common,2,100907,9fc6f0e9-eb5f-4bc0-b3d7-756644b66d12,2.82,false,false,near_mint,en,EUR,InFeRMuS
c /u fodder,binder,Gorehorn Raider,FDN,Foundations,89,normal,common,2,101551,78ce6c40-3452-4aa0-a45b-dbfd70f8d220,0.02,false,false,near_mint,en,EUR,InFeRMuS
c /u fodder,binder,"Tatyova, Benthic Druid",FDN,Foundations,247,normal,uncommon,2,101301,eabc978a-0666-472d-bdc6-d4b29d29eca4,0.13,false,false,near_mint,en,EUR,InFeRMuS
raras no binder,binder,The Ozolith,LTC,Tales of Middle-earth Commander,351,foil,mythic,1,83247,83a46e68-7fb5-4c17-b5aa-ed039cea59d6,43.63,false,false,near_mint,en,EUR,InFeRMuS
raras no binder,binder,Champion's Helm,CMM,Commander Masters,654,normal,rare,1,84078,147b0d7d-3657-4521-b370-3a4f3a419313,2.72,false,false,near_mint,en,EUR,InFeRMuS
raras no binder,binder,Faerie Artisans,CMM,Commander Masters,92,normal,rare,1,85015,eaada60d-1857-4fc2-a997-d7775565221a,0.87,false,false,near_mint,en,EUR,InFeRMuS
raras no binder,binder,"Zacama, Primal Calamity",CMM,Commander Masters,365,normal,rare,1,84939,d9224660-d547-4373-8493-42ffb364ee0b,1.46,false,false,near_mint,en,EUR,InFeRMuS
raras no binder,binder,Righteous Confluence,CMM,Commander Masters,53,normal,rare,1,84590,89c2faf6-e65b-4962-82d4-0294912c2ddb,0.17,false,false,near_mint,en,EUR,InFeRMuS
raras no binder,binder,Wrath of God,CMM,Commander Masters,70,normal,rare,1,84370,537d2b05-3f52-45d6-8fe3-26282085d0c6,2.12,false,false,near_mint,en,EUR,InFeRMuS
raras no binder,binder,Queen Marchesa,CMM,Commander Masters,350,normal,rare,1,84383,567697db-8d47-404f-b0da-b00409431f28,0.51,false,false,near_mint,en,EUR,InFeRMuS
raras no binder,binder,Grand Abolisher,CMM,Commander Masters,27,foil,rare,1,84574,86e30ca4-1769-4686-aa18-31610246cd80,7.67,false,false,near_mint,en,EUR,InFeRMuS
raras no binder,binder,Sapphire Medallion,CMM,Commander Masters,407,normal,rare,1,85024,ed34e8de-d63a-4e4f-b9d4-80f66bb20641,2.63,false,false,near_mint,en,EUR,InFeRMuS
raras no binder,binder,Finale of Devastation,CMM,Commander Masters,289,normal,mythic,1,84766,b10d99bf-b2ce-4443-b924-ff0eb8be1033,24.27,false,false,near_mint,en,EUR,InFeRMuS
raras no binder,binder,"Yuriko, the Tiger's Shadow",CMM,Commander Masters,364,normal,rare,1,85102,fe9be3e0-076c-4703-9750-2a6b0a178bc9,1.73,false,false,near_mint,en,EUR,InFeRMuS
non basic lands,binder,Reliquary Tower,CMM,Commander Masters,663,normal,uncommon,1,84969,df2370ea-9bb8-496f-aaf5-f0bb3bb55f9b,2.53,false,false,near_mint,en,EUR,InFeRMuS
non basic lands,binder,Rogue's Passage,CMM,Commander Masters,426,normal,uncommon,1,84315,481c877e-0188-427f-8de2-25ad82d7cadb,0.33,false,false,near_mint,en,EUR,InFeRMuS
non basic lands,binder,Reliquary Tower,CMM,Commander Masters,425,normal,uncommon,1,85020,ec1d8a99-8a06-4e51-9277-96edb6899b29,1.3,false,false,near_mint,en,EUR,InFeRMuS
non basic lands,binder,Thriving Heath,CMM,Commander Masters,431,normal,common,1,84035,0c6f9b70-998c-4ecd-9094-f505692070de,0.13,false,false,near_mint,en,EUR,InFeRMuS
non basic lands,binder,Terramorphic Expanse,CMM,Commander Masters,428,normal,common,1,84677,a04f0013-097c-46ec-9424-d5f417e6a9cf,0.13,false,false,near_mint,en,EUR,InFeRMuS
c /u fodder,binder,Generous Gift,CMM,Commander Masters,624,normal,common,2,84686,a1cd4438-a25d-4618-9e93-2c62f6bfc5f5,0.62,false,false,near_mint,en,EUR,InFeRMuS
c /u fodder,binder,"Kemba, Kha Regent",CMM,Commander Masters,671,normal,uncommon,1,84389,57ae202c-21bf-4142-a8f0-89a13c25f9f9,0.16,false,false,near_mint,en,EUR,InFeRMuS
c /u fodder,binder,Krosan Tusker,CMM,Commander Masters,302,normal,common,1,84023,0a368f72-cc88-4f32-aad4-22d92c4d032d,0.16,false,false,near_mint,en,EUR,InFeRMuS
c /u fodder,binder,Crash of Rhino Beetles,CMM,Commander Masters,279,normal,common,1,85000,e7b17222-db06-41cc-a4d2-aae625cb1929,0.17,false,false,near_mint,en,EUR,InFeRMuS
c /u fodder,binder,Kodama's Reach,CMM,Commander Masters,300,normal,common,1,84730,ababe16b-9359-44cb-81fb-e0b3a42b46bd,0.8,false,false,near_mint,en,EUR,InFeRMuS
c /u fodder,binder,Elvish Mystic,CMM,Commander Masters,284,normal,common,1,84500,75918859-c93f-41b4-9ad0-a4a96c389f0d,0.41,false,false,near_mint,en,EUR,InFeRMuS
c /u fodder,binder,Victimize,CMM,Commander Masters,195,normal,uncommon,1,84869,c9e4993e-154c-4ac4-8927-6352b8816f58,0.36,false,false,near_mint,en,EUR,InFeRMuS
c /u fodder,binder,Fungal Plots,CMM,Commander Masters,291,normal,uncommon,1,84510,783fb92d-6de6-49f5-a204-5bcf577c9640,0.13,false,false,near_mint,en,EUR,InFeRMuS
c /u fodder,binder,Captain Ripley Vance,CMM,Commander Masters,209,normal,uncommon,1,84931,d640bc10-51ce-48e9-bceb-c3e69d7eae31,0.05,false,false,near_mint,en,EUR,InFeRMuS
c /u fodder,binder,"Anax, Hardened in the Forge",CMM,Commander Masters,204,normal,uncommon,1,84740,ad107ae0-2540-46f8-9970-72983b87ba04,0.08,false,false,near_mint,en,EUR,InFeRMuS
c /u fodder,binder,Crawling Infestation,CMM,Commander Masters,281,foil,common,1,84252,3a404d9b-02dd-45bc-b3eb-bc28452da22e,0.24,false,false,near_mint,en,EUR,InFeRMuS
c /u fodder,binder,Ilysian Caryatid,CMM,Commander Masters,297,normal,common,1,84267,3db65137-c9d6-4352-b7a0-f3968b167233,0.11,false,false,near_mint,en,EUR,InFeRMuS
c /u fodder,binder,Thorn of the Black Rose,CMM,Commander Masters,190,normal,common,1,84777,b4b266e2-1cad-40df-bc0e-3e1464b299b3,0.15,false,false,near_mint,en,EUR,InFeRMuS
c /u fodder,binder,Read the Bones,CMM,Commander Masters,182,normal,common,1,84933,d6c66076-fb85-4a5e-8cd0-d103834b3cd1,0.13,false,false,near_mint,en,EUR,InFeRMuS
c /u fodder,binder,"Yedora, Grave Gardener",CMM,Commander Masters,333,normal,uncommon,1,84400,5bc9808d-1d47-417d-bba8-06694a83d88e,0.07,false,false,near_mint,en,EUR,InFeRMuS
c /u fodder,binder,"Tatyova, Benthic Druid",CMM,Commander Masters,358,normal,uncommon,1,84892,cd82bff9-8061-48c0-a7c3-fee17acee22a,0.19,false,false,near_mint,en,EUR,InFeRMuS
c /u fodder,binder,Reverse Engineer,CMM,Commander Masters,116,foil,common,1,84013,07fff0a3-1315-42f7-9d36-4f5eaad0c62e,0.22,false,false,near_mint,en,EUR,InFeRMuS
c /u fodder,binder,Unbounded Potential,CMM,Commander Masters,67,normal,common,1,84493,732c3b63-5e15-4510-813c-58e20cd9833f,0.1,false,false,near_mint,en,EUR,InFeRMuS
c /u fodder,binder,Knighted Myr,CMM,Commander Masters,36,normal,common,2,84947,db0489ee-96b6-4437-a716-ee07ecbd4cb7,0.11,false,false,near_mint,en,EUR,InFeRMuS
c /u fodder,binder,Ainok Bond-Kin,CMM,Commander Masters,7,normal,common,1,84440,6956c523-507c-4256-88b8-58a8a108c79f,0.06,false,false,near_mint,en,EUR,InFeRMuS
c /u fodder,binder,Supply Runners,CMM,Commander Masters,63,normal,common,1,84986,e41cbc3b-a2e9-4a14-a603-581413bc0b17,0.1,false,false,near_mint,en,EUR,InFeRMuS
c /u fodder,binder,Gavony Silversmith,CMM,Commander Masters,25,normal,common,1,85007,e8d78a93-1a9f-4bc1-82b4-d3434367d27b,0.08,false,false,near_mint,en,EUR,InFeRMuS
c /u fodder,binder,Pollenbright Druid,CMM,Commander Masters,312,normal,common,1,85001,e8215686-bf19-4090-87c1-dd4f691f2ae7,0.15,false,false,near_mint,en,EUR,InFeRMuS
c /u fodder,binder,Body Double,CMM,Commander Masters,75,normal,uncommon,1,84459,6d434b49-c3e8-4b4d-b573-c144ba78e98b,0.16,false,false,near_mint,en,EUR,InFeRMuS
c /u fodder,binder,Fact or Fiction,CMM,Commander Masters,91,normal,uncommon,1,83996,04588d2f-9e90-4f83-b85e-67e4bc222a62,0.09,false,false,near_mint,en,EUR,InFeRMuS
c /u fodder,binder,"Padeem, Consul of Innovation",CMM,Commander Masters,109,normal,uncommon,1,83975,00a4aef8-64fc-4e9d-adac-ef4c85d40b4a,0.35,false,false,near_mint,en,EUR,InFeRMuS
"foundation, jumpstart",binder,Ahn-Crop Crasher,J25,Foundations Jumpstart,514,normal,uncommon,1,101146,cdf2b221-b94c-43b6-9a26-2ad737b00263,0.14,false,false,near_mint,en,EUR,InFeRMuS
"foundation, jumpstart",binder,"Anep, Vizier of Hazoret",J25,Foundations Jumpstart,46,normal,uncommon,1,100294,295658c4-7ab8-473d-abe1-0b6303b6850f,0.36,false,false,near_mint,en,EUR,InFeRMuS
"foundation, jumpstart",binder,Battlefield Scavenger,J25,Foundations Jumpstart,520,normal,uncommon,1,101227,dd60929e-2f01-4489-a009-44737152404a,0.02,false,false,near_mint,en,EUR,InFeRMuS
"foundation, jumpstart",binder,Bloodlust Inciter,J25,Foundations Jumpstart,525,normal,common,1,100396,3daa8b57-f669-4b5a-bb27-e84e8e31e307,,false,false,near_mint,en,EUR,InFeRMuS
"foundation, jumpstart",binder,Cartouche of Zeal,J25,Foundations Jumpstart,529,normal,common,1,101359,f5456d86-0ed1-47fa-87d7-27eedb6400c6,0.02,false,false,near_mint,en,EUR,InFeRMuS
"foundation, jumpstart",binder,Flame-Blessed Bolt,J25,Foundations Jumpstart,551,normal,common,1,100541,59112945-33e9-47f3-8ca5-0b8961a0d6ad,0.02,false,false,near_mint,en,EUR,InFeRMuS
"foundation, jumpstart",binder,Fling,J25,Foundations Jumpstart,553,normal,common,1,100950,a8beb929-b502-4ed5-940a-d6de233c09a6,0.09,false,false,near_mint,en,EUR,InFeRMuS
"foundation, jumpstart",binder,Kindled Fury,J25,Foundations Jumpstart,571,normal,common,2,100667,715c58f4-ede4-4c43-9c91-6119f9edff53,,false,false,near_mint,en,EUR,InFeRMuS
"foundation, jumpstart",binder,Pathmaker Initiate,J25,Foundations Jumpstart,584,normal,common,1,100842,943f3e9b-8570-4fe9-be5c-ac838296224c,0.1,false,false,near_mint,en,EUR,InFeRMuS
"foundation, jumpstart",binder,Sandstorm Crasher,J25,Foundations Jumpstart,18,normal,rare,1,100300,2bcf1ed6-5e5b-4035-9d21-f84ac4fc4fbd,2.8,false,false,near_mint,en,EUR,InFeRMuS
"foundation, jumpstart",binder,Thriving Bluff,J25,Foundations Jumpstart,775,normal,common,4,100724,7e18fde3-9623-4663-97cf-9f85fc1e03a5,0.06,false,false,near_mint,en,EUR,InFeRMuS
"foundation, jumpstart",binder,Trial of Zeal,J25,Foundations Jumpstart,604,normal,uncommon,1,101356,f4d27f47-6981-4c50-92c3-9712de727b46,0.02,false,false,near_mint,en,EUR,InFeRMuS
"foundation, jumpstart",binder,Zealot of the God-Pharaoh,J25,Foundations Jumpstart,619,normal,common,1,100603,6551c2c2-a335-4f75-aec2-028ab44de9a0,0.1,false,false,near_mint,en,EUR,InFeRMuS
"foundation, jumpstart",binder,"Aphelia, Viper Whisperer",J25,Foundations Jumpstart,40,normal,mythic,1,100205,1a0867be-a861-4fb4-b8ff-cb2966193755,32.32,false,false,near_mint,en,EUR,InFeRMuS
"foundation, jumpstart",binder,Coat with Venom,J25,Foundations Jumpstart,412,normal,common,1,100632,6a1ea0b4-d8a5-4420-8534-9a626cf0a171,0.1,false,false,near_mint,en,EUR,InFeRMuS
"foundation, jumpstart",binder,Gorgon Flail,J25,Foundations Jumpstart,752,normal,uncommon,1,100445,4794fe0f-0403-4c42-89e3-88e2b1e99f3a,0.71,false,false,near_mint,en,EUR,InFeRMuS
"foundation, jumpstart",binder,Hooded Blightfang,J25,Foundations Jumpstart,455,normal,rare,1,101263,e419f0fc-cf43-4b7c-ae75-83b125c20da7,0.36,false,false,near_mint,en,EUR,InFeRMuS
"foundation, jumpstart",binder,Killing Glare,J25,Foundations Jumpstart,120,normal,uncommon,1,100203,19c88255-36f2-460c-b6b8-943fa4532a97,0.22,false,false,near_mint,en,EUR,InFeRMuS
"foundation, jumpstart",binder,Night's Whisper,J25,Foundations Jumpstart,471,normal,common,1,100312,2e1aba5c-7f6c-4e0e-b6fe-023205edaaa8,1.28,false,false,near_mint,en,EUR,InFeRMuS
"foundation, jumpstart",binder,Pharika's Chosen,J25,Foundations Jumpstart,474,normal,common,1,101292,e9d5e8ce-3699-4850-bdb6-4a98d92cc193,0.14,false,false,near_mint,en,EUR,InFeRMuS
"foundation, jumpstart",binder,Scourge of the Undercity,J25,Foundations Jumpstart,11,normal,common,2,100478,4d321cb1-9079-4aa3-b86e-6483552f04ee,0.18,false,false,near_mint,en,EUR,InFeRMuS
"foundation, jumpstart",binder,Serpent Assassin,J25,Foundations Jumpstart,123,normal,uncommon,1,100460,4aa3bcd6-7c54-4ddc-bcd1-6e3b5bf8023c,0.86,false,false,near_mint,en,EUR,InFeRMuS
"foundation, jumpstart",binder,Thriving Moor,J25,Foundations Jumpstart,779,normal,common,4,100452,48760243-5614-46cd-b487-2ec09638921a,0.05,false,false,near_mint,en,EUR,InFeRMuS
"foundation, jumpstart",binder,Ukud Cobra,J25,Foundations Jumpstart,498,normal,uncommon,1,100783,86d5b59b-a785-4320-be95-659667fe1a86,0.15,false,false,near_mint,en,EUR,InFeRMuS
"foundation, jumpstart",binder,Venomous Hierophant,J25,Foundations Jumpstart,506,normal,common,1,100878,9aefa5cb-8922-422e-b3c7-4cc3a418c373,0.1,false,false,near_mint,en,EUR,InFeRMuS
"foundation, jumpstart",binder,Vraska's Finisher,J25,Foundations Jumpstart,510,normal,common,1,101004,b19412a0-a779-481f-99cc-bc73d63e14ae,0.14,false,false,near_mint,en,EUR,InFeRMuS
"foundation, jumpstart",binder,Bounty of Skemfar,J25,Foundations Jumpstart,638,normal,uncommon,1,100754,8317a072-e0b6-44c7-b86a-282136e50e7b,0.21,false,false,near_mint,en,EUR,InFeRMuS
"foundation, jumpstart",binder,"Dionus, Elvish Archdruid",J25,Foundations Jumpstart,52,normal,uncommon,1,100544,5a3dfd71-9ec0-4842-b99d-c1833679f0c5,17.32,false,false,near_mint,en,EUR,InFeRMuS
"foundation, jumpstart",binder,Dwynen's Elite,J25,Foundations Jumpstart,654,normal,uncommon,1,100314,2e70732f-68c1-4341-879e-5c9c68ea8503,0.15,false,false,near_mint,en,EUR,InFeRMuS
"foundation, jumpstart",binder,Elvish Archdruid,J25,Foundations Jumpstart,655,normal,rare,1,101041,b8090192-2cbe-4b72-8810-b8b41def526e,0.3,false,false,near_mint,en,EUR,InFeRMuS
"foundation, jumpstart",binder,Elvish Visionary,J25,Foundations Jumpstart,145,normal,common,1,100630,69f570b5-1629-4b10-8f66-ed9b4355a0a4,0.34,false,false,near_mint,en,EUR,InFeRMuS
"foundation, jumpstart",binder,High-Rise Sawjack,J25,Foundations Jumpstart,670,normal,common,1,100530,563ccb2f-97ee-4bdc-bc8d-6f85850d702a,,false,false,near_mint,en,EUR,InFeRMuS
"foundation, jumpstart",binder,Hunter's Edge,J25,Foundations Jumpstart,671,normal,common,1,100552,5c19ddf0-b0fb-4cb6-adfc-2158b5e801aa,,false,false,near_mint,en,EUR,InFeRMuS
"foundation, jumpstart",binder,Kujar Seedsculptor,J25,Foundations Jumpstart,682,normal,common,1,101163,d19e6446-c0d8-4370-8e09-19b180deafbc,,false,false,near_mint,en,EUR,InFeRMuS
"foundation, jumpstart",binder,Llanowar Elves,J25,Foundations Jumpstart,149,normal,common,1,101208,d9c02310-6a14-45c2-ae8c-b0fff7245673,0.55,false,false,near_mint,en,EUR,InFeRMuS
"foundation, jumpstart",binder,Might of the Masses,J25,Foundations Jumpstart,689,normal,uncommon,1,101302,eac1d5cd-6e62-4fa3-84ee-177d0312691b,0.09,false,false,near_mint,en,EUR,InFeRMuS
"foundation, jumpstart",binder,Overcome,J25,Foundations Jumpstart,696,normal,uncommon,1,100370,396b07b4-ccd7-4c6c-8b33-4db127fd3334,0.24,false,false,near_mint,en,EUR,InFeRMuS
"foundation, jumpstart",binder,Razorgrass Invoker,J25,Foundations Jumpstart,22,normal,common,1,100418,41a76981-b792-49da-8c1c-34991adf3ff4,0.28,false,false,near_mint,en,EUR,InFeRMuS
"foundation, jumpstart",binder,Thriving Grove,J25,Foundations Jumpstart,776,normal,common,4,101024,b548551d-756b-496e-a1c0-4fa77707663d,0.05,false,false,near_mint,en,EUR,InFeRMuS
"foundation, jumpstart",binder,Azure Drake,J25,Foundations Jumpstart,288,normal,uncommon,1,100365,37c76ecb-5eab-4c74-b5d2-1553f90a91be,0.14,false,false,near_mint,en,EUR,InFeRMuS
"foundation, jumpstart",binder,Delightful Discovery,J25,Foundations Jumpstart,6,normal,uncommon,3,101234,dee342ec-f546-41b7-add5-0a85f5c8bc57,0.93,false,false,near_mint,en,EUR,InFeRMuS
"foundation, jumpstart",binder,Gilded Scuttler,J25,Foundations Jumpstart,7,normal,common,4,100226,1e5a6db8-130a-4931-b7a5-2f024331802b,0.21,false,false,near_mint,en,EUR,InFeRMuS
"foundation, jumpstart",binder,Glimmerbell,J25,Foundations Jumpstart,315,normal,common,1,100280,26bcbbb1-1325-4e72-8d60-9a7e7f32834d,0.1,false,false,near_mint,en,EUR,InFeRMuS
"foundation, jumpstart",binder,Lonely Sandbar,J25,Foundations Jumpstart,769,normal,uncommon,2,100828,919e2050-7779-4116-ace2-48434072d184,0.15,false,false,near_mint,en,EUR,InFeRMuS
"foundation, jumpstart",binder,Opt,J25,Foundations Jumpstart,339,normal,common,3,101154,cfbaff99-ac81-4386-9a7c-ab6d7b72eb3a,0.1,false,false,near_mint,en,EUR,InFeRMuS
"foundation, jumpstart",binder,"Plagon, Lord of the Beach",J25,Foundations Jumpstart,37,normal,rare,2,100732,7f8a6bfe-6033-4f6b-ab45-6b553f8b51a1,3.73,false,false,near_mint,en,EUR,InFeRMuS
"foundation, jumpstart",binder,Run Ashore,J25,Foundations Jumpstart,109,normal,common,2,100572,5fe29a85-e16c-4e28-a698-f0f0cfb4a3c2,0.18,false,false,near_mint,en,EUR,InFeRMuS
"foundation, jumpstart",binder,Shipwreck Dowser,J25,Foundations Jumpstart,354,normal,common,1,100187,17625c3f-ed32-4475-8012-e64cbccc35b1,0.2,false,false,near_mint,en,EUR,InFeRMuS
"foundation, jumpstart",binder,Shorecomber Crab,J25,Foundations Jumpstart,356,normal,common,2,101385,fad0fd59-6511-4508-89fd-4287f59db1a2,0.3,false,false,near_mint,en,EUR,InFeRMuS
"foundation, jumpstart",binder,Sigiled Starfish,J25,Foundations Jumpstart,357,normal,uncommon,2,100859,97de7445-1790-4a6c-95ec-889c80e92701,0.14,false,false,near_mint,en,EUR,InFeRMuS
"foundation, jumpstart",binder,Starlight Snare,J25,Foundations Jumpstart,9,normal,common,3,100743,80ab3040-fec2-4a65-8825-e6a1132601d1,0.18,false,false,near_mint,en,EUR,InFeRMuS
"foundation, jumpstart",binder,Thriving Isle,J25,Foundations Jumpstart,778,normal,common,6,100454,48ffa526-85a6-4a1e-a495-b5c5322244d8,0.14,false,false,near_mint,en,EUR,InFeRMuS
"foundation, jumpstart",binder,Tidepool Turtle,J25,Foundations Jumpstart,376,normal,common,2,101093,c27587cd-e521-4b38-a513-dec780b6cc7f,,false,false,near_mint,en,EUR,InFeRMuS
"foundation, jumpstart",binder,Boggart Brute,J25,Foundations Jumpstart,526,normal,common,1,100893,9d0b52b3-2845-449c-a3af-fa471724b7ef,0.14,false,false,near_mint,en,EUR,InFeRMuS
"foundation, jumpstart",binder,Boldwyr Intimidator,J25,Foundations Jumpstart,527,normal,uncommon,2,100715,7b81ab8b-94dd-4745-85f4-eceb0ca05c34,0.24,false,false,near_mint,en,EUR,InFeRMuS
"foundation, jumpstart",binder,Expedition Champion,J25,Foundations Jumpstart,541,normal,common,1,100527,55369a66-1600-4ec2-8527-6699c6d9d8df,0.1,false,false,near_mint,en,EUR,InFeRMuS
"foundation, jumpstart",binder,Ghitu Encampment,J25,Foundations Jumpstart,155,normal,uncommon,2,100795,896a02a6-5348-4f90-90b1-68aa61e84b73,0.16,false,false,near_mint,en,EUR,InFeRMuS
"foundation, jumpstart",binder,Goma Fada Vanguard,J25,Foundations Jumpstart,561,normal,uncommon,2,100274,25bdcb57-b067-4503-b824-d46c8fd47317,0.1,false,false,near_mint,en,EUR,InFeRMuS
"foundation, jumpstart",binder,"Gornog, the Red Reaper",J25,Foundations Jumpstart,49,normal,rare,2,101124,c80a88ae-f2f2-426a-88f3-76b5d598c25f,5.87,false,false,near_mint,en,EUR,InFeRMuS
"foundation, jumpstart",binder,Keldon Raider,J25,Foundations Jumpstart,570,normal,common,2,100928,a426ad52-c8fb-49a3-a987-376449dc7b10,0.1,false,false,near_mint,en,EUR,InFeRMuS
"foundation, jumpstart",binder,Kruin Striker,J25,Foundations Jumpstart,573,normal,common,1,101051,b9788412-219e-4748-8684-ccabbb19df18,0.1,false,false,near_mint,en,EUR,InFeRMuS
"foundation, jumpstart",binder,Pyrophobia,J25,Foundations Jumpstart,587,normal,common,2,101089,c21eb17f-0c2c-4f46-8538-ca93e32c43cf,0.1,false,false,near_mint,en,EUR,InFeRMuS
"foundation, jumpstart",binder,Relic Axe,J25,Foundations Jumpstart,759,normal,uncommon,2,101109,c5101637-3232-43d8-86c2-1d9641463612,0.24,false,false,near_mint,en,EUR,InFeRMuS
"foundation, jumpstart",binder,Soul Sear,J25,Foundations Jumpstart,599,normal,uncommon,2,100253,21c65893-3dad-4630-9741-931e3a3a4089,0.11,false,false,near_mint,en,EUR,InFeRMuS
"foundation, jumpstart",binder,Wrecking Crew,J25,Foundations Jumpstart,617,normal,common,2,101296,ea2f635c-6cf2-4d8d-a38c-6d928b6f938e,0.1,false,false,near_mint,en,EUR,InFeRMuS
"foundation, jumpstart",binder,Ambassador Oak,J25,Foundations Jumpstart,626,normal,common,1,100551,5be17ab1-a94d-4ba5-9468-a1df345a1eda,,false,false,near_mint,en,EUR,InFeRMuS
"foundation, jumpstart",binder,Braulios of Pheres Band,J25,Foundations Jumpstart,51,normal,uncommon,1,100084,01789cb2-a93d-4197-a40a-612423635125,0.38,false,false,near_mint,en,EUR,InFeRMuS
"foundation, jumpstart",binder,Briarbridge Tracker,J25,Foundations Jumpstart,639,normal,rare,1,101384,facfdada-406a-4b7f-8d59-7b740619394d,0.14,false,false,near_mint,en,EUR,InFeRMuS
"foundation, jumpstart",binder,Byway Courier,J25,Foundations Jumpstart,642,normal,common,1,100558,5d705a2b-9370-4f73-829c-823918f55c19,,false,false,near_mint,en,EUR,InFeRMuS
"foundation, jumpstart",binder,Clear Shot,J25,Foundations Jumpstart,645,normal,uncommon,1,101155,cfbea1eb-8270-416d-842c-c61d619a75df,0.02,false,false,near_mint,en,EUR,InFeRMuS
"foundation, jumpstart",binder,Explore,J25,Foundations Jumpstart,146,normal,common,1,100628,69f2a3be-9196-44f4-b722-9184ca1d143a,0.17,false,false,near_mint,en,EUR,InFeRMuS
"foundation, jumpstart",binder,Go Forth,J25,Foundations Jumpstart,20,normal,common,1,101267,e4ed67f0-85cc-4b1d-b745-e13e5bea3397,0.78,false,false,near_mint,en,EUR,InFeRMuS
"foundation, jumpstart",binder,Shardless Outlander,J25,Foundations Jumpstart,28,normal,common,2,101392,fccb51a4-cb78-4437-b9ab-cc77736af561,0.18,false,false,near_mint,en,EUR,InFeRMuS
"foundation, jumpstart",binder,Slimy Piper,J25,Foundations Jumpstart,25,normal,common,1,101288,e89dd05a-e21e-4252-ba18-9f3329c6d4dd,0.18,false,false,near_mint,en,EUR,InFeRMuS
"foundation, jumpstart",binder,Somberwald Beastmaster,J25,Foundations Jumpstart,715,normal,rare,1,100598,6488d613-59fa-4e26-a48c-eecab8754808,0.22,false,false,near_mint,en,EUR,InFeRMuS
"foundation, jumpstart",binder,Ulvenwald Mysteries,J25,Foundations Jumpstart,735,normal,uncommon,1,100680,749aafbf-9d17-4341-a137-dba1cc4d09da,0.1,false,false,near_mint,en,EUR,InFeRMuS
"foundation, jumpstart",binder,Woodland Champion,J25,Foundations Jumpstart,741,normal,uncommon,1,100181,15a96cc9-ff9d-43dc-a2f3-cfacaf2cdf31,0.93,false,false,near_mint,en,EUR,InFeRMuS
"foundation, jumpstart",binder,Basri's Acolyte,J25,Foundations Jumpstart,170,normal,common,1,101002,b13835ab-c082-4d93-9ea4-344ef6479710,0.27,false,false,near_mint,en,EUR,InFeRMuS
"foundation, jumpstart",binder,"Brimaz, King of Oreskos",J25,Foundations Jumpstart,58,normal,mythic,1,101343,f2fd4bf5-7ed6-4a90-b0ba-ba886342859a,9.47,false,false,near_mint,en,EUR,InFeRMuS
"foundation, jumpstart",binder,Dawnwing Marshal,J25,Foundations Jumpstart,1,normal,uncommon,1,100495,51258ab9-25f6-4617-9499-b17cf7a8db06,0.27,false,false,near_mint,en,EUR,InFeRMuS
"foundation, jumpstart",binder,Impeccable Timing,J25,Foundations Jumpstart,209,normal,common,1,100867,9936d3a7-ac28-40c3-a01a-fd07ae958e7a,,false,false,near_mint,en,EUR,InFeRMuS
"foundation, jumpstart",binder,Ingenious Leonin,J25,Foundations Jumpstart,211,normal,uncommon,1,100567,5e6759eb-7bb5-4482-8b27-0b8c836c5605,0.17,false,false,near_mint,en,EUR,InFeRMuS
"foundation, jumpstart",binder,King of the Pride,J25,Foundations Jumpstart,214,normal,uncommon,1,100720,7cd32e14-4062-4700-8558-f4693d4814e1,0.18,false,false,near_mint,en,EUR,InFeRMuS
"foundation, jumpstart",binder,Leonin Scimitar,J25,Foundations Jumpstart,152,normal,common,1,100774,8554c2a8-d3cc-4ae9-a8ae-34815cf299db,0.15,false,false,near_mint,en,EUR,InFeRMuS
"foundation, jumpstart",binder,Leonin Vanguard,J25,Foundations Jumpstart,216,normal,uncommon,1,100856,96ff15d2-987e-461f-93ad-9a57eca70112,0.2,false,false,near_mint,en,EUR,InFeRMuS
"foundation, jumpstart",binder,Leonin of the Lost Pride,J25,Foundations Jumpstart,215,normal,common,1,100717,7bef4958-9df3-4751-9ec6-325afa592a7b,,false,false,near_mint,en,EUR,InFeRMuS
"foundation, jumpstart",binder,Pacifism,J25,Foundations Jumpstart,234,normal,common,3,100161,0ea081ac-c8b2-442b-908c-096287116a5d,0.17,false,false,near_mint,en,EUR,InFeRMuS
"foundation, jumpstart",binder,Savannah Lions,J25,Foundations Jumpstart,249,normal,common,1,100342,345920d9-b842-42a3-996f-457e737baab2,0.25,false,false,near_mint,en,EUR,InFeRMuS
"foundation, jumpstart",binder,Take Up the Shield,J25,Foundations Jumpstart,270,normal,common,2,101380,fa498bb3-2965-4710-affa-49e05935bde6,0.13,false,false,near_mint,en,EUR,InFeRMuS
"foundation, jumpstart",binder,Thriving Heath,J25,Foundations Jumpstart,777,normal,common,6,100579,60b9328e-59d1-4013-b7e3-d866e3a4502c,0.2,false,false,near_mint,en,EUR,InFeRMuS
"foundation, jumpstart",binder,Alchemist's Gift,J25,Foundations Jumpstart,397,normal,common,1,101332,f16c2679-b823-4ad3-abd2-ca380835cdaf,0.17,false,false,near_mint,en,EUR,InFeRMuS
"foundation, jumpstart",binder,Arrogant Outlaw,J25,Foundations Jumpstart,400,normal,common,1,100555,5d38f66b-d09e-4889-b797-3d349f9445f3,0.13,false,false,near_mint,en,EUR,InFeRMuS
"foundation, jumpstart",binder,Audacious Thief,J25,Foundations Jumpstart,401,normal,common,1,100518,541b52de-e347-4ce2-b207-8079be664f9e,0.21,false,false,near_mint,en,EUR,InFeRMuS
"foundation, jumpstart",binder,Dark Confidant,J25,Foundations Jumpstart,114,normal,mythic,1,101118,c74e9388-460d-4dbf-934e-f3ecb48af6e8,6.65,false,false,near_mint,en,EUR,InFeRMuS
"foundation, jumpstart",binder,Howling Banshee,J25,Foundations Jumpstart,119,normal,uncommon,1,100864,98bc4a4e-8fca-45a3-a542-38936f841532,0.35,false,false,near_mint,en,EUR,InFeRMuS
"foundation, jumpstart",binder,Infernal Grasp,J25,Foundations Jumpstart,456,normal,uncommon,1,100714,7b599fbb-06ff-4fcd-a0dd-05caa11ab840,1.0,false,false,near_mint,en,EUR,InFeRMuS
"foundation, jumpstart",binder,Metalspinner's Puzzleknot,J25,Foundations Jumpstart,755,normal,common,1,100531,56628644-df26-4cbc-b67c-d1b2f69ebe08,0.1,false,false,near_mint,en,EUR,InFeRMuS
"foundation, jumpstart",binder,Read the Bones,J25,Foundations Jumpstart,479,normal,common,1,101350,f411a143-2580-4358-b46e-d390cdba965f,0.32,false,false,near_mint,en,EUR,InFeRMuS
"foundation, jumpstart",binder,Ulcerate,J25,Foundations Jumpstart,499,normal,uncommon,1,101134,cb987986-b53b-4441-a2c6-e70c23b2ed7f,0.2,false,false,near_mint,en,EUR,InFeRMuS
"foundation, jumpstart",binder,Vampire Scrivener,J25,Foundations Jumpstart,505,normal,uncommon,1,100137,0a82b256-700c-4c95-bfe2-f3140b4366c7,0.21,false,false,near_mint,en,EUR,InFeRMuS
"foundation, jumpstart",binder,"Vilis, Broker of Blood",J25,Foundations Jumpstart,70,normal,rare,1,101193,d68ce39b-0847-4132-b3b5-8bc25f2e7be9,9.41,false,false,near_mint,en,EUR,InFeRMuS
"foundation, jumpstart",binder,Brineborn Cutthroat,J25,Foundations Jumpstart,291,normal,uncommon,1,100776,85c60e4e-4b9d-4700-909f-fcc6342819b7,0.05,false,false,near_mint,en,EUR,InFeRMuS
"foundation, jumpstart",binder,Capture Sphere,J25,Foundations Jumpstart,294,normal,common,1,100954,a94768c1-36cf-4a05-a425-6e7088b655f3,,false,false,near_mint,en,EUR,InFeRMuS
"foundation, jumpstart",binder,Chrome Prowler,J25,Foundations Jumpstart,299,normal,common,1,100246,21121857-85b8-4ba8-9363-beafdb1005c2,,false,false,near_mint,en,EUR,InFeRMuS
"foundation, jumpstart",binder,Crystacean,J25,Foundations Jumpstart,303,normal,common,1,100990,ae28d812-aa1e-4580-afdc-2359c31fece0,,false,false,near_mint,en,EUR,InFeRMuS
"foundation, jumpstart",binder,Slimebind,J25,Foundations Jumpstart,360,normal,common,1,100244,20f2b109-0d13-41a2-ba76-d75e417b39e8,,false,false,near_mint,en,EUR,InFeRMuS
"foundation, jumpstart",binder,Spectral Sailor,J25,Foundations Jumpstart,363,normal,uncommon,1,100763,840ec72e-9c20-4316-835e-1af26d05d9dd,0.13,false,false,near_mint,en,EUR,InFeRMuS
"foundation, jumpstart",binder,Stinging Lionfish,J25,Foundations Jumpstart,367,normal,uncommon,1,101142,cd8f628e-d49e-4ea8-824b-9b79282e04a8,0.19,false,false,near_mint,en,EUR,InFeRMuS
"foundation, jumpstart",binder,"Thryx, the Sudden Storm",J25,Foundations Jumpstart,65,normal,rare,1,101361,f5f1809c-fadb-4974-ae94-292e5d97afb8,0.3,false,false,near_mint,en,EUR,InFeRMuS
"foundation, jumpstart",binder,Undersea Invader,J25,Foundations Jumpstart,380,normal,common,1,101099,c3314e64-e0ba-4720-817c-a6f7b317af14,,false,false,near_mint,en,EUR,InFeRMuS
"foundation, jumpstart",binder,Wind Strider,J25,Foundations Jumpstart,389,normal,common,1,101237,df99ff00-b573-40ef-a885-028ee56e19d6,,false,false,near_mint,en,EUR,InFeRMuS
"foundation, jumpstart",binder,Angelic Edict,J25,Foundations Jumpstart,164,normal,common,1,100733,7f8ea0f4-277d-48d3-b36b-066409ddb159,,false,false,near_mint,en,EUR,InFeRMuS
"foundation, jumpstart",binder,Faithful Pikemaster,J25,Foundations Jumpstart,3,normal,common,2,101231,de149bae-dd71-4a27-a975-4d0fbc646ee4,0.15,false,false,near_mint,en,EUR,InFeRMuS
"foundation, jumpstart",binder,"Giada, Font of Hope",J25,Foundations Jumpstart,60,normal,rare,1,100672,724c26fb-6908-47e3-bc81-6c369b043d3c,5.14,false,false,near_mint,en,EUR,InFeRMuS
"foundation, jumpstart",binder,Herald of War,J25,Foundations Jumpstart,207,normal,rare,1,100480,4d7342ad-8e5a-45c6-a09c-f5d6df2db5f5,1.82,false,false,near_mint,en,EUR,InFeRMuS
"foundation, jumpstart",binder,Herald of the Sun,J25,Foundations Jumpstart,206,normal,uncommon,1,101395,fcf2e769-1b36-4a6c-8edc-7bd4076bf843,0.22,false,false,near_mint,en,EUR,InFeRMuS
"foundation, jumpstart",binder,Inspiring Overseer,J25,Foundations Jumpstart,212,normal,common,1,101076,be1c0c41-cd92-49b2-be07-0c44219bcb6a,0.2,false,false,near_mint,en,EUR,InFeRMuS
"foundation, jumpstart",binder,Rally of Wings,J25,Foundations Jumpstart,238,normal,uncommon,1,100949,a88827db-a52a-44ef-8e49-8c32bb37cbfe,0.16,false,false,near_mint,en,EUR,InFeRMuS
"foundation, jumpstart",binder,Secluded Steppe,J25,Foundations Jumpstart,774,normal,uncommon,1,101371,f8b08138-5f20-4c83-97fc-18ab7bb472cf,0.15,false,false,near_mint,en,EUR,InFeRMuS
"foundation, jumpstart",binder,Stalwart Valkyrie,J25,Foundations Jumpstart,258,normal,common,1,100140,0af326f4-2eaa-44d1-b8d6-2e835f3850b7,0.23,false,false,near_mint,en,EUR,InFeRMuS
"foundation, jumpstart",binder,Starnheim Memento,J25,Foundations Jumpstart,29,normal,uncommon,2,100186,16fe39b7-0dbe-4826-aa0a-59e93c6aaa01,0.21,false,false,near_mint,en,EUR,InFeRMuS
"foundation, jumpstart",binder,Youthful Valkyrie,J25,Foundations Jumpstart,280,normal,uncommon,1,100663,70b1a72b-03a4-42b5-bacb-12593fc05e8e,1.05,false,false,near_mint,en,EUR,InFeRMuS
"foundation, jumpstart",binder,Ajani's Pridemate,J25,Foundations Jumpstart,158,normal,uncommon,1,101097,c2b8706a-184f-4be4-b2d5-809e740ede89,0.24,false,false,near_mint,en,EUR,InFeRMuS
"foundation, jumpstart",binder,Angel of Vitality,J25,Foundations Jumpstart,162,normal,uncommon,1,100974,aba6ecdb-ec04-4d2b-beec-733cf112f290,0.38,false,false,near_mint,en,EUR,InFeRMuS
"foundation, jumpstart",binder,Bishop's Soldier,J25,Foundations Jumpstart,174,normal,common,1,100081,00e4017a-ab32-4af9-b3da-f0465a15517d,0.15,false,false,near_mint,en,EUR,InFeRMuS
"foundation, jumpstart",binder,Brightmare,J25,Foundations Jumpstart,175,normal,uncommon,1,101250,e1f3af80-3fdd-4a35-b7a4-a8a419057e23,0.14,false,false,near_mint,en,EUR,InFeRMuS
"foundation, jumpstart",binder,Divine Arrow,J25,Foundations Jumpstart,190,normal,common,2,100467,4c1053f3-7b27-40ed-adae-ad9f5affdd78,,false,false,near_mint,en,EUR,InFeRMuS
"foundation, jumpstart",binder,Hinterland Sanctifier,J25,Foundations Jumpstart,5,normal,common,1,100716,7bd187b7-5001-4fc3-8c1e-7093827027ee,0.95,false,false,near_mint,en,EUR,InFeRMuS
"foundation, jumpstart",binder,"Qala, Ajani's Pridemate",J25,Foundations Jumpstart,32,normal,uncommon,1,100392,3cf1e9ab-343d-462c-a71e-e12b101aa0b4,1.18,false,false,near_mint,en,EUR,InFeRMuS
"foundation, jumpstart",binder,Recumbent Bliss,J25,Foundations Jumpstart,240,normal,common,1,100840,93ed3155-b96b-4297-8aec-b93d79c607f4,,false,false,near_mint,en,EUR,InFeRMuS
"foundation, jumpstart",binder,Revitalize,J25,Foundations Jumpstart,244,normal,common,1,100933,a5ae9732-9332-4f53-8608-52ecea32c5d2,0.25,false,false,near_mint,en,EUR,InFeRMuS
"foundation, jumpstart",binder,Speakeasy Server,J25,Foundations Jumpstart,255,normal,common,1,100987,ad87315c-641a-4b94-b990-57567cb4c4be,0.14,false,false,near_mint,en,EUR,InFeRMuS
"foundation, jumpstart",binder,Valkyrie Harbinger,J25,Foundations Jumpstart,275,normal,rare,1,101291,e976523b-55cf-4cc0-b537-bb7c629004b4,1.94,false,false,near_mint,en,EUR,InFeRMuS
"foundation, jumpstart",binder,Haunting Figment,J25,Foundations Jumpstart,317,normal,common,1,101000,b003e203-628e-4495-aa5d-49044a6668d5,,false,false,near_mint,en,EUR,InFeRMuS
"foundation, jumpstart",binder,Krovikan Mist,J25,Foundations Jumpstart,319,normal,common,1,100855,96bf5a0f-968f-49ba-90a2-c6c4fe8a29cb,,false,false,near_mint,en,EUR,InFeRMuS
"foundation, jumpstart",binder,Lord of the Unreal,J25,Foundations Jumpstart,322,normal,rare,1,100315,2e726977-ad9f-47c0-b48c-6618eaf6c1ed,1.1,false,false,near_mint,en,EUR,InFeRMuS
"foundation, jumpstart",binder,Murmuring Mystic,J25,Foundations Jumpstart,107,normal,uncommon,1,101175,d3fbbf86-d784-4dd0-b3f1-818c2a74a940,0.31,false,false,near_mint,en,EUR,InFeRMuS
"foundation, jumpstart",binder,Oneirophage,J25,Foundations Jumpstart,337,normal,uncommon,1,100926,a378ac58-1751-40cd-8efd-188b0e05a054,0.1,false,false,near_mint,en,EUR,InFeRMuS
"foundation, jumpstart",binder,Phantasmal Form,J25,Foundations Jumpstart,344,normal,common,1,100421,421492b7-169d-4bad-958d-e61bd6835d0a,0.17,false,false,near_mint,en,EUR,InFeRMuS
"foundation, jumpstart",binder,Phantasmal Shieldback,J25,Foundations Jumpstart,8,normal,uncommon,1,100386,3c28ae5c-e773-43bd-a328-c3d6046d24be,0.22,false,false,near_mint,en,EUR,InFeRMuS
"foundation, jumpstart",binder,Phantom Ninja,J25,Foundations Jumpstart,345,normal,common,1,101319,ef0df8f4-b853-42fc-8113-014f73fd217f,0.24,false,false,near_mint,en,EUR,InFeRMuS
"foundation, jumpstart",binder,"Pol Jamaar, Illusionist",J25,Foundations Jumpstart,38,normal,mythic,1,100593,63e806ee-3c32-48bf-97a1-160a74765e76,7.62,false,false,near_mint,en,EUR,InFeRMuS
"foundation, jumpstart",binder,Supreme Will,J25,Foundations Jumpstart,370,normal,uncommon,1,100188,1762732b-5423-40d4-a17e-4f814e27849b,0.21,false,false,near_mint,en,EUR,InFeRMuS
"foundation, jumpstart",binder,Chief of the Foundry,J25,Foundations Jumpstart,747,normal,uncommon,2,100373,39e20660-c7f6-4326-928d-cc71cc72a20c,0.14,false,false,near_mint,en,EUR,InFeRMuS
"foundation, jumpstart",binder,Eager Construct,J25,Foundations Jumpstart,749,normal,common,2,100685,75bcd27b-e530-4001-977b-0f563dcb8ed1,,false,false,near_mint,en,EUR,InFeRMuS
"foundation, jumpstart",binder,Experimental Aviator,J25,Foundations Jumpstart,309,normal,uncommon,2,100897,9ddd283c-643a-449c-8cb6-178526d5476e,0.19,false,false,near_mint,en,EUR,InFeRMuS
"foundation, jumpstart",binder,Fireshrieker,J25,Foundations Jumpstart,750,normal,uncommon,1,101105,c48f5d22-a06c-4e91-ba24-3d7cde68808e,0.14,false,false,near_mint,en,EUR,InFeRMuS
"foundation, jumpstart",binder,Malfunction,J25,Foundations Jumpstart,325,normal,common,1,101016,b3fc216f-28a8-4f2d-856a-c7036b74a54c,,false,false,near_mint,en,EUR,InFeRMuS
"foundation, jumpstart",binder,Ornithopter of Paradise,J25,Foundations Jumpstart,153,normal,common,2,100355,35e7c881-23a9-4703-b29f-a9e7a600e9e4,0.39,false,false,near_mint,en,EUR,InFeRMuS
"foundation, jumpstart",binder,Prophetic Prism,J25,Foundations Jumpstart,758,normal,common,2,100275,261d621b-4dc3-49a0-a08b-40618270bec6,0.24,false,false,near_mint,en,EUR,InFeRMuS
"foundation, jumpstart",binder,"Sai, Master Thopterist",J25,Foundations Jumpstart,63,normal,rare,1,100911,a1091e0e-a179-4241-8be0-ea92d86f4c08,1.02,false,false,near_mint,en,EUR,InFeRMuS
"foundation, jumpstart",binder,Seat of the Synod,J25,Foundations Jumpstart,773,normal,common,2,101327,f0cff35c-de07-4465-b3da-efe4a78eb6d0,1.22,false,false,near_mint,en,EUR,InFeRMuS
"foundation, jumpstart",binder,Shimmer Dragon,J25,Foundations Jumpstart,353,normal,rare,1,100502,51deaa80-8ebe-4b49-9f04-2abf25641b4e,0.21,false,false,near_mint,en,EUR,InFeRMuS
"foundation, jumpstart",binder,Treasure Keeper,J25,Foundations Jumpstart,760,normal,uncommon,2,101307,ebc9c42d-035e-41e9-bf81-6dd15fedbc2e,,false,false,near_mint,en,EUR,InFeRMuS
"foundation, jumpstart",binder,Universal Solvent,J25,Foundations Jumpstart,761,normal,common,1,100475,4ce92132-9eda-4600-b66c-80d4f74b510d,,false,false,near_mint,en,EUR,InFeRMuS
"foundation, jumpstart",binder,Blink of an Eye,J25,Foundations Jumpstart,289,normal,common,1,100322,3069cbb1-b2ff-42aa-a79a-70d1ba5d8caf,0.19,false,false,near_mint,en,EUR,InFeRMuS
"foundation, jumpstart",binder,Bury in Books,J25,Foundations Jumpstart,292,normal,common,1,100222,1da963ab-cb71-4769-be9f-8168b82901ef,0.24,false,false,near_mint,en,EUR,InFeRMuS
"foundation, jumpstart",binder,Guardian Idol,J25,Foundations Jumpstart,753,normal,uncommon,1,100177,1537f377-64c3-4c3b-a276-28d8234c029b,0.19,false,false,near_mint,en,EUR,InFeRMuS
"foundation, jumpstart",binder,"Padeem, Consul of Innovation",J25,Foundations Jumpstart,62,normal,rare,1,100380,3aae2ff2-5bd3-4f8f-9726-c81035c16137,0.59,false,false,near_mint,en,EUR,InFeRMuS
"foundation, jumpstart",binder,Agonizing Syphon,J25,Foundations Jumpstart,396,normal,common,2,100753,83053171-6ee4-43ca-98a7-0421398a980e,0.19,false,false,near_mint,en,EUR,InFeRMuS
"foundation, jumpstart",binder,Archfiend's Vessel,J25,Foundations Jumpstart,398,normal,uncommon,2,101005,b20e33cb-202f-4973-8c83-c75faf908672,0.24,false,false,near_mint,en,EUR,InFeRMuS
"foundation, jumpstart",binder,Bonecaller Cleric,J25,Foundations Jumpstart,112,normal,uncommon,2,101218,db07c4d0-cc16-49fb-93b8-af3fe8e6670f,0.22,false,false,near_mint,en,EUR,InFeRMuS
"foundation, jumpstart",binder,Dark Bargain,J25,Foundations Jumpstart,113,normal,common,2,100673,728e4031-30e0-4b9e-8255-5fd2e7989007,0.19,false,false,near_mint,en,EUR,InFeRMuS
"foundation, jumpstart",binder,Disfigure,J25,Foundations Jumpstart,424,normal,common,2,101407,fea6aa2b-d466-4844-b174-796adab9cce3,0.89,false,false,near_mint,en,EUR,InFeRMuS
"foundation, jumpstart",binder,Eerie Soultender,J25,Foundations Jumpstart,431,normal,common,2,100394,3d2f5e21-dd27-4ebe-b093-f0c04a2418cb,,false,false,near_mint,en,EUR,InFeRMuS
"foundation, jumpstart",binder,Koma's Faithful,J25,Foundations Jumpstart,457,normal,common,2,100769,848c544e-f896-4a6d-a786-02a23474e65a,0.1,false,false,near_mint,en,EUR,InFeRMuS
"foundation, jumpstart",binder,Nullpriest of Oblivion,J25,Foundations Jumpstart,472,normal,rare,2,101090,c2581eba-2027-47ce-8500-490aaac9a339,0.36,false,false,near_mint,en,EUR,InFeRMuS
"foundation, jumpstart",binder,Revoke Demise,J25,Foundations Jumpstart,10,normal,common,2,100524,5503c9aa-faac-427b-9e6e-5272d1b407a7,0.17,false,false,near_mint,en,EUR,InFeRMuS
"foundation, jumpstart",binder,Scion of the Swarm,J25,Foundations Jumpstart,487,normal,uncommon,2,100682,7595b015-a73c-4170-a89a-052aa560e5a0,0.16,false,false,near_mint,en,EUR,InFeRMuS
"foundation, jumpstart",binder,Skemfar Shadowsage,J25,Foundations Jumpstart,489,normal,uncommon,2,100323,306e67b5-7d00-412a-894d-c9412cb9e4f2,0.18,false,false,near_mint,en,EUR,InFeRMuS
"foundation, jumpstart",binder,"Taborax, Hope's Demise",J25,Foundations Jumpstart,69,normal,rare,2,100493,505ffef6-511b-4eca-85e1-195a56004611,0.26,false,false,near_mint,en,EUR,InFeRMuS
"foundation, jumpstart",binder,Archon of Falling Stars,J25,Foundations Jumpstart,166,normal,uncommon,2,101025,b54a99c6-57e5-4f30-b224-fb948a572fd7,0.05,false,false,near_mint,en,EUR,InFeRMuS
"foundation, jumpstart",binder,Banishing Light,J25,Foundations Jumpstart,96,normal,uncommon,2,100455,4912c7ab-80cc-4901-8a94-9dcd37fb7995,0.24,false,false,near_mint,en,EUR,InFeRMuS
"foundation, jumpstart",binder,Cage of Hands,J25,Foundations Jumpstart,176,normal,common,1,100557,5d60cc0b-a9d4-4276-8d30-a6833644ba42,,false,false,near_mint,en,EUR,InFeRMuS
"foundation, jumpstart",binder,Cartouche of Solidarity,J25,Foundations Jumpstart,178,normal,common,1,100476,4d2bc626-7104-4995-bf29-6cba08cbaf9d,0.24,false,false,near_mint,en,EUR,InFeRMuS
"foundation, jumpstart",binder,Eidolon of Astral Winds,J25,Foundations Jumpstart,2,normal,rare,1,101398,fd62f1de-853e-4fc3-9137-8f419c5972f6,2.54,false,false,near_mint,en,EUR,InFeRMuS
"foundation, jumpstart",binder,Flutterfox,J25,Foundations Jumpstart,200,normal,common,2,100456,49625524-e7b3-41d7-82a7-0218a4ee758f,0.09,false,false,near_mint,en,EUR,InFeRMuS
"foundation, jumpstart",binder,Glory Bearers,J25,Foundations Jumpstart,203,normal,common,1,100107,04ad66f3-92ef-4f97-b9d7-62a48cc073b7,,false,false,near_mint,en,EUR,InFeRMuS
"foundation, jumpstart",binder,Golden-Tail Disciple,J25,Foundations Jumpstart,205,normal,common,2,101172,d3505174-b157-4baa-8e59-8dff774f70d5,0.17,false,false,near_mint,en,EUR,InFeRMuS
"foundation, jumpstart",binder,Indomitable Will,J25,Foundations Jumpstart,210,normal,common,2,101364,f691ef14-1943-4a5f-ac6e-06a417bd7084,0.24,false,false,near_mint,en,EUR,InFeRMuS
"foundation, jumpstart",binder,Nyx-Fleece Ram,J25,Foundations Jumpstart,231,normal,uncommon,1,100525,550c6402-5a9b-4318-9883-8ffacd61eba1,0.49,false,false,near_mint,en,EUR,InFeRMuS
"foundation, jumpstart",binder,"Psemilla, Meletian Poet",J25,Foundations Jumpstart,31,normal,uncommon,2,100427,431258f5-705e-411d-b396-6992bc84d816,0.93,false,false,near_mint,en,EUR,InFeRMuS
"foundation, jumpstart",binder,Sunblade Samurai,J25,Foundations Jumpstart,264,normal,common,2,100904,9f1a7077-ea1f-4b8a-970a-027daf09e0bc,0.17,false,false,near_mint,en,EUR,InFeRMuS
"foundation, jumpstart",binder,Daybreak Combatants,J25,Foundations Jumpstart,535,normal,common,1,100621,69170114-f679-4e27-bba4-413f425a0132,0.15,false,false,near_mint,en,EUR,InFeRMuS
"foundation, jumpstart",binder,Infuriate,J25,Foundations Jumpstart,565,normal,common,1,101394,fcf1c8b3-5504-477a-8cf0-5a30dbf54075,,false,false,near_mint,en,EUR,InFeRMuS
"foundation, jumpstart",binder,Kargan Intimidator,J25,Foundations Jumpstart,569,normal,rare,1,100977,abfedc47-6010-4c27-b9df-2df1689c3ccf,0.17,false,false,near_mint,en,EUR,InFeRMuS
"foundation, jumpstart",binder,Unstoppable Ogre,J25,Foundations Jumpstart,609,normal,common,1,100848,9518fd8c-109f-4172-8e59-ea6f99686336,,false,false,near_mint,en,EUR,InFeRMuS
"foundation, jumpstart",binder,Aggressive Instinct,J25,Foundations Jumpstart,623,normal,common,1,101058,baba7d13-a687-482b-b464-2faaa3780ce3,0.1,false,false,near_mint,en,EUR,InFeRMuS
"foundation, jumpstart",binder,Ainok Artillerist,J25,Foundations Jumpstart,624,normal,common,1,100850,9572cd1b-315f-4068-9e9d-729a05d69dcc,0.1,false,false,near_mint,en,EUR,InFeRMuS
"foundation, jumpstart",binder,Biogenic Upgrade,J25,Foundations Jumpstart,144,normal,uncommon,1,100077,00514af0-8538-44c8-b54b-25dcbfb858b1,0.17,false,false,near_mint,en,EUR,InFeRMuS
"foundation, jumpstart",binder,Deepwood Denizen,J25,Foundations Jumpstart,648,normal,common,1,101117,c7160307-309e-406b-8a86-259322475d1c,0.16,false,false,near_mint,en,EUR,InFeRMuS
"foundation, jumpstart",binder,Duskshell Crawler,J25,Foundations Jumpstart,653,normal,common,1,100616,66a3918e-978e-4bfb-ba83-6519704dee92,0.17,false,false,near_mint,en,EUR,InFeRMuS
"foundation, jumpstart",binder,Forgotten Ancient,J25,Foundations Jumpstart,147,normal,rare,1,100163,0f24b1fe-781b-47e5-b5b7-85a2dc7af774,0.22,false,false,near_mint,en,EUR,InFeRMuS
"foundation, jumpstart",binder,Greenwood Sentinel,J25,Foundations Jumpstart,666,normal,common,1,100978,ac02c05f-1121-4be4-9cc7-d6854d3cdc5c,,false,false,near_mint,en,EUR,InFeRMuS
"foundation, jumpstart",binder,"Jiang Yanggu, Wildcrafter",J25,Foundations Jumpstart,677,normal,uncommon,1,100601,651de9ad-c6e1-4ae3-8fa5-b694e1bfcd1d,0.21,false,false,near_mint,en,EUR,InFeRMuS
"foundation, jumpstart",binder,"Mowu, Loyal Companion",J25,Foundations Jumpstart,79,normal,uncommon,1,100699,790377ad-2b1b-48b7-8ca1-49d56a907162,0.43,false,false,near_mint,en,EUR,InFeRMuS
"foundation, jumpstart",binder,Servant of the Scale,J25,Foundations Jumpstart,711,normal,common,1,100969,aad7baab-9fea-4a1f-b095-446e52be95dc,0.19,false,false,near_mint,en,EUR,InFeRMuS
"foundation, jumpstart",binder,Snakeskin Veil,J25,Foundations Jumpstart,713,normal,common,1,100247,211f84bc-a344-4f37-a15d-b47994ce0485,,false,false,near_mint,en,EUR,InFeRMuS
"foundation, jumpstart",binder,Spined Tyrranax,J25,Foundations Jumpstart,26,normal,uncommon,1,101060,bb589caa-bba4-4d23-bdfe-7fc37f19bfd6,0.21,false,false,near_mint,en,EUR,InFeRMuS
"foundation, jumpstart",binder,Ancient Greenwarden,J25,Foundations Jumpstart,627,normal,mythic,1,101157,d0a63737-8da7-4e92-89d2-742419530fc9,5.74,false,false,near_mint,en,EUR,InFeRMuS
"foundation, jumpstart",binder,Bite Down,J25,Foundations Jumpstart,636,normal,common,1,100426,43120fed-fbe8-46f0-8f6a-5b4719cf1e79,0.1,false,false,near_mint,en,EUR,InFeRMuS
"foundation, jumpstart",binder,Bond of Flourishing,J25,Foundations Jumpstart,637,normal,uncommon,1,100686,75e5b7f8-bbed-4066-95b4-23b1f45e15bd,0.16,false,false,near_mint,en,EUR,InFeRMuS
"foundation, jumpstart",binder,Canopy Baloth,J25,Foundations Jumpstart,643,normal,common,1,100458,4a08cc1c-ca6e-4028-8bbe-81efdf4320ed,,false,false,near_mint,en,EUR,InFeRMuS
"foundation, jumpstart",binder,Evolving Wilds,J25,Foundations Jumpstart,765,normal,common,1,100287,2861c9f5-0141-49ac-9b4b-623226d67b22,0.04,false,false,near_mint,en,EUR,InFeRMuS
"foundation, jumpstart",binder,Kazandu Nectarpot,J25,Foundations Jumpstart,679,normal,common,1,101290,e8cbfe30-cc77-4d50-a012-55159d114ab5,0.19,false,false,near_mint,en,EUR,InFeRMuS
"foundation, jumpstart",binder,Kazandu Stomper,J25,Foundations Jumpstart,680,normal,common,1,100129,08a89d40-d764-4d0b-a1a4-a165ae91b7e5,,false,false,near_mint,en,EUR,InFeRMuS
"foundation, jumpstart",binder,Krosan Tusker,J25,Foundations Jumpstart,681,normal,uncommon,1,101254,e2a49801-9838-4487-9ec6-cf087e1bb053,0.21,false,false,near_mint,en,EUR,InFeRMuS
"foundation, jumpstart",binder,Retreat to Kazandu,J25,Foundations Jumpstart,707,normal,uncommon,1,100648,6d33f025-9c5f-4437-8415-397126d1227d,0.79,false,false,near_mint,en,EUR,InFeRMuS
"foundation, jumpstart",binder,Snapping Gnarlid,J25,Foundations Jumpstart,714,normal,common,1,100605,65876c5b-0d7c-493d-9244-0562f72eda16,,false,false,near_mint,en,EUR,InFeRMuS
"foundation, jumpstart",binder,"Sutina, Speaker of the Tajuru",J25,Foundations Jumpstart,56,normal,uncommon,1,100214,1b794170-4ffd-4628-ba5a-b9293bb364dc,2.36,false,false,near_mint,en,EUR,InFeRMuS
"foundation, jumpstart",binder,Territorial Scythecat,J25,Foundations Jumpstart,723,normal,common,1,100276,262ab852-b066-4e69-8d33-32755197ba96,0.17,false,false,near_mint,en,EUR,InFeRMuS
"foundation, jumpstart",binder,Kapsho Kitefins,J25,Foundations Jumpstart,318,normal,uncommon,1,100693,77c6b729-3cae-4861-8c4b-d915b3361aae,,false,false,near_mint,en,EUR,InFeRMuS
"foundation, jumpstart",binder,Omen of the Sea,J25,Foundations Jumpstart,336,normal,common,1,101275,e7175448-d126-4402-96db-5392f95138b4,0.24,false,false,near_mint,en,EUR,InFeRMuS
"foundation, jumpstart",binder,Purple-Crystal Crab,J25,Foundations Jumpstart,347,normal,common,1,101341,f2da0ce0-799b-40dc-af28-b3d9da968b4f,,false,false,near_mint,en,EUR,InFeRMuS
"foundation, jumpstart",binder,Yarok's Wavecrasher,J25,Foundations Jumpstart,395,normal,uncommon,1,100245,20f3d25f-cdf6-4427-b4c9-760c127cc1bd,,false,false,near_mint,en,EUR,InFeRMuS
"foundation, jumpstart",binder,Angelic Gift,J25,Foundations Jumpstart,165,normal,common,1,100771,84d56684-644f-443b-937d-356d6c648644,0.1,false,false,near_mint,en,EUR,InFeRMuS
"foundation, jumpstart",binder,Archon of Sun's Grace,J25,Foundations Jumpstart,167,normal,rare,1,100553,5c3f9a15-02ee-4d83-ab4c-6cec9071b841,0.38,false,false,near_mint,en,EUR,InFeRMuS
"foundation, jumpstart",binder,Dreadful Apathy,J25,Foundations Jumpstart,192,normal,common,1,100238,2001eef3-42cd-45f7-9b48-ece13c75827f,,false,false,near_mint,en,EUR,InFeRMuS
"foundation, jumpstart",binder,Favored of Iroas,J25,Foundations Jumpstart,197,normal,uncommon,1,100415,41128b0c-d1ce-4bb3-86f3-b5d91a534e75,0.17,false,false,near_mint,en,EUR,InFeRMuS
"foundation, jumpstart",binder,Spirited Companion,J25,Foundations Jumpstart,256,normal,common,1,100870,99c27e8e-1a9b-4175-a7fb-c8224bc08e68,0.19,false,false,near_mint,en,EUR,InFeRMuS
"foundation, jumpstart",binder,Ancestral Blade,J25,Foundations Jumpstart,160,normal,common,1,100698,7902956b-8d64-4320-89b0-6f369ce1f410,0.24,false,false,near_mint,en,EUR,InFeRMuS
"foundation, jumpstart",binder,"Danitha Capashen, Paragon",J25,Foundations Jumpstart,59,normal,uncommon,1,100252,21b78c55-20cf-4a65-b50b-2f8093465646,0.48,false,false,near_mint,en,EUR,InFeRMuS
"foundation, jumpstart",binder,Fencing Ace,J25,Foundations Jumpstart,199,normal,uncommon,1,100223,1ddc3ccf-797d-45b2-a791-83d22481920c,0.12,false,false,near_mint,en,EUR,InFeRMuS
"foundation, jumpstart",binder,Mace of the Valiant,J25,Foundations Jumpstart,221,normal,rare,1,100089,01f9de40-af40-4b94-8517-da9f12fb61c4,0.21,false,false,near_mint,en,EUR,InFeRMuS
"foundation, jumpstart",binder,Mirran Bardiche,J25,Foundations Jumpstart,227,normal,common,1,101285,e8835209-c4ce-4c1b-8bd9-6a7d2c39f814,,false,false,near_mint,en,EUR,InFeRMuS
"foundation, jumpstart",binder,Starnheim Courser,J25,Foundations Jumpstart,261,normal,common,1,100798,89acced7-347b-40eb-b22b-96ce099c8ebc,0.24,false,false,near_mint,en,EUR,InFeRMuS
"foundation, jumpstart",binder,Sunspear Shikari,J25,Foundations Jumpstart,268,normal,common,1,100520,545f89c5-b41b-45de-81d7-8cde3d5f1901,0.1,false,false,near_mint,en,EUR,InFeRMuS
"foundation, jumpstart",binder,Valkyrie's Sword,J25,Foundations Jumpstart,276,normal,uncommon,1,100662,705c275e-bf42-4941-a1f6-c1dc3dcedc46,0.25,false,false,near_mint,en,EUR,InFeRMuS
"foundation, jumpstart",binder,Beetleback Chief,J25,Foundations Jumpstart,129,normal,uncommon,1,101404,fe276be5-bc54-4fb7-82af-a2312c76f1d2,0.14,false,false,near_mint,en,EUR,InFeRMuS
"foundation, jumpstart",binder,"General Kreat, the Boltbringer",J25,Foundations Jumpstart,48,normal,uncommon,1,100259,226fc101-abcc-4ed4-8c0b-3677dc8d8f0a,9.13,false,false,near_mint,en,EUR,InFeRMuS
"foundation, jumpstart",binder,Goblin Smuggler,J25,Foundations Jumpstart,137,normal,common,1,100578,60944421-4b32-4e61-ba7f-3ca9628aa570,0.17,false,false,near_mint,en,EUR,InFeRMuS
"foundation, jumpstart",binder,Goblin Surprise,J25,Foundations Jumpstart,16,normal,uncommon,1,101324,f092806d-b2de-44a8-85cd-0ab2b16e344e,0.17,false,false,near_mint,en,EUR,InFeRMuS
"foundation, jumpstart",binder,Goblin Trailblazer,J25,Foundations Jumpstart,560,normal,common,1,100297,2acf47ac-3a16-4809-9939-9631ec531f6f,0.15,false,false,near_mint,en,EUR,InFeRMuS
"foundation, jumpstart",binder,Krenko's Command,J25,Foundations Jumpstart,140,normal,common,1,100625,699295ea-edf4-46f4-972e-82359c80bb2e,0.19,false,false,near_mint,en,EUR,InFeRMuS
"foundation, jumpstart",binder,"Krenko, Tin Street Kingpin",J25,Foundations Jumpstart,572,normal,rare,1,100149,0c7d8714-a0ef-4ae8-909b-60f3319c646c,0.66,false,false,near_mint,en,EUR,InFeRMuS
"foundation, jumpstart",binder,Open Fire,J25,Foundations Jumpstart,583,normal,common,1,100837,92dc3c46-be1f-48c6-8f30-c0d7ac07ba20,,false,false,near_mint,en,EUR,InFeRMuS
"foundation, jumpstart",binder,Scavenged Blade,J25,Foundations Jumpstart,596,normal,common,1,100650,6d414410-b97a-4d7e-b177-300bc673c560,,false,false,near_mint,en,EUR,InFeRMuS
"foundation, jumpstart",binder,Shock,J25,Foundations Jumpstart,598,normal,common,1,100594,63ecf91b-853b-41a5-b655-18cfeeddbab6,,false,false,near_mint,en,EUR,InFeRMuS
"foundation, jumpstart",binder,Volley Veteran,J25,Foundations Jumpstart,142,normal,uncommon,1,100931,a4b6d564-b2b8-4143-8350-4f7ce4bd81c9,0.17,false,false,near_mint,en,EUR,InFeRMuS
"foundation, jumpstart",binder,Weaselback Redcap,J25,Foundations Jumpstart,614,normal,common,1,100705,7a2c2107-2965-4ed0-bd93-b2375c765d47,0.17,false,false,near_mint,en,EUR,InFeRMuS
raras no binder,binder,Castle Locthwain,ELD,Throne of Eldraine,241,normal,rare,1,46097,195383c1-4723-40b0-ba53-298dfd8e30d0,3.48,false,false,near_mint,en,EUR,InFeRMuS
raras no binder,binder,Hushbringer,ELD,Throne of Eldraine,18,normal,rare,1,46320,663b3e6f-1099-4de8-a0a7-6f1919c38010,0.5,false,false,near_mint,en,EUR,InFeRMuS
raras no binder,binder,Witch's Vengeance,ELD,Throne of Eldraine,111,normal,rare,1,46227,dbf16457-3444-4130-b220-834b69d9faa3,0.15,false,false,near_mint,en,EUR,InFeRMuS
raras no binder,binder,Lovestruck Beast // Heart's Desire,ELD,Throne of Eldraine,165,normal,rare,1,46173,4ccdef9c-1e85-4358-8059-8972479f7556,0.16,false,false,near_mint,en,EUR,InFeRMuS
raras no binder,binder,Once Upon a Time,ELD,Throne of Eldraine,169,normal,rare,1,46169,4034e5ba-9974-43e3-bde7-8d9b4586c3a4,1.05,false,false,near_mint,en,EUR,InFeRMuS
raras no binder,binder,Opportunistic Dragon,ELD,Throne of Eldraine,133,normal,rare,1,46205,3fa16922-3583-4f5b-8805-509b95a8da49,0.18,false,false,near_mint,en,EUR,InFeRMuS
raras no binder,binder,"Rankle, Master of Pranks",ELD,Throne of Eldraine,101,normal,mythic,1,46237,93c2c11d-dfc3-4ba9-8c0f-a98114090396,1.23,false,false,near_mint,en,EUR,InFeRMuS
raras no binder,binder,Stormfist Crusader,ELD,Throne of Eldraine,203,normal,rare,1,46135,27425f2e-e0b2-489d-877d-8257d2026bfd,0.32,false,false,near_mint,en,EUR,InFeRMuS
raras no binder,binder,"Ayara, First of Locthwain",ELD,Throne of Eldraine,75,normal,rare,1,46263,ed0ace28-9a33-4f0d-b8c8-f5517f20ccf1,2.41,false,false,near_mint,en,EUR,InFeRMuS
raras no binder,binder,Questing Beast,ELD,Throne of Eldraine,171,normal,mythic,1,46167,e41cf82d-3213-47ce-a015-6e51a8b07e4f,4.03,false,false,near_mint,en,EUR,InFeRMuS
raras no binder,binder,Sorcerous Spyglass,ELD,Throne of Eldraine,233,normal,rare,1,46105,e47e85d1-8c4a-43a9-92b3-7cb2a5b89219,0.1,false,false,near_mint,en,EUR,InFeRMuS
raras no binder,binder,Escape to the Wilds,ELD,Throne of Eldraine,189,normal,rare,1,46149,3e26c10b-179f-4a6e-bc8d-3ec1d6783fb9,0.34,false,false,near_mint,en,EUR,InFeRMuS
raras no binder,binder,Clackbridge Troll,ELD,Throne of Eldraine,84,normal,rare,1,46254,85929131-4df6-415c-b592-aefb2943c477,0.43,false,false,near_mint,en,EUR,InFeRMuS
raras no binder,binder,"Gadwick, the Wizened",ELD,Throne of Eldraine,48,normal,rare,1,46290,62ddce0d-f22a-4fcd-9a4a-d71938750ba1,0.58,false,false,near_mint,en,EUR,InFeRMuS
raras no binder,binder,Fires of Invention,ELD,Throne of Eldraine,125,normal,rare,1,46213,a12b16b0-f75f-42d8-9b24-947c1908e0f7,0.14,false,false,near_mint,en,EUR,InFeRMuS
raras no binder,binder,Brazen Borrower // Petty Theft,ELD,Throne of Eldraine,39,normal,mythic,1,46299,c2089ec9-0665-448f-bfe9-d181de127814,5.77,false,false,near_mint,en,EUR,InFeRMuS
raras no binder,binder,Charming Prince,ELD,Throne of Eldraine,8,normal,rare,2,46330,dcb94950-3f3e-4876-84f8-d5e4d9cfecee,1.33,false,false,near_mint,en,EUR,InFeRMuS
non basic lands,binder,Mystic Sanctuary,ELD,Throne of Eldraine,247,normal,common,1,46091,170e792c-80d5-4775-ad95-37614574ab84,0.91,false,false,near_mint,en,EUR,InFeRMuS
non basic lands,binder,Gingerbread Cabin,ELD,Throne of Eldraine,245,normal,common,1,46093,b11f5296-5f7d-41ca-a67d-e976273d7386,0.14,false,false,near_mint,en,EUR,InFeRMuS
non basic lands,binder,Dwarven Mine,ELD,Throne of Eldraine,243,normal,common,2,46095,5c83074d-0c9b-4b58-94ca-d75240485579,0.21,false,false,near_mint,en,EUR,InFeRMuS
non basic lands,binder,Witch's Cottage,ELD,Throne of Eldraine,249,normal,common,3,46089,b87891cd-b457-4dff-8d18-a7eaf6748fc6,0.36,false,false,near_mint,en,EUR,InFeRMuS
c /u fodder,binder,Lucky Clover,ELD,Throne of Eldraine,226,normal,uncommon,1,46112,4b5d23a6-3a23-4169-aea1-f10bf5153180,0.13,false,false,near_mint,en,EUR,InFeRMuS
c /u fodder,binder,Inquisitive Puppet,ELD,Throne of Eldraine,223,normal,uncommon,1,46115,807a570a-b5eb-420d-9fa5-6e5364025510,0.12,false,false,near_mint,en,EUR,InFeRMuS
c /u fodder,binder,Weapon Rack,ELD,Throne of Eldraine,236,normal,common,1,46102,89ca22d2-3ba5-4173-9c8c-6587a901ff4a,0.1,false,false,near_mint,en,EUR,InFeRMuS
c /u fodder,binder,Crashing Drawbridge,ELD,Throne of Eldraine,217,normal,common,1,46121,b7d7108f-635c-423b-988a-bc8fc4c6edef,0.31,false,false,near_mint,en,EUR,InFeRMuS
c /u fodder,binder,Enchanted Carriage,ELD,Throne of Eldraine,218,normal,uncommon,1,46120,0057c2ae-ea4f-404a-ab95-f3979efd1b3b,0.14,false,false,near_mint,en,EUR,InFeRMuS
c /u fodder,binder,Jousting Dummy,ELD,Throne of Eldraine,224,normal,common,1,46114,f6601056-af08-4239-97d5-5e11597fce18,0.02,false,false,near_mint,en,EUR,InFeRMuS
c /u fodder,binder,Sorcerer's Broom,ELD,Throne of Eldraine,232,normal,uncommon,1,46106,071e8f20-18b3-4bf5-a23a-adb42bf5819b,0.06,false,false,near_mint,en,EUR,InFeRMuS
c /u fodder,binder,Gingerbrute,ELD,Throne of Eldraine,219,normal,common,1,46119,f55fe038-c903-4d92-b689-72dd6d041a91,0.2,false,false,near_mint,en,EUR,InFeRMuS
c /u fodder,binder,Heraldic Banner,ELD,Throne of Eldraine,222,normal,uncommon,1,46116,2e349af5-3f25-46d3-908e-83b2f6028b95,0.49,false,false,near_mint,en,EUR,InFeRMuS
c /u fodder,binder,Golden Egg,ELD,Throne of Eldraine,220,normal,common,1,46118,525142c3-f17c-4e02-a02d-fa385215aa12,0.11,false,false,near_mint,en,EUR,InFeRMuS
c /u fodder,binder,Bog Naughty,ELD,Throne of Eldraine,80,normal,uncommon,1,46258,0cf282fe-83fd-4208-b46f-dae76e3a7f62,0.09,false,false,near_mint,en,EUR,InFeRMuS
c /u fodder,binder,Foulmire Knight // Profane Insight,ELD,Throne of Eldraine,90,normal,uncommon,1,46248,c5f6c745-e46a-42eb-8eca-b7b74ab1245e,0.15,false,false,near_mint,en,EUR,InFeRMuS
c /u fodder,binder,Foreboding Fruit,ELD,Throne of Eldraine,88,normal,common,1,46250,c5f79ec4-3722-4fda-824b-e80dc7608d01,0.05,false,false,near_mint,en,EUR,InFeRMuS
c /u fodder,binder,Lash of Thorns,ELD,Throne of Eldraine,92,normal,common,1,46246,ea45e972-6e4a-4854-9be3-6ffb24e7d7a5,0.05,false,false,near_mint,en,EUR,InFeRMuS
c /u fodder,binder,Order of Midnight // Alter Fate,ELD,Throne of Eldraine,99,normal,uncommon,1,46239,330cc452-4382-401d-9432-ac27ae6e27ad,0.11,false,false,near_mint,en,EUR,InFeRMuS
c /u fodder,binder,Revenge of Ravens,ELD,Throne of Eldraine,104,normal,uncommon,1,46234,3474289a-193e-452d-b248-e53ee99e22c0,0.32,false,false,near_mint,en,EUR,InFeRMuS
c /u fodder,binder,Reave Soul,ELD,Throne of Eldraine,103,normal,common,1,46235,ce7ff657-aa44-4336-895a-87518159cef6,0.05,false,false,near_mint,en,EUR,InFeRMuS
c /u fodder,binder,Locthwain Paladin,ELD,Throne of Eldraine,93,normal,common,1,46245,da6f21a8-3dd0-42af-8a93-84f98968c781,0.04,false,false,near_mint,en,EUR,InFeRMuS
c /u fodder,binder,Eye Collector,ELD,Throne of Eldraine,86,normal,common,1,46252,2b9bb2f3-a7c7-4e8f-ba39-44e6acd9240b,0.06,false,false,near_mint,en,EUR,InFeRMuS
c /u fodder,binder,Belle of the Brawl,ELD,Throne of Eldraine,78,normal,uncommon,1,46260,2c3c992a-70b5-4d3c-9a96-93c3365691ac,0.12,false,false,near_mint,en,EUR,InFeRMuS
c /u fodder,binder,Tempting Witch,ELD,Throne of Eldraine,108,normal,common,1,46230,8b217e5a-3c18-48b4-8124-b8c4fd7b2df1,0.06,false,false,near_mint,en,EUR,InFeRMuS
c /u fodder,binder,Venerable Knight,ELD,Throne of Eldraine,35,normal,uncommon,1,46303,0001f1ef-b957-4a55-b47f-14839cdbab6f,0.15,false,false,near_mint,en,EUR,InFeRMuS
c /u fodder,binder,Ardenvale Tactician // Dizzying Swoop,ELD,Throne of Eldraine,5,normal,common,1,46333,c7d5e394-8e41-442e-ae97-a478a61e1b9d,0.08,false,false,near_mint,en,EUR,InFeRMuS
c /u fodder,binder,Silverflame Squire // On Alert,ELD,Throne of Eldraine,31,normal,common,1,46307,7bd105f3-fa33-4490-aea9-b47ca121b664,0.04,false,false,near_mint,en,EUR,InFeRMuS
c /u fodder,binder,"Syr Alin, the Lion's Claw",ELD,Throne of Eldraine,32,normal,uncommon,1,46306,4cddb2d2-d813-4b83-a592-380ba4edf54f,0.09,false,false,near_mint,en,EUR,InFeRMuS
c /u fodder,binder,Deafening Silence,ELD,Throne of Eldraine,10,normal,uncommon,1,46328,6072d9b0-d3c7-46f4-bd24-095bb13c4dea,1.24,false,false,near_mint,en,EUR,InFeRMuS
c /u fodder,binder,Rally for the Throne,ELD,Throne of Eldraine,25,normal,uncommon,1,46313,548d7ff0-70b6-4221-b50b-3ee8547e1b0a,0.09,false,false,near_mint,en,EUR,InFeRMuS
c /u fodder,binder,Flutterfox,ELD,Throne of Eldraine,12,normal,common,1,46326,769cddf0-2078-456b-a622-057571464fe7,0.02,false,false,near_mint,en,EUR,InFeRMuS
c /u fodder,binder,Knight of the Keep,ELD,Throne of Eldraine,19,normal,common,1,46319,0d49653d-cd4e-40a7-99de-fc531b5d8594,0.02,false,false,near_mint,en,EUR,InFeRMuS
c /u fodder,binder,Archon of Absolution,ELD,Throne of Eldraine,3,normal,uncommon,1,46335,684ca60c-7ed4-49e1-b54a-91d129539375,0.2,false,false,near_mint,en,EUR,InFeRMuS
c /u fodder,binder,Righteousness,ELD,Throne of Eldraine,27,normal,uncommon,1,46311,d2910df2-e288-4fa0-9859-c5ca35da2d55,0.08,false,false,near_mint,en,EUR,InFeRMuS
c /u fodder,binder,Lonesome Unicorn // Rider in Need,ELD,Throne of Eldraine,21,normal,common,1,46317,99083707-2152-42c0-b5c3-b4f97ec20190,0.06,false,false,near_mint,en,EUR,InFeRMuS
c /u fodder,binder,Faerie Guidemother // Gift of the Fae,ELD,Throne of Eldraine,11,normal,common,2,46327,e8bbece8-9620-44d9-b991-350fe952538a,0.11,false,false,near_mint,en,EUR,InFeRMuS
c /u fodder,binder,Barrow Witches,ELD,Throne of Eldraine,77,normal,common,2,46261,45707c22-fce8-4dbd-9d19-73f08c68f449,0.04,false,false,near_mint,en,EUR,InFeRMuS
c /u fodder,binder,Smitten Swordmaster // Curry Favor,ELD,Throne of Eldraine,105,normal,common,2,46233,f82541f2-b17c-45b4-87ff-f9b46d23578c,0.12,false,false,near_mint,en,EUR,InFeRMuS
c /u fodder,binder,Outflank,ELD,Throne of Eldraine,23,normal,common,3,46315,663e0208-81c3-4a76-bcc2-bc59cf8ca649,0.05,false,false,near_mint,en,EUR,InFeRMuS
c /u fodder,binder,Silverflame Ritual,ELD,Throne of Eldraine,30,normal,common,2,46308,cad7efd1-5f53-4466-9a02-c474c265298a,0.05,false,false,near_mint,en,EUR,InFeRMuS
c /u fodder,binder,Reaper of Night // Harvest Fear,ELD,Throne of Eldraine,102,normal,common,2,46236,4dc774b4-3f70-4351-b1b8-8a0193cb3a50,0.06,false,false,near_mint,en,EUR,InFeRMuS
c /u fodder,binder,Prized Griffin,ELD,Throne of Eldraine,24,normal,common,3,46314,877bd423-83ff-4a28-b0d2-447a7821bb8c,0.04,false,false,near_mint,en,EUR,InFeRMuS
c /u fodder,binder,Beloved Princess,ELD,Throne of Eldraine,7,normal,common,2,46331,4c6ee4eb-70b2-4f99-9d54-5caf2d3713be,0.06,false,false,near_mint,en,EUR,InFeRMuS
c /u fodder,binder,Fortifying Provisions,ELD,Throne of Eldraine,13,normal,common,3,46325,98ce113c-53da-4fab-b7c9-fc3df248b65e,0.1,false,false,near_mint,en,EUR,InFeRMuS
c /u fodder,binder,Bartered Cow,ELD,Throne of Eldraine,6,normal,common,3,46332,1de43c67-7dfe-4282-b433-4e394366d2e9,0.02,false,false,near_mint,en,EUR,InFeRMuS
c /u fodder,binder,Youthful Knight,ELD,Throne of Eldraine,37,normal,common,2,46301,3d1a3fec-39de-4223-9da2-22749a58cd62,0.08,false,false,near_mint,en,EUR,InFeRMuS
c /u fodder,binder,Malevolent Noble,ELD,Throne of Eldraine,95,normal,common,2,46243,6bc7e996-151f-4d88-8e1e-91bb88f5db02,0.03,false,false,near_mint,en,EUR,InFeRMuS
c /u fodder,binder,Memory Theft,ELD,Throne of Eldraine,96,normal,common,3,46242,397fd49b-a520-4b0e-9ab9-71675ab5969d,0.05,false,false,near_mint,en,EUR,InFeRMuS
c /u fodder,binder,Scalding Cauldron,ELD,Throne of Eldraine,229,normal,common,2,46109,710d2782-2b23-441f-9890-6fa9c923b701,0.02,false,false,near_mint,en,EUR,InFeRMuS
c /u fodder,binder,Prophet of the Peak,ELD,Throne of Eldraine,227,normal,common,2,46111,58131bf2-2a9f-4b81-9eeb-810372f3896c,0.06,false,false,near_mint,en,EUR,InFeRMuS
c /u fodder,binder,Shining Armor,ELD,Throne of Eldraine,29,normal,common,2,46309,7791f46e-f772-4d3f-824e-52b4fc721b58,0.05,false,false,near_mint,en,EUR,InFeRMuS
c /u fodder,binder,Bake into a Pie,ELD,Throne of Eldraine,76,normal,common,2,46262,42a4d090-1bb7-4334-ab22-e2527391e79b,0.07,false,false,near_mint,en,EUR,InFeRMuS
c /u fodder,binder,Giant's Skewer,ELD,Throne of Eldraine,91,normal,common,2,46247,050c03f9-ccbd-4dcc-9789-8013875ef470,0.11,false,false,near_mint,en,EUR,InFeRMuS
c /u fodder,binder,Lost Legion,ELD,Throne of Eldraine,94,normal,common,2,46244,2d6139d3-5397-4403-9c1e-312c11a7542b,0.03,false,false,near_mint,en,EUR,InFeRMuS
c /u fodder,binder,Festive Funeral,ELD,Throne of Eldraine,87,normal,common,2,46251,90a90af0-eb40-40da-bf4b-f0af687c6430,0.06,false,false,near_mint,en,EUR,InFeRMuS
c /u fodder,binder,Locthwain Gargoyle,ELD,Throne of Eldraine,225,normal,common,2,46113,02551bee-335c-4bf7-b38e-67dd71d1d567,0.09,false,false,near_mint,en,EUR,InFeRMuS
c /u fodder,binder,Henge Walker,ELD,Throne of Eldraine,221,normal,common,2,46117,9925f0bc-8685-4e38-8864-0ad3a9549ab5,0.03,false,false,near_mint,en,EUR,InFeRMuS
c /u fodder,binder,Roving Keep,ELD,Throne of Eldraine,228,normal,common,3,46110,38a0136e-a637-4a12-a38f-35f772b290a9,0.02,false,false,near_mint,en,EUR,InFeRMuS
c /u fodder,binder,Ardenvale Paladin,ELD,Throne of Eldraine,4,normal,common,2,46334,a32fa360-6c41-4146-931b-c19e9a766803,0.04,false,false,near_mint,en,EUR,InFeRMuS
c /u fodder,binder,Signpost Scarecrow,ELD,Throne of Eldraine,231,normal,common,2,46107,a2c5f336-c100-4bec-89d5-548f60064d7f,0.05,false,false,near_mint,en,EUR,InFeRMuS
c /u fodder,binder,Wicked Guardian,ELD,Throne of Eldraine,109,normal,common,4,46229,71cd91b2-0f9b-4582-ad90-32fa3ee1fde7,0.03,false,false,near_mint,en,EUR,InFeRMuS
c /u fodder,binder,"Syr Konrad, the Grim",ELD,Throne of Eldraine,107,normal,uncommon,2,46231,a808868f-aea8-4651-9357-85a4d7b4f290,0.75,false,false,near_mint,en,EUR,InFeRMuS
c /u fodder,binder,Trapped in the Tower,ELD,Throne of Eldraine,33,normal,common,2,46305,974e84ce-5b51-4bd7-9a4d-b64d8f8f62d4,0.04,false,false,near_mint,en,EUR,InFeRMuS
c /u fodder,binder,Forever Young,ELD,Throne of Eldraine,89,normal,common,3,46249,7873c1f9-572c-4740-82f8-cf3cbc7318d0,0.13,false,false,near_mint,en,EUR,InFeRMuS
c /u fodder,binder,Glass Casket,ELD,Throne of Eldraine,15,normal,uncommon,2,46323,562f1c51-d245-4771-bf61-415297e4f9d5,0.13,false,false,near_mint,en,EUR,InFeRMuS
c /u fodder,binder,Embereth Shieldbreaker // Battle Display,ELD,Throne of Eldraine,292,normal,uncommon,1,46015,13b553f1-8107-42a8-841a-91adf71cff72,0.16,false,false,near_mint,en,EUR,InFeRMuS
c /u fodder,binder,Ogre Errant,ELD,Throne of Eldraine,132,normal,common,1,46206,0e96f3dc-dc58-4034-8d3d-3ae74fa64562,0.05,false,false,near_mint,en,EUR,InFeRMuS
c /u fodder,binder,Redcap Melee,ELD,Throne of Eldraine,135,normal,uncommon,1,46203,6bd1dd34-d480-4dfd-9f82-73c4e24a11fc,0.12,false,false,near_mint,en,EUR,InFeRMuS
c /u fodder,binder,Slaying Fire,ELD,Throne of Eldraine,143,normal,uncommon,1,46195,83b5b110-c430-4ffe-9fc1-8e6987f52d1e,0.11,false,false,near_mint,en,EUR,InFeRMuS
c /u fodder,binder,Barge In,ELD,Throne of Eldraine,112,normal,common,2,46226,9bfe337c-4b8c-42ce-8c43-4c95051d09ac,0.06,false,false,near_mint,en,EUR,InFeRMuS
c /u fodder,binder,Raging Redcap,ELD,Throne of Eldraine,134,normal,common,1,46204,d9325398-41c3-4177-a64d-ea38cb7a8737,0.09,false,false,near_mint,en,EUR,InFeRMuS
c /u fodder,binder,"Syr Carah, the Bold",ELD,Throne of Eldraine,145,normal,uncommon,1,46193,080a249a-df47-4769-bb63-0d8ab3f2467c,0.16,false,false,near_mint,en,EUR,InFeRMuS
c /u fodder,binder,Merchant of the Vale // Haggle,ELD,Throne of Eldraine,131,normal,common,1,46207,0b4399b6-e67f-40d8-8676-f5db7e04a6c9,0.12,false,false,near_mint,en,EUR,InFeRMuS
c /u fodder,binder,Crystal Slipper,ELD,Throne of Eldraine,119,normal,common,1,46219,9f738ca6-5254-4dbc-9f59-854e81c8dac2,0.05,false,false,near_mint,en,EUR,InFeRMuS
c /u fodder,binder,Ferocity of the Wilds,ELD,Throne of Eldraine,123,normal,uncommon,1,46215,8f7005fd-5917-4f7d-9a7d-7ccc044d0f87,0.2,false,false,near_mint,en,EUR,InFeRMuS
c /u fodder,binder,Embereth Shieldbreaker // Battle Display,ELD,Throne of Eldraine,122,normal,uncommon,1,46216,6cc73d16-5ed7-4104-91f6-0997a2080e2e,0.14,false,false,near_mint,en,EUR,InFeRMuS
c /u fodder,binder,Skullknocker Ogre,ELD,Throne of Eldraine,142,normal,uncommon,1,46196,dfa89e28-c0a9-4b76-b0d5-8dcaa75bfd59,0.02,false,false,near_mint,en,EUR,InFeRMuS
c /u fodder,binder,Searing Barrage,ELD,Throne of Eldraine,140,normal,common,1,46198,d2f11135-e9ce-4e4c-bea7-72a46d326e40,0.03,false,false,near_mint,en,EUR,InFeRMuS
c /u fodder,binder,Inspiring Veteran,ELD,Throne of Eldraine,194,normal,uncommon,1,46144,0c3f372d-259d-4a31-9491-2d369b3f3f8b,0.1,false,false,near_mint,en,EUR,InFeRMuS
c /u fodder,binder,Maraleaf Pixie,ELD,Throne of Eldraine,196,normal,uncommon,1,46142,e6d7f9c9-dd83-4684-a949-1c22f316138a,0.19,false,false,near_mint,en,EUR,InFeRMuS
c /u fodder,binder,Wintermoor Commander,ELD,Throne of Eldraine,205,normal,uncommon,1,46133,06e8d715-025f-4578-b427-e401318a9c58,0.16,false,false,near_mint,en,EUR,InFeRMuS
c /u fodder,binder,Fireborn Knight,ELD,Throne of Eldraine,210,normal,uncommon,1,46128,6716f46c-806d-4b3e-8a1c-fd6dcedacf8e,0.15,false,false,near_mint,en,EUR,InFeRMuS
c /u fodder,binder,Savvy Hunter,ELD,Throne of Eldraine,200,normal,uncommon,1,46138,15c98441-2b31-4e48-a399-f36dffcfa41d,0.13,false,false,near_mint,en,EUR,InFeRMuS
c /u fodder,binder,Loch Dragon,ELD,Throne of Eldraine,211,normal,uncommon,1,46127,9a99088e-7162-4e65-867f-bca1c7400ce3,0.09,false,false,near_mint,en,EUR,InFeRMuS
c /u fodder,binder,Resolute Rider,ELD,Throne of Eldraine,214,normal,uncommon,1,46124,853dbf04-7165-4728-b96c-c9e4ff4d3491,0.1,false,false,near_mint,en,EUR,InFeRMuS
c /u fodder,binder,Elite Headhunter,ELD,Throne of Eldraine,209,normal,uncommon,1,46129,aa9d0279-4fe0-4228-a82f-bc3cd91500df,0.06,false,false,near_mint,en,EUR,InFeRMuS
c /u fodder,binder,Insatiable Appetite,ELD,Throne of Eldraine,162,normal,common,1,46176,2357f2db-00c2-41f6-bd04-93f905dea461,0.04,false,false,near_mint,en,EUR,InFeRMuS
c /u fodder,binder,Giant Opportunity,ELD,Throne of Eldraine,159,normal,uncommon,1,46179,40383646-3fc4-4267-b9ad-bf90a85972fc,0.12,false,false,near_mint,en,EUR,InFeRMuS
c /u fodder,binder,Fell the Pheasant,ELD,Throne of Eldraine,153,normal,common,1,46185,33d3cc84-7cb6-4de2-9018-4695a3b1e099,0.08,false,false,near_mint,en,EUR,InFeRMuS
c /u fodder,binder,Flaxen Intruder // Welcome Home,ELD,Throne of Eldraine,155,normal,uncommon,1,46183,06bd1ad2-fb5d-4aef-87d1-13a341c686fa,0.03,false,false,near_mint,en,EUR,InFeRMuS
c /u fodder,binder,Beanstalk Giant // Fertile Footsteps,ELD,Throne of Eldraine,149,normal,uncommon,1,46189,a66f5ea7-ddbb-4b89-b812-77bd17972cf9,0.15,false,false,near_mint,en,EUR,InFeRMuS
c /u fodder,binder,Kenrith's Transformation,ELD,Throne of Eldraine,164,normal,uncommon,1,46174,6da7cd39-1f8a-4f68-adb7-df2beac02263,0.87,false,false,near_mint,en,EUR,InFeRMuS
c /u fodder,binder,Rosethorn Acolyte // Seasonal Ritual,ELD,Throne of Eldraine,174,normal,common,1,46164,2a0d430f-da84-4752-940c-8457c525aac9,0.11,false,false,near_mint,en,EUR,InFeRMuS
c /u fodder,binder,Keeper of Fables,ELD,Throne of Eldraine,163,normal,uncommon,1,46175,6754d6cf-3506-48b5-a0ef-8a90b8dd2701,0.14,false,false,near_mint,en,EUR,InFeRMuS
c /u fodder,binder,Outmuscle,ELD,Throne of Eldraine,170,normal,common,1,46168,40d0ddcc-e6df-4fe1-9ac9-f895885ccc84,0.08,false,false,near_mint,en,EUR,InFeRMuS
c /u fodder,binder,Garenbrig Carver // Shield's Might,ELD,Throne of Eldraine,156,normal,common,1,46182,194b7a1c-291a-470e-9a40-61b72a46793b,0.04,false,false,near_mint,en,EUR,InFeRMuS
c /u fodder,binder,Fierce Witchstalker,ELD,Throne of Eldraine,154,foil,common,1,46184,d63a6be2-ae9a-4758-9d5c-0297ef9af57c,0.16,false,false,near_mint,en,EUR,InFeRMuS
c /u fodder,binder,Tuinvale Treefolk // Oaken Boon,ELD,Throne of Eldraine,180,normal,common,1,46158,8bc518fc-904e-4e39-aeda-ffb222bfcc82,0.07,false,false,near_mint,en,EUR,InFeRMuS
c /u fodder,binder,Overwhelmed Apprentice,ELD,Throne of Eldraine,60,normal,uncommon,1,46278,8659092e-4fe8-42be-ab03-efc99ed37436,0.11,false,false,near_mint,en,EUR,InFeRMuS
c /u fodder,binder,Mystical Dispute,ELD,Throne of Eldraine,58,normal,uncommon,1,46280,fbe04cb8-a8b9-4241-baae-b398a2509a3a,0.43,false,false,near_mint,en,EUR,InFeRMuS
c /u fodder,binder,Into the Story,ELD,Throne of Eldraine,50,normal,uncommon,1,46288,c838f08e-7fb6-46e7-83bb-dce8877d6c87,0.21,false,false,near_mint,en,EUR,InFeRMuS
c /u fodder,binder,"Syr Elenora, the Discerning",ELD,Throne of Eldraine,67,normal,uncommon,1,46271,050a0817-2e9c-4d98-974c-2d3e5c37e1a2,0.06,false,false,near_mint,en,EUR,InFeRMuS
c /u fodder,binder,Queen of Ice // Rage of Winter,ELD,Throne of Eldraine,61,normal,common,1,46277,de2f964a-e4e1-4321-92ad-34b781868e11,0.12,false,false,near_mint,en,EUR,InFeRMuS
c /u fodder,binder,Corridor Monitor,ELD,Throne of Eldraine,41,normal,common,1,46297,9347802a-0971-443c-867a-cb9400f18d5c,0.18,false,false,near_mint,en,EUR,InFeRMuS
c /u fodder,binder,Frogify,ELD,Throne of Eldraine,47,normal,uncommon,1,46291,b69cbb20-3c4e-480b-a330-9c6d6b39d12f,0.19,false,false,near_mint,en,EUR,InFeRMuS
c /u fodder,binder,So Tiny,ELD,Throne of Eldraine,64,normal,common,1,46274,421650f2-1b34-4a36-9675-9424997c9d0b,0.06,false,false,near_mint,en,EUR,InFeRMuS
c /u fodder,binder,Mistford River Turtle,ELD,Throne of Eldraine,56,normal,common,1,46282,0c78c386-c64b-4fab-a718-f18b46360e20,0.14,false,false,near_mint,en,EUR,InFeRMuS
c /u fodder,binder,Garenbrig Squire,ELD,Throne of Eldraine,158,normal,common,2,46180,74237cce-2ca2-4bfd-a846-c7309621a85f,0.04,false,false,near_mint,en,EUR,InFeRMuS
c /u fodder,binder,Tome Raider,ELD,Throne of Eldraine,68,normal,common,2,46270,e04ad850-5801-4654-a388-f86be20a43bf,0.09,false,false,near_mint,en,EUR,InFeRMuS
c /u fodder,binder,Oakhame Adversary,ELD,Throne of Eldraine,167,normal,uncommon,2,46171,9fb4e77f-e189-4ad3-9fca-8da04289e396,0.16,false,false,near_mint,en,EUR,InFeRMuS
c /u fodder,binder,Run Away Together,ELD,Throne of Eldraine,62,normal,common,2,46276,aeffc3c0-567c-442f-ba06-b7d9617c5789,0.05,false,false,near_mint,en,EUR,InFeRMuS
c /u fodder,binder,Brimstone Trebuchet,ELD,Throne of Eldraine,116,normal,common,3,46222,77c49e0e-4375-4e45-a57b-8df667e45ce6,0.07,false,false,near_mint,en,EUR,InFeRMuS
c /u fodder,binder,Seven Dwarves,ELD,Throne of Eldraine,141,normal,common,3,46197,464adbae-70ea-48e1-b8ae-b404766f7a5a,0.27,false,false,near_mint,en,EUR,InFeRMuS
c /u fodder,binder,Faerie Vandal,ELD,Throne of Eldraine,45,normal,uncommon,2,46293,789c5c2b-3e51-4f6c-ac76-d276facf716f,0.11,false,false,near_mint,en,EUR,InFeRMuS
c /u fodder,binder,Rimrock Knight // Boulder Rush,ELD,Throne of Eldraine,137,normal,common,2,46201,a3d13d84-01e4-4429-93db-e5afff811527,0.06,false,false,near_mint,en,EUR,InFeRMuS
c /u fodder,binder,Fierce Witchstalker,ELD,Throne of Eldraine,154,normal,common,4,46184,d63a6be2-ae9a-4758-9d5c-0297ef9af57c,0.07,false,false,near_mint,en,EUR,InFeRMuS
c /u fodder,binder,Thrill of Possibility,ELD,Throne of Eldraine,146,normal,common,4,46192,c9021f85-7ab4-4a78-a398-1611fe09cd14,0.09,false,false,near_mint,en,EUR,InFeRMuS
c /u fodder,binder,Rosethorn Halberd,ELD,Throne of Eldraine,175,normal,common,2,46163,d4a66e33-af5c-42b5-bef6-0ff0197ecc14,0.02,false,false,near_mint,en,EUR,InFeRMuS
c /u fodder,binder,Moonlit Scavengers,ELD,Throne of Eldraine,57,normal,common,2,46281,6a658bbd-8d64-460b-87ae-ec8054204794,0.03,false,false,near_mint,en,EUR,InFeRMuS
c /u fodder,binder,Claim the Firstborn,ELD,Throne of Eldraine,118,normal,uncommon,2,46220,feaf1e6c-c7d9-4ac7-9aeb-c4b5d61548ec,0.2,false,false,near_mint,en,EUR,InFeRMuS
c /u fodder,binder,Merfolk Secretkeeper // Venture Deeper,ELD,Throne of Eldraine,53,normal,common,3,46285,ceb7308d-608c-4ede-9496-d795fc5bb271,0.1,false,false,near_mint,en,EUR,InFeRMuS
c /u fodder,binder,"Grumgully, the Generous",ELD,Throne of Eldraine,192,normal,uncommon,2,46146,b9d50d26-3c44-4c8f-81bb-9093dacfb804,0.21,false,false,near_mint,en,EUR,InFeRMuS
c /u fodder,binder,Garenbrig Paladin,ELD,Throne of Eldraine,157,normal,common,3,46181,8445020a-6fab-47dd-9e57-886c28f68b3f,0.03,false,false,near_mint,en,EUR,InFeRMuS
c /u fodder,binder,Wildwood Tracker,ELD,Throne of Eldraine,183,normal,common,3,46155,3538eba1-475a-4388-8a72-55ab7cd1027e,0.08,false,false,near_mint,en,EUR,InFeRMuS
c /u fodder,binder,Sporecap Spider,ELD,Throne of Eldraine,176,normal,common,3,46162,7bc33252-145f-45c0-bb70-23183c698f66,0.09,false,false,near_mint,en,EUR,InFeRMuS
c /u fodder,binder,Didn't Say Please,ELD,Throne of Eldraine,42,normal,common,2,46296,77500b53-0852-4d6a-bfe3-b1e8ef5a12cd,0.17,false,false,near_mint,en,EUR,InFeRMuS
c /u fodder,binder,Vantress Paladin,ELD,Throne of Eldraine,72,normal,common,3,46266,52dd633f-9a07-47df-adb1-36013fc2f43a,0.07,false,false,near_mint,en,EUR,InFeRMuS
c /u fodder,binder,Bloodhaze Wolverine,ELD,Throne of Eldraine,113,normal,common,2,46225,3d6c0bc1-cb07-4009-83b1-1122381cf9c4,0.03,false,false,near_mint,en,EUR,InFeRMuS
c /u fodder,binder,Return to Nature,ELD,Throne of Eldraine,173,normal,common,2,46165,c3d5088e-21d0-4255-a14c-ad950133a90e,0.08,false,false,near_mint,en,EUR,InFeRMuS
c /u fodder,binder,Fling,ELD,Throne of Eldraine,126,normal,common,2,46212,cb28fe03-8269-41de-b766-42c3421aeaef,0.08,false,false,near_mint,en,EUR,InFeRMuS
c /u fodder,binder,Tall as a Beanstalk,ELD,Throne of Eldraine,178,normal,common,2,46160,098bfd71-a47f-4dfc-b516-b88a388fb7b5,0.03,false,false,near_mint,en,EUR,InFeRMuS
c /u fodder,binder,Witching Well,ELD,Throne of Eldraine,74,normal,common,2,46264,62d3132f-f897-4a7a-9de4-c6388e83f5ad,0.11,false,false,near_mint,en,EUR,InFeRMuS
c /u fodder,binder,Wishful Merfolk,ELD,Throne of Eldraine,73,normal,common,3,46265,f9358d5d-726e-43e0-a58e-4cfe7c755913,0.05,false,false,near_mint,en,EUR,InFeRMuS
c /u fodder,binder,Scorching Dragonfire,ELD,Throne of Eldraine,139,normal,common,2,46199,3b74a806-ed74-458e-8903-d3d084e9f507,0.11,false,false,near_mint,en,EUR,InFeRMuS
c /u fodder,binder,Embereth Paladin,ELD,Throne of Eldraine,121,normal,common,2,46217,6bcfe06b-3bb5-434e-acf4-4bfa8a94141d,0.04,false,false,near_mint,en,EUR,InFeRMuS
c /u fodder,binder,Redcap Raiders,ELD,Throne of Eldraine,136,normal,common,3,46202,686cf5c4-6ba3-4fa0-9732-0a350c637c7a,0.05,false,false,near_mint,en,EUR,InFeRMuS
c /u fodder,binder,Steelgaze Griffin,ELD,Throne of Eldraine,65,normal,common,2,46273,6d361328-8b0a-40a0-b5c0-215398fdfb47,0.03,false,false,near_mint,en,EUR,InFeRMuS
c /u fodder,binder,Curious Pair // Treats to Share,ELD,Throne of Eldraine,150,normal,common,2,46188,7f78a570-d776-42f2-a609-6da0156c8de7,0.05,false,false,near_mint,en,EUR,InFeRMuS
c /u fodder,binder,Trail of Crumbs,ELD,Throne of Eldraine,179,normal,uncommon,2,46159,2688ac16-4ed6-4e79-815a-be173deb4603,0.31,false,false,near_mint,en,EUR,InFeRMuS
c /u fodder,binder,Maraleaf Rider,ELD,Throne of Eldraine,166,normal,common,2,46172,1b2b198d-493c-4d6c-bfb6-e842728522f6,0.1,false,false,near_mint,en,EUR,InFeRMuS
c /u fodder,binder,Ranger's Guile,M21,Core Set 2021,199,normal,common,2,50685,02392840-f0c4-462e-84ce-9a7cdd9f5efb,0.08,false,false,near_mint,en,EUR,InFeRMuS
raras no binder,binder,Plate Spinning,UNF,Unfinity,56,normal,mythic,1,72901,ba43188f-ac49-4c6a-b53c-9170fe047aa5,0.17,false,false,near_mint,en,EUR,InFeRMuS
raras no binder,binder,Overlord of the Hauntwoods,DSK,Duskmourn: House of Horror,194,normal,mythic,1,95589,05d08ff1-edcc-4c76-96e0-683b3da36ebb,14.97,false,false,near_mint,en,EUR,InFeRMuS
raras no binder,binder,Copy Enchantment,WOT,Wilds of Eldraine: Enchanting Tales,16,normal,rare,1,85345,36924d70-5ede-4eed-a7db-7bc74d3eede9,0.38,false,false,near_mint,en,EUR,InFeRMuS
raras no binder,binder,Feral Encounter,WOE,Wilds of Eldraine,169,normal,rare,1,85772,de21251f-40bf-4f7e-9e85-9033207a788f,0.11,false,false,near_mint,en,EUR,InFeRMuS
raras no binder,binder,Outcaster Trailblazer,OTJ,Outlaws of Thunder Junction,173,normal,rare,1,93113,33b9cd6c-d75c-4905-aa38-ff03a9c4b398,1.67,false,false,near_mint,en,EUR,InFeRMuS
raras no binder,binder,Collective Defiance,OTP,Breaking News,21,normal,rare,1,93346,cbaaa9e0-e5d4-4ae1-8082-cc018eb1fe39,0.18,false,false,near_mint,en,EUR,InFeRMuS
raras no binder,binder,The Skullspore Nexus,LCI,The Lost Caverns of Ixalan,212,normal,mythic,1,86334,b56a7631-5f94-468d-aab7-7e9e129c5f49,6.08,false,false,near_mint,en,EUR,InFeRMuS
raras no binder,binder,Contest of Claws,LCC,The Lost Caverns of Ixalan Commander,12,normal,rare,1,88885,c6679e01-acd1-460a-a4c6-096059510288,1.65,false,false,near_mint,en,EUR,InFeRMuS
non basic lands,binder,Forest,UNF,Unfinity,239,foil,common,1,72769,5dda1113-352c-471a-a7e0-a9a3cb3f19c5,1.59,false,false,near_mint,en,EUR,InFeRMuS
non basic lands,binder,Captivating Cave,LCI,The Lost Caverns of Ixalan,268,foil,common,1,88323,1d1a645e-85c7-4044-b817-6e24744d245e,0.1,false,false,near_mint,en,EUR,InFeRMuS
non basic lands,binder,Swamp,UNF,Unfinity,237,normal,common,1,72725,46a6375e-9477-4871-8a15-02439f3f6f34,0.78,false,false,near_mint,en,EUR,InFeRMuS
c /u fodder,binder,In the Presence of Ages,LCI,The Lost Caverns of Ixalan,192,foil,common,1,88720,97b1be22-3177-49af-bb06-42497d717c21,0.23,false,false,near_mint,en,EUR,InFeRMuS
c /u fodder,binder,Earthshaker Dreadmaw,LCI,The Lost Caverns of Ixalan,325,normal,uncommon,1,88300,158ad2e4-5e81-439b-9629-a9d217c45d83,0.11,false,false,near_mint,en,EUR,InFeRMuS
c /u fodder,binder,Chart a Course,LCI,The Lost Caverns of Ixalan,48,normal,uncommon,1,88341,233beaac-37a4-4824-8f31-438b6bfe794b,0.16,false,false,near_mint,en,EUR,InFeRMuS
c /u fodder,binder,"Nicanzil, Current Conductor",LCI,The Lost Caverns of Ixalan,236,normal,uncommon,1,88532,5e6f4aba-3500-4fb7-ab78-02f63c03778a,0.07,false,false,near_mint,en,EUR,InFeRMuS
c /u fodder,binder,Staggering Size,LCI,The Lost Caverns of Ixalan,214,normal,common,1,88974,e34c4946-6c21-4ae1-9595-35933d38da52,0.05,false,false,near_mint,en,EUR,InFeRMuS
c /u fodder,binder,Poison Dart Frog,LCI,The Lost Caverns of Ixalan,207,normal,common,1,88544,62c1f09a-9d17-415c-8afa-cd0b62abe48d,0.13,false,false,near_mint,en,EUR,InFeRMuS
c /u fodder,binder,Nurturing Bristleback,LCI,The Lost Caverns of Ixalan,203,normal,common,1,88246,081d5c9e-71da-4454-ae4e-c76cb7790d20,0.11,false,false,near_mint,en,EUR,InFeRMuS
c /u fodder,binder,Demonic Ruckus,OTJ,Outlaws of Thunder Junction,120,foil,uncommon,1,93175,5b491d11-d00a-4541-8389-2785a455eeee,0.37,false,false,near_mint,en,EUR,InFeRMuS
c /u fodder,binder,Take for a Ride,OTJ,Outlaws of Thunder Junction,148,normal,uncommon,1,93343,c8e2ff9c-0e98-46f9-a33c-739388c5f3d0,0.08,false,false,near_mint,en,EUR,InFeRMuS
c /u fodder,binder,Rakish Crew,OTJ,Outlaws of Thunder Junction,99,normal,uncommon,1,93215,70f64358-58db-40ab-90e8-6137c3bd0a29,0.17,false,false,near_mint,en,EUR,InFeRMuS
c /u fodder,binder,Deepmuck Desperado,OTJ,Outlaws of Thunder Junction,42,normal,uncommon,1,93435,f95ee726-7465-40f8-a954-19b19e636c12,0.14,false,false,near_mint,en,EUR,InFeRMuS
c /u fodder,binder,Nurturing Pixie,OTJ,Outlaws of Thunder Junction,20,normal,uncommon,1,93046,0fe155f6-888b-41a0-a9a0-be7bea998718,0.24,false,false,near_mint,en,EUR,InFeRMuS
c /u fodder,binder,Segovian Angel,MH1,Modern Horizons,25,normal,common,1,44909,b5dbaec5-502d-48c2-9e71-c12cd0bccc6a,0.23,false,false,near_mint,en,EUR,InFeRMuS
c /u fodder,binder,Stonesplitter Bolt,WOE,Wilds of Eldraine,151,foil,uncommon,1,85854,fb22f79c-3075-439d-a072-ceaabe35d76f,0.17,false,false,near_mint,en,EUR,InFeRMuS
c /u fodder,binder,"Troyan, Gutsy Explorer",WOE,Wilds of Eldraine,217,normal,uncommon,1,85807,eadd2a1a-93a0-4257-897d-1aaee279449f,0.15,false,false,near_mint,en,EUR,InFeRMuS
c /u fodder,binder,Tempest Hart // Scan the Clouds,WOE,Wilds of Eldraine,238,normal,uncommon,1,85401,559bacc8-facc-4d93-90b5-8ac21d3246f5,0.09,false,false,near_mint,en,EUR,InFeRMuS
c /u fodder,binder,Collector's Vault,WOE,Wilds of Eldraine,244,normal,uncommon,1,85586,967a4f27-8cd6-437d-8c05-8aedbc7ddc4b,0.25,false,false,near_mint,en,EUR,InFeRMuS
c /u fodder,binder,Frolicking Familiar // Blow Off Steam,WOE,Wilds of Eldraine,226,normal,uncommon,1,85455,64c432d5-4f5b-44ac-9d61-891e78460d58,0.16,false,false,near_mint,en,EUR,InFeRMuS
c /u fodder,binder,Hearth Elemental // Stoke Genius,WOE,Wilds of Eldraine,136,normal,uncommon,1,85641,a8f5f102-cc75-4cee-a117-4bdaaf86c2e9,0.09,false,false,near_mint,en,EUR,InFeRMuS
c /u fodder,binder,Stormkeld Prowler,WOE,Wilds of Eldraine,71,normal,common,1,85866,ff065dbf-77e3-45a8-bcca-aff9eaeb151f,0.03,false,false,near_mint,en,EUR,InFeRMuS
c /u fodder,binder,Scarecrow Guide,WOE,Wilds of Eldraine,250,normal,common,1,85357,3dc08461-bec6-4a18-b782-da4c92abb789,0.03,false,false,near_mint,en,EUR,InFeRMuS
c /u fodder,binder,Beanstalk Wurm // Plant Beans,WOE,Wilds of Eldraine,161,normal,common,1,85278,19f20c0a-22be-4a9c-96ce-4047f7a2d424,0.11,false,false,near_mint,en,EUR,InFeRMuS
c /u fodder,binder,Most Valuable Slayer,DSK,Duskmourn: House of Horror,144,foil,common,1,98910,c2b7b635-4c72-4129-bf95-1eef05cce3d3,0.04,false,false,near_mint,en,EUR,InFeRMuS
c /u fodder,binder,Infernal Phantom,DSK,Duskmourn: House of Horror,141,normal,uncommon,1,98678,f0c5999f-a185-4fc7-86fa-c4e5b091e768,0.04,false,false,near_mint,en,EUR,InFeRMuS
c /u fodder,binder,Unable to Scream,DSK,Duskmourn: House of Horror,78,normal,common,1,98853,7c59e0cd-10a8-4a32-9c0a-a2c6ef1ed9a6,0.13,false,false,near_mint,en,EUR,InFeRMuS
c /u fodder,binder,Bashful Beastie,DSK,Duskmourn: House of Horror,169,normal,common,1,98909,c20fa7ee-a4c2-4eb0-9467-195f3b894fa0,0.03,false,false,near_mint,en,EUR,InFeRMuS
c /u fodder,binder,Clockwork Percussionist,DSK,Duskmourn: House of Horror,295,normal,common,1,98748,e44340c7-d3bb-4cf9-a105-ebbf6ce3ace1,0.14,false,false,near_mint,en,EUR,InFeRMuS
c /u fodder,binder,Discourtesy Clerk,UNF,Unfinity,70,normal,uncommon,1,72678,2658ceab-8d96-44d2-b443-ef671deca928,0.19,false,false,near_mint,en,EUR,InFeRMuS
c /u fodder,binder,"""Brims"" Barone, Midway Mobster",UNF,Unfinity,256,normal,uncommon,1,72947,d87d23de-0d40-4dad-be40-e7724e63168a,0.04,false,false,near_mint,en,EUR,InFeRMuS
c /u fodder,binder,Proficient Pyrodancer,UNF,Unfinity,120,normal,uncommon,1,72858,9e10062a-4406-478d-a594-0be78a982c76,0.13,false,false,near_mint,en,EUR,InFeRMuS
c /u fodder,binder,Mistakes Were Made,UNF,Unfinity,147,normal,common,1,73108,4a4764da-c508-4a7e-aabc-771f22a32c23,0.06,false,false,near_mint,en,EUR,InFeRMuS
c /u fodder,binder,Glitterflitter,UNF,Unfinity,48,normal,common,1,73303,e03dfb51-c0df-4cb7-8e42-57d52cec4e89,0.06,false,false,near_mint,en,EUR,InFeRMuS
c /u fodder,binder,Minotaur de Force,UNF,Unfinity,114,normal,common,1,73320,e8994e99-2a63-4b2f-906f-373065aa3319,0.05,false,false,near_mint,en,EUR,InFeRMuS
c /u fodder,binder,Impounding Lot-Bot,UNF,Unfinity,14,normal,common,1,73247,b7a8cbef-e95c-4bc0-9043-8a18e02385cb,0.03,false,false,near_mint,en,EUR,InFeRMuS
c /u fodder,binder,Seasoned Buttoneer,UNF,Unfinity,58,normal,common,1,73111,4d43a529-5005-463f-98f7-8931d955b07e,0.16,false,false,near_mint,en,EUR,InFeRMuS
c /u fodder,binder,Line Cutter,UNF,Unfinity,80,normal,common,1,73017,0d07ddf4-e86f-406e-a31b-47aede5a97c6,0.12,false,false,near_mint,en,EUR,InFeRMuS
c /u fodder,binder,Temur Battle Rage,CMM,Commander Masters,264,normal,common,1,84236,375bc646-942e-4bf5-9c71-2c5471828e35,0.18,false,false,near_mint,en,EUR,InFeRMuS
c /u fodder,binder,Prophetic Prism,CMM,Commander Masters,404,normal,common,1,84457,6cbd46d2-b4f2-48d0-a1c4-87ea625ec8bc,0.05,false,false,near_mint,en,EUR,InFeRMuS
c /u fodder,binder,Legion Vanguard,CMM,Commander Masters,170,normal,common,1,84064,11ea9ea5-acf1-4980-b7e5-083da455adb0,0.11,false,false,near_mint,en,EUR,InFeRMuS
c /u fodder,binder,Courage in Crisis,CMM,Commander Masters,278,normal,common,1,84789,b836b0a9-c38b-423a-bf22-c9041acf1952,0.16,false,false,near_mint,en,EUR,InFeRMuS
c /u fodder,binder,Deep Analysis,CMM,Commander Masters,86,normal,common,1,83981,01479ce7-4617-4c7c-93f2-cf8c9c5e1dac,0.1,false,false,near_mint,en,EUR,InFeRMuS
non basic lands,binder,Thriving Moor,CMM,Commander Masters,433,normal,common,1,84004,06a80fcc-b457-49c6-8c3a-0c5f58d74b2d,0.1,false,false,near_mint,en,EUR,InFeRMuS
c /u fodder,binder,Guttersnipe,CMM,Commander Masters,229,normal,common,1,84695,a4276d10-d163-4068-a6db-5bb0a1ac88e3,0.16,false,false,near_mint,en,EUR,InFeRMuS
c /u fodder,binder,Thraben Inspector,CMM,Commander Masters,66,normal,common,1,84172,299cc386-2ed5-4504-9ba6-17a52e0c9a0c,0.22,false,false,near_mint,en,EUR,InFeRMuS
c /u fodder,binder,Frantic Search,CMM,Commander Masters,96,normal,common,1,84052,0eb00e3c-b67a-44c7-ae61-23ecf4d4971a,0.22,false,false,near_mint,en,EUR,InFeRMuS
c /u fodder,binder,Geode Golem,CMM,Commander Masters,386,normal,uncommon,1,85080,fa912283-c28e-4594-aca9-21d82d8cf006,0.14,false,false,near_mint,en,EUR,InFeRMuS
c /u fodder,binder,"Mowu, Loyal Companion",CMM,Commander Masters,306,normal,uncommon,1,84586,890e50ae-39e6-435b-95e7-885f2b314ecf,0.09,false,false,near_mint,en,EUR,InFeRMuS
c /u fodder,binder,Scaled Nurturer,CLB,Commander Legends: Battle for Baldur's Gate,252,normal,common,1,69137,84ae5a76-b8b9-431d-8060-a6a96f5d1e0b,0.15,false,false,near_mint,en,EUR,InFeRMuS
c /u fodder,binder,Atrocious Experiment,CLB,Commander Legends: Battle for Baldur's Gate,115,normal,common,1,69352,e6098b4a-a92f-4477-8122-5913ac9247f8,0.11,false,false,near_mint,en,EUR,InFeRMuS
c /u fodder,binder,Cloak of the Bat,CLB,Commander Legends: Battle for Baldur's Gate,307,normal,common,1,68942,2f508a65-ff32-480a-b9c6-075074d0c3c3,0.07,false,false,near_mint,en,EUR,InFeRMuS
c /u fodder,binder,Oceanus Dragon,CLB,Commander Legends: Battle for Baldur's Gate,87,normal,common,1,68983,3fda8b66-fdf1-43e9-9d65-60b991348aac,0.08,false,false,near_mint,en,EUR,InFeRMuS
c /u fodder,binder,Guildsworn Prowler,CLB,Commander Legends: Battle for Baldur's Gate,130,normal,common,2,69321,d7efb10f-c760-431c-8ac6-904965d850dc,0.14,false,false,near_mint,en,EUR,InFeRMuS
c /u fodder,binder,Flaming Fist,CLB,Commander Legends: Battle for Baldur's Gate,18,normal,common,1,69361,ec122c9f-5513-4ba7-ae04-3c2060121d73,0.12,false,false,near_mint,en,EUR,InFeRMuS
c /u fodder,binder,Lapis Orb of Dragonkind,CLB,Commander Legends: Battle for Baldur's Gate,82,normal,common,1,68921,26ed684b-e3a1-421d-8cfd-c5eee673a3a1,0.1,false,false,near_mint,en,EUR,InFeRMuS
c /u fodder,binder,Stirge,CLB,Commander Legends: Battle for Baldur's Gate,150,normal,common,1,69002,4b1d59fb-c3ff-4995-a695-51f2a4dae404,0.09,false,false,near_mint,en,EUR,InFeRMuS
c /u fodder,binder,Overwhelming Encounter,CLB,Commander Legends: Battle for Baldur's Gate,245,normal,uncommon,1,69064,616c498c-ac7c-4e58-8789-9bde047c2d47,0.06,false,false,near_mint,en,EUR,InFeRMuS
c /u fodder,binder,Two-Handed Axe // Sweeping Cleave,CLB,Commander Legends: Battle for Baldur's Gate,203,normal,uncommon,1,68911,21e34888-f57c-4f5d-bb5c-b82be980d145,0.83,false,false,near_mint,en,EUR,InFeRMuS
c /u fodder,binder,"Vhal, Candlekeep Researcher",CLB,Commander Legends: Battle for Baldur's Gate,102,normal,uncommon,2,68996,46738fb3-ab5e-486c-b66a-1526ba1cdfa8,0.08,false,false,near_mint,en,EUR,InFeRMuS
c /u fodder,binder,Cloakwood Hermit,CLB,Commander Legends: Battle for Baldur's Gate,221,normal,uncommon,1,69003,4bd8689d-a0c1-4041-bead-7b512fe25663,0.14,false,false,near_mint,en,EUR,InFeRMuS
c /u fodder,binder,Voidpouncer,MH3,Modern Horizons 3,143,normal,common,1,94841,1f9b8532-4f1a-4653-9cbb-befba8169e5a,0.02,false,false,near_mint,en,EUR,InFeRMuS
c /u fodder,binder,Deem Inferior,MH3,Modern Horizons 3,57,normal,common,1,94616,cc0835c7-58ca-4f16-984a-c590ce6a229a,0.1,false,false,near_mint,en,EUR,InFeRMuS
c /u fodder,binder,Expel the Unworthy,MH3,Modern Horizons 3,25,normal,common,1,94467,5f68baee-f503-407d-931f-2a550470a55f,0.03,false,false,near_mint,en,EUR,InFeRMuS
c /u fodder,binder,Unstable Amulet,MH3,Modern Horizons 3,142,normal,uncommon,1,94559,9d9949f5-8d6c-4ea9-b203-99e8a57a6c60,0.2,false,false,near_mint,en,EUR,InFeRMuS
c /u fodder,binder,Warped Tusker,MH3,Modern Horizons 3,16,foil,common,1,94845,2b5f3a1a-8514-4598-be3d-c3be719f6951,0.06,false,false,near_mint,en,EUR,InFeRMuS
c /u fodder,binder,Chain Devil,CLB,Commander Legends: Battle for Baldur's Gate,120,normal,common,1,68971,3b434c1d-792e-4ca7-aea0-938e85fe167c,0.13,false,false,near_mint,en,EUR,InFeRMuS
c /u fodder,binder,Scouting Hawk,CLB,Commander Legends: Battle for Baldur's Gate,41,normal,common,1,69257,bce2209e-7a5c-4394-876c-e0f68cfba9ca,0.13,false,false,near_mint,en,EUR,InFeRMuS
c /u fodder,binder,Reckless Barbarian,CLB,Commander Legends: Battle for Baldur's Gate,193,normal,common,1,69289,c912e984-1d27-4da2-9733-d56e437bcf58,0.18,false,false,near_mint,en,EUR,InFeRMuS
c /u fodder,binder,Aarakocra Sneak,CLB,Commander Legends: Battle for Baldur's Gate,54,normal,common,1,68933,2a83882c-3e03-4e85-aaac-97fa1d08a772,0.15,false,false,near_mint,en,EUR,InFeRMuS
c /u fodder,binder,Myrkul's Edict,CLB,Commander Legends: Battle for Baldur's Gate,135,normal,common,1,69219,adc7c427-aa31-4077-8397-74a9a3802ee7,0.15,false,false,near_mint,en,EUR,InFeRMuS
c /u fodder,binder,Moss Diamond,CLB,Commander Legends: Battle for Baldur's Gate,327,normal,common,1,69173,96fcae3a-d58c-4832-8280-3f65b5dfd853,0.1,false,false,near_mint,en,EUR,InFeRMuS
c /u fodder,binder,Marut,CLB,Commander Legends: Battle for Baldur's Gate,322,normal,common,1,69196,a3ce857f-2870-4dc9-a763-9ce710e4b375,0.07,false,false,near_mint,en,EUR,InFeRMuS
c /u fodder,binder,Pack Attack,CLB,Commander Legends: Battle for Baldur's Gate,190,normal,common,1,69343,e2ef30c5-a6a6-4cd9-805f-dc6f66f28997,0.07,false,false,near_mint,en,EUR,InFeRMuS
c /u fodder,binder,Universal Solvent,CLB,Commander Legends: Battle for Baldur's Gate,342,normal,common,1,69342,e142122f-3a04-436e-a958-dc2224b4fc6d,0.02,false,false,near_mint,en,EUR,InFeRMuS
c /u fodder,binder,Recruitment Drive,CLB,Commander Legends: Battle for Baldur's Gate,38,normal,common,1,69224,afbd2822-d161-41df-9f48-abecd5da19c4,0.06,false,false,near_mint,en,EUR,InFeRMuS
c /u fodder,binder,Emerald Dragon // Dissonant Wave,CLB,Commander Legends: Battle for Baldur's Gate,229,normal,uncommon,1,68896,1d07c21e-55dc-45b2-b406-2ac38ca5d871,0.12,false,false,near_mint,en,EUR,InFeRMuS
c /u fodder,binder,Githzerai Monk,CLB,Commander Legends: Battle for Baldur's Gate,20,normal,uncommon,1,68990,43a088ea-c397-4bdd-8779-59561ff73ec2,0.16,false,false,near_mint,en,EUR,InFeRMuS
c /u fodder,binder,Giant Ankheg,CLB,Commander Legends: Battle for Baldur's Gate,233,normal,uncommon,1,69256,bc420f2c-09fa-4f90-a1c3-7d151ecaa8b3,0.19,false,false,near_mint,en,EUR,InFeRMuS
c /u fodder,binder,Criminal Past,CLB,Commander Legends: Battle for Baldur's Gate,122,normal,uncommon,1,69070,6410a2a2-48d9-4032-b585-4eaa5bc06581,0.14,false,false,near_mint,en,EUR,InFeRMuS
c /u fodder,binder,Nimbleclaw Adept,CLB,Commander Legends: Battle for Baldur's Gate,86,normal,common,1,68850,0df69a02-0b89-46af-abbc-51d1c419daed,0.11,false,false,near_mint,en,EUR,InFeRMuS
c /u fodder,binder,Astral Confrontation,CLB,Commander Legends: Battle for Baldur's Gate,6,normal,common,2,69364,eefe66d8-1b35-49f1-9bc0-74c5861e5abf,0.08,false,false,near_mint,en,EUR,InFeRMuS
c /u fodder,binder,Summon Undead,CLB,Commander Legends: Battle for Baldur's Gate,151,normal,common,2,68924,278f7705-01a4-4baf-929b-b93e538a8d77,0.1,false,false,near_mint,en,EUR,InFeRMuS
non basic lands,binder,Heap Gate,CLB,Commander Legends: Battle for Baldur's Gate,354,normal,common,2,69079,68489d65-1978-48b1-a903-2ef38c583239,0.29,false,false,near_mint,en,EUR,InFeRMuS
c /u fodder,binder,Myconid Spore Tender,CLB,Commander Legends: Battle for Baldur's Gate,243,normal,common,1,69092,70408d70-1e4b-41f0-80b1-0d37b3a3918c,0.23,false,false,near_mint,en,EUR,InFeRMuS
c /u fodder,binder,"Safana, Calimport Cutthroat",CLB,Commander Legends: Battle for Baldur's Gate,143,normal,uncommon,2,69356,e9367f66-6556-459c-a43d-5ba7a84b568d,0.12,false,false,near_mint,en,EUR,InFeRMuS
c /u fodder,binder,"Renari, Merchant of Marvels",CLB,Commander Legends: Battle for Baldur's Gate,386,normal,uncommon,1,68952,33ff38ea-53e4-49e3-bf54-233100107fee,3.44,false,false,near_mint,en,EUR,InFeRMuS
c /u fodder,binder,Scion of Halaster,CLB,Commander Legends: Battle for Baldur's Gate,145,normal,common,1,69286,c876f9b3-b4f6-4177-9c43-443ae2a028d0,0.1,false,false,near_mint,en,EUR,InFeRMuS
c /u fodder,binder,Minimus Containment,CLB,Commander Legends: Battle for Baldur's Gate,34,normal,common,1,69141,874b3590-932a-46b7-a7aa-e3e864ec22d1,0.05,false,false,near_mint,en,EUR,InFeRMuS
c /u fodder,binder,Bhaal's Invoker,CLB,Commander Legends: Battle for Baldur's Gate,163,normal,common,1,68982,3fd3e535-8412-4f79-a2b1-dfda9db1c496,0.14,false,false,near_mint,en,EUR,InFeRMuS
c /u fodder,binder,Avenging Hunter,CLB,Commander Legends: Battle for Baldur's Gate,215,normal,common,1,69373,f4072640-0f9b-4f0a-84cc-eda415cc92e7,2.15,false,false,near_mint,en,EUR,InFeRMuS
non basic lands,binder,Citadel Gate,CLB,Commander Legends: Battle for Baldur's Gate,349,normal,common,2,69270,c0e6f002-9a10-49a1-8604-2b8ff57732dd,0.92,false,false,near_mint,en,EUR,InFeRMuS
c /u fodder,binder,Juvenile Mist Dragon,CLB,Commander Legends: Battle for Baldur's Gate,79,normal,uncommon,1,69334,dcc26897-4644-4af5-ac37-099e641c27d1,0.08,false,false,near_mint,en,EUR,InFeRMuS
c /u fodder,binder,Martial Impetus,CLB,Commander Legends: Battle for Baldur's Gate,33,normal,common,1,69347,e520fcba-3503-4d7d-aba9-7ed8c064700d,0.08,false,false,near_mint,en,EUR,InFeRMuS
c /u fodder,binder,Dawnbringer Cleric,CLB,Commander Legends: Battle for Baldur's Gate,15,normal,common,2,68903,201f06ef-c180-4ce3-afaf-bec3b14c0222,0.24,false,false,near_mint,en,EUR,InFeRMuS
c /u fodder,binder,Gate Colossus,CLB,Commander Legends: Battle for Baldur's Gate,315,normal,uncommon,1,69048,5b2318e7-250d-4a30-8b45-55d4c1db68e9,0.1,false,false,near_mint,en,EUR,InFeRMuS
c /u fodder,binder,Nothic,CLB,Commander Legends: Battle for Baldur's Gate,138,normal,uncommon,1,69123,7f9fd859-577f-4836-b785-1cf11808b892,0.11,false,false,near_mint,en,EUR,InFeRMuS
c /u fodder,binder,Skanos Dragonheart,CLB,Commander Legends: Battle for Baldur's Gate,255,normal,uncommon,1,69344,e2f9233c-9d9f-480b-89fb-54d74d63a17a,0.08,false,false,near_mint,en,EUR,InFeRMuS
c /u fodder,binder,Veteran Soldier,CLB,Commander Legends: Battle for Baldur's Gate,48,normal,uncommon,1,68980,3f4f074e-914e-4924-8b5e-b80b247bc341,0.07,false,false,near_mint,en,EUR,InFeRMuS
c /u fodder,binder,Noble's Purse,CLB,Commander Legends: Battle for Baldur's Gate,331,foil,uncommon,1,69263,be533558-3b16-4df0-a0ca-faa1ebf2e641,0.24,false,false,near_mint,en,EUR,InFeRMuS
c /u fodder,binder,Young Red Dragon // Bathe in Gold,CLB,Commander Legends: Battle for Baldur's Gate,210,normal,common,1,69305,d0b9865a-be87-48fd-a325-be6aca8a31e9,0.07,false,false,near_mint,en,EUR,InFeRMuS
c /u fodder,binder,Marble Diamond,CLB,Commander Legends: Battle for Baldur's Gate,320,normal,common,1,68833,0930f71c-c3c8-4bdd-8468-6a61349cc8ca,0.15,false,false,near_mint,en,EUR,InFeRMuS
c /u fodder,binder,Pilgrim's Eye,CLB,Commander Legends: Battle for Baldur's Gate,333,normal,common,1,68945,32161267-e12b-454f-a7e1-94e078566ffa,0.03,false,false,near_mint,en,EUR,InFeRMuS
c /u fodder,binder,Tiamat's Fanatics,CLB,Commander Legends: Battle for Baldur's Gate,202,normal,common,1,68925,279c2ec3-abfc-4054-bdd9-3c8fa7d8b426,0.06,false,false,near_mint,en,EUR,InFeRMuS
c /u fodder,binder,Moonshae Pixie // Pixie Dust,CLB,Commander Legends: Battle for Baldur's Gate,84,normal,uncommon,1,69069,63780e4a-3f63-473c-97d0-5d9462e264f2,0.15,false,false,near_mint,en,EUR,InFeRMuS
non basic lands,binder,Gond Gate,CLB,Commander Legends: Battle for Baldur's Gate,353,normal,uncommon,1,69101,746672d9-7c6b-415e-9f34-3cc3ac557008,0.57,false,false,near_mint,en,EUR,InFeRMuS
c /u fodder,binder,Agent of the Shadow Thieves,CLB,Commander Legends: Battle for Baldur's Gate,108,normal,uncommon,1,69375,f50448e9-afe4-4d4e-b027-bbb855f17aeb,0.21,false,false,near_mint,en,EUR,InFeRMuS
c /u fodder,binder,Recruitment Drive,CLB,Commander Legends: Battle for Baldur's Gate,38,foil,common,1,69224,afbd2822-d161-41df-9f48-abecd5da19c4,0.18,false,false,near_mint,en,EUR,InFeRMuS
c /u fodder,binder,Guiding Bolt,CLB,Commander Legends: Battle for Baldur's Gate,24,normal,common,1,69297,cd552f81-1947-47e0-beee-f04e73551055,0.03,false,false,near_mint,en,EUR,InFeRMuS
c /u fodder,binder,Stirring Bard,CLB,Commander Legends: Battle for Baldur's Gate,195,normal,common,1,69303,d06d9d83-d1e6-4499-a1ac-6f865159f6b6,0.13,false,false,near_mint,en,EUR,InFeRMuS
c /u fodder,binder,Carefree Swinemaster,CLB,Commander Legends: Battle for Baldur's Gate,219,normal,common,1,69218,ad8d2b97-72b9-4bde-ad31-fd9562512d30,0.06,false,false,near_mint,en,EUR,InFeRMuS
c /u fodder,binder,Kenku Artificer,CLB,Commander Legends: Battle for Baldur's Gate,80,normal,common,1,68905,20f30aca-5055-45f1-9121-e7a5675f07e4,0.7,false,false,near_mint,en,EUR,InFeRMuS
c /u fodder,binder,Vicious Battlerager,CLB,Commander Legends: Battle for Baldur's Gate,155,normal,common,2,68906,20f939d8-3d41-4d8b-baea-7f022104c704,0.21,false,false,near_mint,en,EUR,InFeRMuS
c /u fodder,binder,Wurmcoil Larva,MH3,Modern Horizons 3,112,normal,uncommon,1,94618,cc9b30e0-3934-4e4c-bdd9-5b7696b45948,0.08,false,false,near_mint,en,EUR,InFeRMuS
c /u fodder,binder,Obstinate Gargoyle,MH3,Modern Horizons 3,195,foil,common,1,94849,40cf39f2-7382-405d-a14b-7eb8726cd38a,0.05,false,false,near_mint,en,EUR,InFeRMuS
c /u fodder,binder,Tymora's Invoker,CLB,Commander Legends: Battle for Baldur's Gate,101,normal,common,1,69223,af5535db-696f-4c43-a8b9-c8e521b62c9c,0.06,false,false,near_mint,en,EUR,InFeRMuS
c /u fodder,binder,Ghastly Death Tyrant,CLB,Commander Legends: Battle for Baldur's Gate,127,normal,common,1,69033,564728ed-dbf0-471c-a34a-5bd3b486b7e5,0.09,false,false,near_mint,en,EUR,InFeRMuS
c /u fodder,binder,Blessed Hippogriff // Tyr's Blessing,CLB,Commander Legends: Battle for Baldur's Gate,11,normal,common,1,69240,b4590e53-ca8d-4896-a8cf-6af1e4bc456f,0.02,false,false,near_mint,en,EUR,InFeRMuS
c /u fodder,binder,Marching Duodrone,CLB,Commander Legends: Battle for Baldur's Gate,321,normal,common,1,69131,822e46fc-1ebc-4151-bfd3-333fa6b77816,0.24,false,false,near_mint,en,EUR,InFeRMuS
non basic lands,binder,Black Dragon Gate,CLB,Commander Legends: Battle for Baldur's Gate,347,normal,common,2,69282,c4ceb589-c741-44ac-98c8-3d997953ee61,0.41,false,false,near_mint,en,EUR,InFeRMuS
c /u fodder,binder,Parasitic Impetus,CLB,Commander Legends: Battle for Baldur's Gate,140,normal,common,1,69134,82958da6-71d5-4ad3-a149-aaa31f25e7cf,0.11,false,false,near_mint,en,EUR,InFeRMuS
c /u fodder,binder,Territory Culler,MH3,Modern Horizons 3,173,normal,uncommon,1,94786,9c249aa6-c65c-4572-8e2e-c3899638ecce,0.14,false,false,near_mint,en,EUR,InFeRMuS
c /u fodder,binder,Fanged Flames,MH3,Modern Horizons 3,118,foil,common,1,94898,fcfac301-55db-49a7-9a0d-918c907703da,0.14,false,false,near_mint,en,EUR,InFeRMuS
c /u fodder,binder,Temperamental Oozewagg,MH3,Modern Horizons 3,172,normal,common,1,94484,6625df2e-7046-411a-ae86-c46ac0953a0b,0.11,false,false,near_mint,en,EUR,InFeRMuS
non basic lands,binder,Bountiful Landscape,MH3,Modern Horizons 3,217,foil,common,1,94797,b277752b-430a-4f09-8a98-b72f813dd52e,0.44,false,false,near_mint,en,EUR,InFeRMuS
c /u fodder,binder,Static Prison,MH3,Modern Horizons 3,44,normal,uncommon,1,94645,dd16222e-349c-4a2b-a7c8-8eb35a8ab332,0.42,false,false,near_mint,en,EUR,InFeRMuS
c /u fodder,binder,Siege Smash,MH3,Modern Horizons 3,136,normal,common,1,94894,f33e3b25-76f5-4263-a309-9ea97f2d8248,0.13,false,false,near_mint,en,EUR,InFeRMuS
c /u fodder,binder,Unfathomable Truths,MH3,Modern Horizons 3,77,normal,common,1,94896,f95b8eb1-4dbb-4bb9-aa31-b7a12e3b4618,0.06,false,false,near_mint,en,EUR,InFeRMuS
c /u fodder,binder,Dreamdrinker Vampire,MH3,Modern Horizons 3,88,normal,common,1,94872,961a3a53-344b-44d5-bc8e-f43437e6b558,0.02,false,false,near_mint,en,EUR,InFeRMuS
non basic lands,binder,Twisted Landscape,MH3,Modern Horizons 3,232,normal,common,1,94815,d0e3e7b3-7ba9-47a2-b46c-a40bffb445e2,0.18,false,false,near_mint,en,EUR,InFeRMuS
non basic lands,binder,Shattered Landscape,MH3,Modern Horizons 3,226,normal,common,1,94799,b3da28c7-6e92-439d-a163-91682d4f11dc,0.11,false,false,near_mint,en,EUR,InFeRMuS
c /u fodder,binder,Tune the Narrative,MH3,Modern Horizons 3,75,normal,common,1,94418,40b13321-98f1-4e8c-802d-65498e43ec24,0.11,false,false,near_mint,en,EUR,InFeRMuS
c /u fodder,binder,Candlekeep Inspiration,CLB,Commander Legends: Battle for Baldur's Gate,59,normal,uncommon,1,68948,33464767-45f3-42b8-8d83-33b090eead93,0.15,false,false,near_mint,en,EUR,InFeRMuS
c /u fodder,binder,Dungeoneer's Pack,CLB,Commander Legends: Battle for Baldur's Gate,312,normal,uncommon,1,69210,aa74e656-480a-4c1b-963d-1b207075c27f,0.23,false,false,near_mint,en,EUR,InFeRMuS
c /u fodder,binder,"Alora, Merry Thief",CLB,Commander Legends: Battle for Baldur's Gate,55,normal,uncommon,2,68894,1c3c779b-d1d8-4b1e-bb06-ed7071a5ec0b,0.1,false,false,near_mint,en,EUR,InFeRMuS
c /u fodder,binder,Mandibular Kite,MH3,Modern Horizons 3,34,normal,common,1,94492,6b922f71-18e6-4a74-b792-d477d4a1deca,0.11,false,false,near_mint,en,EUR,InFeRMuS
c /u fodder,binder,Glimpse the Impossible,MH3,Modern Horizons 3,124,normal,common,1,94349,133ad0dd-5b61-4c38-9264-0b0e75b95d95,0.16,false,false,near_mint,en,EUR,InFeRMuS
c /u fodder,binder,Corrupted Shapeshifter,MH3,Modern Horizons 3,56,normal,common,1,94381,27534c8a-cb71-43bc-b706-80a525396222,0.05,false,false,near_mint,en,EUR,InFeRMuS
c /u fodder,binder,Solstice Zealot,MH3,Modern Horizons 3,43,normal,common,1,94893,f10539e3-d4bc-4f71-a00f-8e94bb97509d,0.02,false,false,near_mint,en,EUR,InFeRMuS
c /u fodder,binder,Cyclops Superconductor,MH3,Modern Horizons 3,182,normal,common,1,94861,69ce6839-92d1-497b-9760-6fdc7388614e,0.08,false,false,near_mint,en,EUR,InFeRMuS
c /u fodder,binder,Reckless Pyrosurfer,MH3,Modern Horizons 3,133,normal,uncommon,1,94395,2d1bb8ac-7125-4537-b2da-e23a8c28df79,0.14,false,false,near_mint,en,EUR,InFeRMuS
c /u fodder,binder,Deep Analysis,MH3,Modern Horizons 3,268,normal,uncommon,1,94344,0f33818e-6f6e-47a9-ae5d-406bdd47b292,0.13,false,false,near_mint,en,EUR,InFeRMuS
c /u fodder,binder,Aerie Auxiliary,MH3,Modern Horizons 3,18,foil,common,1,94859,5e4c134b-a416-467e-a158-def84c92c6af,0.06,false,false,near_mint,en,EUR,InFeRMuS
c /u fodder,binder,"Cadira, Caller of the Small",CLB,Commander Legends: Battle for Baldur's Gate,417,normal,uncommon,1,68855,101af06e-24fa-40e5-9e53-77ef571b7f71,0.16,false,false,near_mint,en,EUR,InFeRMuS
c /u fodder,binder,Dungeon Delver,CLB,Commander Legends: Battle for Baldur's Gate,67,normal,uncommon,1,69295,cba131bb-b8b3-4577-9f41-4700d9985134,0.14,false,false,near_mint,en,EUR,InFeRMuS
c /u fodder,binder,Street Urchin,CLB,Commander Legends: Battle for Baldur's Gate,197,foil,uncommon,1,69381,f6d5249c-52b6-4349-adcd-dafdc21f572b,0.25,false,false,near_mint,en,EUR,InFeRMuS
c /u fodder,binder,Retrofitted Transmogrant,MH3,Modern Horizons 3,106,normal,common,1,94839,12c1b83d-710b-4680-855a-02ba1f72abf0,0.05,false,false,near_mint,en,EUR,InFeRMuS
c /u fodder,binder,Ambitious Dragonborn,CLB,Commander Legends: Battle for Baldur's Gate,213,normal,common,1,69057,5e56a516-d71a-49c4-a929-9a8973125d3c,0.03,false,false,near_mint,en,EUR,InFeRMuS
c /u fodder,binder,Gray Harbor Merfolk,CLB,Commander Legends: Battle for Baldur's Gate,75,normal,common,1,68888,1b211832-907e-43d6-81af-c58fdd427303,0.13,false,false,near_mint,en,EUR,InFeRMuS
c /u fodder,binder,Myrkul's Invoker,CLB,Commander Legends: Battle for Baldur's Gate,136,normal,common,1,69293,ca67faa9-2c23-4cc5-b77f-ff75cf0349f3,0.05,false,false,near_mint,en,EUR,InFeRMuS
c /u fodder,binder,Tabaxi Toucaneers,CLB,Commander Legends: Battle for Baldur's Gate,46,normal,common,1,68991,43e38761-70e0-4f6e-a4c2-7c9a17557d25,0.09,false,false,near_mint,en,EUR,InFeRMuS
c /u fodder,binder,Sky Diamond,CLB,Commander Legends: Battle for Baldur's Gate,337,normal,common,1,69314,d47abfb2-9bcf-485c-9bd4-2c09b714eb32,0.11,false,false,near_mint,en,EUR,InFeRMuS
c /u fodder,binder,Fire Diamond,CLB,Commander Legends: Battle for Baldur's Gate,445,normal,common,1,69129,81fa8865-c600-4d8d-976d-789cd565802e,0.08,false,false,near_mint,en,EUR,InFeRMuS
c /u fodder,binder,Stunning Strike,CLB,Commander Legends: Battle for Baldur's Gate,97,normal,common,1,69039,582dffab-2851-4498-ad69-c4d072617f32,0.02,false,false,near_mint,en,EUR,InFeRMuS
c /u fodder,binder,Draconic Muralists,CLB,Commander Legends: Battle for Baldur's Gate,224,normal,uncommon,1,69007,4c9bf864-1f93-4d73-a212-f71265411768,0.2,false,false,near_mint,en,EUR,InFeRMuS
c /u fodder,binder,Sailors' Bane,CLB,Commander Legends: Battle for Baldur's Gate,93,normal,uncommon,1,69310,d175a716-5b69-401b-9902-684a30810288,0.28,false,false,near_mint,en,EUR,InFeRMuS
c /u fodder,binder,"Rilsa Rael, Kingpin",CLB,Commander Legends: Battle for Baldur's Gate,293,normal,uncommon,1,69023,54484439-6f8a-47f1-8d62-4689af7f00c2,0.15,false,false,near_mint,en,EUR,InFeRMuS
c /u fodder,binder,Master Chef,CLB,Commander Legends: Battle for Baldur's Gate,241,normal,common,1,69241,b534b1cb-0cd7-4b8c-bb25-42207fcba209,0.08,false,false,near_mint,en,EUR,InFeRMuS
c /u fodder,binder,Dread Linnorm // Scale Deflection,CLB,Commander Legends: Battle for Baldur's Gate,225,normal,common,1,68876,174ee9e7-8040-4b53-8d0d-177ce924521c,0.11,false,false,near_mint,en,EUR,InFeRMuS
c /u fodder,binder,Circle of the Land Druid,CLB,Commander Legends: Battle for Baldur's Gate,220,normal,common,2,68900,1e84fc74-5b33-423a-82c7-983320fce7a3,0.22,false,false,near_mint,en,EUR,InFeRMuS
c /u fodder,binder,Zhentarim Bandit,CLB,Commander Legends: Battle for Baldur's Gate,158,normal,common,1,69258,bd1a27c1-ff44-47a7-991d-c294e30eea34,0.06,false,false,near_mint,en,EUR,InFeRMuS
c /u fodder,binder,Flaming Fist Officer,CLB,Commander Legends: Battle for Baldur's Gate,19,normal,common,1,69176,98722a04-0674-4083-b6f5-51bb88a99814,0.02,false,false,near_mint,en,EUR,InFeRMuS
c /u fodder,binder,Carnelian Orb of Dragonkind,CLB,Commander Legends: Battle for Baldur's Gate,166,normal,common,1,69355,e7e41166-bdaa-4aed-986a-7be1d043240c,0.27,false,false,near_mint,en,EUR,InFeRMuS
c /u fodder,binder,Nefarious Imp,CLB,Commander Legends: Battle for Baldur's Gate,137,normal,common,1,68849,0dc61b93-b87a-47f4-b5b5-eedb1db48288,0.1,false,false,near_mint,en,EUR,InFeRMuS
c /u fodder,binder,Ingenious Artillerist,CLB,Commander Legends: Battle for Baldur's Gate,182,normal,common,1,68898,1d8dd6c3-3699-4dd1-a019-fdb569eaf722,0.26,false,false,near_mint,en,EUR,InFeRMuS
c /u fodder,binder,Trailblazer's Torch,CLB,Commander Legends: Battle for Baldur's Gate,340,normal,common,1,68842,0c4f76ae-e93b-4ca1-ac62-753707f6319e,0.2,false,false,near_mint,en,EUR,InFeRMuS
c /u fodder,binder,Entourage of Trest,CMM,Commander Masters,285,normal,common,1,84507,78075b31-8145-4053-90dd-6a34bd48fa7c,0.07,false,false,near_mint,en,EUR,InFeRMuS
c /u fodder,binder,Mire Triton,CMM,Commander Masters,174,normal,common,1,84678,a070b7af-7c85-4129-81ca-e2ec0540085e,0.14,false,false,near_mint,en,EUR,InFeRMuS
c /u fodder,binder,Bonder's Ornament,CMM,Commander Masters,370,normal,common,1,84588,89486719-4aba-4465-986b-fecbe4d409a1,0.12,false,false,near_mint,en,EUR,InFeRMuS
c /u fodder,binder,Blood Aspirant,CMM,Commander Masters,208,normal,common,1,84007,075947cd-2e06-486a-83a7-97321445a679,0.06,false,false,near_mint,en,EUR,InFeRMuS
c /u fodder,binder,Witch's Cauldron,CMM,Commander Masters,199,normal,common,1,84361,51c15046-dd24-41aa-96f3-fb008a6988dd,0.15,false,false,near_mint,en,EUR,InFeRMuS
c /u fodder,binder,Crawling Infestation,CMM,Commander Masters,281,normal,common,1,84252,3a404d9b-02dd-45bc-b3eb-bc28452da22e,0.07,false,false,near_mint,en,EUR,InFeRMuS
c /u fodder,binder,Myrsmith,CMM,Commander Masters,44,normal,common,1,84514,78ea3e84-2d78-489f-875a-48e58c956451,0.07,false,false,near_mint,en,EUR,InFeRMuS
c /u fodder,binder,Ministrant of Obligation,CMM,Commander Masters,43,normal,common,1,84205,30d9c9db-28a0-47fa-b561-6040e47c2392,0.1,false,false,near_mint,en,EUR,InFeRMuS
c /u fodder,binder,Cryptic Serpent,CMM,Commander Masters,83,normal,common,1,84540,7f1af32a-dba2-4c2f-b0ee-9c83849fda53,0.31,false,false,near_mint,en,EUR,InFeRMuS
c /u fodder,binder,Faceless One,CLB,Commander Legends: Battle for Baldur's Gate,1,normal,special,1,68919,25564fba-5765-457b-8dd3-f26b877221b8,0.17,false,false,near_mint,en,EUR,InFeRMuS
c /u fodder,binder,Navigation Orb,CLB,Commander Legends: Battle for Baldur's Gate,329,normal,common,1,69317,d512a77e-2435-4695-9408-df8e17dd1fbd,0.14,false,false,near_mint,en,EUR,InFeRMuS
c /u fodder,binder,Dire Mimic,CLB,Commander Legends: Battle for Baldur's Gate,310,normal,common,1,69088,6e29bae1-0643-4781-9edc-50a8e6d1a3a1,0.05,false,false,near_mint,en,EUR,InFeRMuS
c /u fodder,binder,Hezrou // Demonic Stench,CLB,Commander Legends: Battle for Baldur's Gate,131,normal,common,2,68841,0c2f40e7-82b0-4847-994d-9326a88c4965,0.04,false,false,near_mint,en,EUR,InFeRMuS
c /u fodder,binder,Fire Diamond,CLB,Commander Legends: Battle for Baldur's Gate,313,normal,common,1,69045,5a561484-438b-4ce9-911e-97078ac5b0fa,0.11,false,false,near_mint,en,EUR,InFeRMuS
c /u fodder,binder,Hoarding Ogre,CLB,Commander Legends: Battle for Baldur's Gate,181,normal,common,1,69102,746fec80-5ddb-42b8-bc54-728bcd3863b3,0.07,false,false,near_mint,en,EUR,InFeRMuS
c /u fodder,binder,Roving Harper,CLB,Commander Legends: Battle for Baldur's Gate,40,normal,common,1,69283,c6b0ed9c-9a99-4a50-80a9-396420a8dcf9,0.04,false,false,near_mint,en,EUR,InFeRMuS
c /u fodder,binder,Winter Eladrin,CLB,Commander Legends: Battle for Baldur's Gate,104,normal,common,1,69358,e9afba96-2ec7-45f2-9ddd-31ec27a423ca,0.11,false,false,near_mint,en,EUR,InFeRMuS
c /u fodder,binder,Snapping Voidcraw,MH3,Modern Horizons 3,204,normal,common,1,94870,9185371c-2dde-48ad-ab27-08be04b3c522,0.11,false,false,near_mint,en,EUR,InFeRMuS
c /u fodder,binder,Band Together,CLB,Commander Legends: Battle for Baldur's Gate,216,normal,common,2,69279,c454312c-ba0d-4b93-a3f5-e7764fcfbe20,0.03,false,false,near_mint,en,EUR,InFeRMuS
c /u fodder,binder,Faithful Watchdog,MH3,Modern Horizons 3,185,normal,common,2,94882,b9afac99-a094-41a8-8323-90dec29691c4,0.09,false,false,near_mint,en,EUR,InFeRMuS
c /u fodder,binder,You've Been Caught Stealing,CLB,Commander Legends: Battle for Baldur's Gate,211,normal,common,2,69132,82730ad9-26d1-4349-a1f0-10307d76ad97,0.22,false,false,near_mint,en,EUR,InFeRMuS
c /u fodder,binder,Lurking Green Dragon,CLB,Commander Legends: Battle for Baldur's Gate,239,normal,common,2,69075,66de5a3e-7b08-438b-866e-9fce1a36b243,0.07,false,false,near_mint,en,EUR,InFeRMuS
c /u fodder,binder,Chardalyn Dragon,CLB,Commander Legends: Battle for Baldur's Gate,306,normal,common,2,69209,a950d8be-dcf7-4253-a3cc-c040ba632355,0.06,false,false,near_mint,en,EUR,InFeRMuS
c /u fodder,binder,Undercellar Myconid,CLB,Commander Legends: Battle for Baldur's Gate,259,normal,common,2,69113,786c5b3e-737f-4794-b482-af5f0ee901e5,0.18,false,false,near_mint,en,EUR,InFeRMuS
c /u fodder,binder,Young Blue Dragon // Sand Augury,CLB,Commander Legends: Battle for Baldur's Gate,106,normal,common,2,69034,56b0f66b-dca9-4a01-9394-20a513c2b225,0.11,false,false,near_mint,en,EUR,InFeRMuS
c /u fodder,binder,Ettercap // Web Shot,CLB,Commander Legends: Battle for Baldur's Gate,231,normal,common,2,69158,8f5228dc-ec9d-456f-a89c-1bc592a1bbab,0.07,false,false,near_mint,en,EUR,InFeRMuS
c /u fodder,binder,Writhing Chrysalis,MH3,Modern Horizons 3,208,normal,common,2,94680,f54dbeb1-51f8-40e2-912a-ec25457de5a2,0.24,false,false,near_mint,en,EUR,InFeRMuS
c /u fodder,binder,Predatory Impetus,CLB,Commander Legends: Battle for Baldur's Gate,249,normal,common,2,68817,0077099d-aafa-46b3-ab64-e1915a9dda70,0.04,false,false,near_mint,en,EUR,InFeRMuS
c /u fodder,binder,Greatsword of Tyr,CLB,Commander Legends: Battle for Baldur's Gate,22,normal,common,2,69012,50088a60-642b-47ed-a289-ef0b617b688f,0.19,false,false,near_mint,en,EUR,InFeRMuS
c /u fodder,binder,Mold Folk,CLB,Commander Legends: Battle for Baldur's Gate,133,normal,common,2,69152,8c5da403-d791-4ad4-a949-e8a56459cac1,0.08,false,false,near_mint,en,EUR,InFeRMuS
c /u fodder,binder,Patron of the Arts,CLB,Commander Legends: Battle for Baldur's Gate,191,normal,common,2,68857,10b2b8ca-7433-4bfe-abab-e19128e46a1d,0.14,false,false,near_mint,en,EUR,InFeRMuS
c /u fodder,binder,Pseudodragon Familiar,CLB,Commander Legends: Battle for Baldur's Gate,88,normal,common,2,69013,50d69ee8-a616-4191-b111-1330dfb24f72,0.09,false,false,near_mint,en,EUR,InFeRMuS
c /u fodder,binder,Steadfast Unicorn,CLB,Commander Legends: Battle for Baldur's Gate,44,normal,common,2,68862,13762890-6c5e-44e4-9bd8-998bd054db20,0.14,false,false,near_mint,en,EUR,InFeRMuS
c /u fodder,binder,Arms of Hadar,CLB,Commander Legends: Battle for Baldur's Gate,113,normal,common,2,69329,db1fd431-8f6d-4ca5-bc0c-53881c500da1,0.42,false,false,near_mint,en,EUR,InFeRMuS
c /u fodder,binder,Insufferable Balladeer,CLB,Commander Legends: Battle for Baldur's Gate,184,normal,common,2,68843,0c7f401e-1403-49f8-a39e-1eed05b41c34,0.07,false,false,near_mint,en,EUR,InFeRMuS
non basic lands,binder,Sea Gate,CLB,Commander Legends: Battle for Baldur's Gate,359,normal,common,2,69326,d97f31e1-bcaf-4316-a2de-49e2cf7566ec,0.77,false,false,near_mint,en,EUR,InFeRMuS
c /u fodder,binder,Fang Dragon // Forktail Sweep,CLB,Commander Legends: Battle for Baldur's Gate,173,normal,common,2,68974,3d74937b-c87f-4894-8f00-36e4d6844ebd,0.12,false,false,near_mint,en,EUR,InFeRMuS
c /u fodder,binder,Prophetic Prism,CLB,Commander Legends: Battle for Baldur's Gate,335,normal,common,2,68890,1b837b21-9165-4965-a7b5-c59811647951,0.07,false,false,near_mint,en,EUR,InFeRMuS
c /u fodder,binder,Sword Coast Serpent // Capsizing Wave,CLB,Commander Legends: Battle for Baldur's Gate,99,normal,common,2,68838,0bbfb7ae-9a32-428d-903c-99d0d8669b8d,0.2,false,false,near_mint,en,EUR,InFeRMuS
c /u fodder,binder,Druid of the Emerald Grove,CLB,Commander Legends: Battle for Baldur's Gate,226,normal,common,2,69148,8a270d07-29da-4c31-ae6a-5f60c162f508,0.13,false,false,near_mint,en,EUR,InFeRMuS
c /u fodder,binder,Gray Slaad // Entropic Decay,CLB,Commander Legends: Battle for Baldur's Gate,129,normal,common,2,68840,0c2b6960-ff4c-4557-ba6d-d504f87d4516,0.07,false,false,near_mint,en,EUR,InFeRMuS
c /u fodder,binder,Aerie Auxiliary,MH3,Modern Horizons 3,18,normal,common,2,94859,5e4c134b-a416-467e-a158-def84c92c6af,0.07,false,false,near_mint,en,EUR,InFeRMuS
c /u fodder,binder,Bronze Walrus,CLB,Commander Legends: Battle for Baldur's Gate,302,normal,common,2,69234,b2cfd2c0-2110-47f1-809e-487b9b0a1043,0.09,false,false,near_mint,en,EUR,InFeRMuS
c /u fodder,binder,Drossclaw,MH3,Modern Horizons 3,89,normal,common,2,94498,70e68656-3204-4bb5-9f31-8036083fcba6,0.11,false,false,near_mint,en,EUR,InFeRMuS
c /u fodder,binder,Pegasus Guardian // Rescue the Foal,CLB,Commander Legends: Battle for Baldur's Gate,36,normal,common,3,68899,1d958ec3-1ddc-4622-9089-cbe5b3b47c90,0.15,false,false,near_mint,en,EUR,InFeRMuS
c /u fodder,binder,Lantern of Revealing,CLB,Commander Legends: Battle for Baldur's Gate,318,normal,common,2,68941,2f43d21a-4400-4770-95a9-ce074ee68232,0.07,false,false,near_mint,en,EUR,InFeRMuS
c /u fodder,binder,Evolution Witness,MH3,Modern Horizons 3,151,normal,common,2,94439,4d89283e-9783-4006-9294-4ae0473d2ce6,0.15,false,false,near_mint,en,EUR,InFeRMuS
c /u fodder,binder,Marble Diamond,CLB,Commander Legends: Battle for Baldur's Gate,446,normal,common,1,69349,e5c6efa9-f198-4d8c-8a30-36a620679477,0.1,false,false,near_mint,en,EUR,InFeRMuS
c /u fodder,binder,Icewind Stalwart,CLB,Commander Legends: Battle for Baldur's Gate,27,normal,common,1,69222,aeb153e2-345d-4993-9f2d-f0d0ddfbc8a7,0.07,false,false,near_mint,en,EUR,InFeRMuS
c /u fodder,binder,Wyrm's Crossing Patrol,CLB,Commander Legends: Battle for Baldur's Gate,51,normal,common,1,69367,f00a57fc-b4a6-48fa-a20c-864c10099e4b,0.11,false,false,near_mint,en,EUR,InFeRMuS
c /u fodder,binder,Bonecaller Cleric,CLB,Commander Legends: Battle for Baldur's Gate,117,normal,uncommon,1,69142,87f411d0-c796-443f-b957-c632aa23deb0,0.08,false,false,near_mint,en,EUR,InFeRMuS
c /u fodder,binder,"Sarevok, Deathbringer",CLB,Commander Legends: Battle for Baldur's Gate,144,normal,uncommon,1,68984,4009d5ab-945d-43c3-9077-f10f96249fc4,0.11,false,false,near_mint,en,EUR,InFeRMuS
c /u fodder,binder,Vrock,CLB,Commander Legends: Battle for Baldur's Gate,157,normal,uncommon,1,69014,5111905c-3d19-4a06-b8c6-a253260b5d24,0.05,false,false,near_mint,en,EUR,InFeRMuS
c /u fodder,binder,Tavern Brawler,CLB,Commander Legends: Battle for Baldur's Gate,200,normal,common,1,69227,b07f8fc3-83a5-4e0a-b87f-ce415292c790,0.05,false,false,near_mint,en,EUR,InFeRMuS
c /u fodder,binder,Thrakkus the Butcher,CLB,Commander Legends: Battle for Baldur's Gate,551,etched,uncommon,1,69220,adfa117d-2404-418d-8d5b-0a68550c1e9b,0.2,false,false,near_mint,en,EUR,InFeRMuS
raras no binder,binder,Robe of the Archmagi,CLB,Commander Legends: Battle for Baldur's Gate,91,normal,rare,1,69103,74feb29b-5169-44d7-bded-c2c94718e61f,0.42,false,false,near_mint,en,EUR,InFeRMuS
raras no binder,binder,"Raphael, Fiendish Savior",CLB,Commander Legends: Battle for Baldur's Gate,292,normal,rare,1,69296,cc6902a4-2db0-47fe-ace8-0c890675bf19,0.27,false,false,near_mint,en,EUR,InFeRMuS
c /u fodder,binder,Thrakkus the Butcher,CLB,Commander Legends: Battle for Baldur's Gate,440,normal,uncommon,1,68936,2c3f56b9-7460-49b6-8f6d-48cccd7978fd,0.17,false,false,near_mint,en,EUR,InFeRMuS
c /u fodder,binder,Your Temple Is Under Attack,CLB,Commander Legends: Battle for Baldur's Gate,52,normal,common,1,69117,7ad8aa76-b643-4bd2-aaeb-036c1d50db54,0.24,false,false,near_mint,en,EUR,InFeRMuS
c /u fodder,binder,Explore the Underdark,CLB,Commander Legends: Battle for Baldur's Gate,232,normal,uncommon,1,68846,0cbf06f5-d1c7-474c-8f09-72f5ad0c8120,0.36,false,false,near_mint,en,EUR,InFeRMuS
c /u fodder,binder,"Wilson, Refined Grizzly",CLB,Commander Legends: Battle for Baldur's Gate,261,normal,uncommon,1,69337,dfe0daf8-43da-484b-baa1-76f8313c5a0c,0.15,false,false,near_mint,en,EUR,InFeRMuS
c /u fodder,binder,Hardy Outlander,CLB,Commander Legends: Battle for Baldur's Gate,235,normal,uncommon,1,68992,44498893-3ff8-4d1e-abdf-4579e0c67020,0.1,false,false,near_mint,en,EUR,InFeRMuS
c /u fodder,binder,Banishment,CLB,Commander Legends: Battle for Baldur's Gate,8,normal,uncommon,1,69202,a71caadb-31ab-4b7f-b304-e7d3e8f9d132,0.11,false,false,near_mint,en,EUR,InFeRMuS
c /u fodder,binder,Dragon Cultist,CLB,Commander Legends: Battle for Baldur's Gate,170,normal,uncommon,1,69339,e06ad968-ca7a-470b-ba3b-e0afc597b2cd,0.11,false,false,near_mint,en,EUR,InFeRMuS
c /u fodder,binder,Master Chef,CLB,Commander Legends: Battle for Baldur's Gate,519,etched,common,1,69216,acd941ff-b423-4379-91c3-7c3d95a4b0cb,0.22,false,false,near_mint,en,EUR,InFeRMuS
c /u fodder,binder,Guardian Naga // Banishing Coils,CLB,Commander Legends: Battle for Baldur's Gate,23,normal,common,2,68879,18da890e-0f8d-41e9-a29f-24cb5393c464,0.17,false,false,near_mint,en,EUR,InFeRMuS
raras no binder,binder,"Bhaal, Lord of Murder",CLB,Commander Legends: Battle for Baldur's Gate,268,normal,rare,1,69144,88b11da8-f9af-4ef3-9bc2-c28f0a8a5dd1,0.11,false,false,near_mint,en,EUR,InFeRMuS
raras no binder,binder,Vedalken Orrery,5DN,Fifth Dawn,163,normal,rare,1,29332,94b546fa-af65-4afa-bb16-69b33674d3d1,3.96,false,false,near_mint,en,EUR,InFeRMuS
c /u fodder,binder,"Ellyn Harbreeze, Busybody",CLB,Commander Legends: Battle for Baldur's Gate,377,normal,uncommon,1,68916,249bc870-e945-466c-81cd-8b9e9b7ac4ac,0.07,false,false,near_mint,en,EUR,InFeRMuS
non basic lands,binder,Evolving Wilds,CLB,Commander Legends: Battle for Baldur's Gate,352,normal,common,1,69255,bbc8841a-0f6e-4078-a0b9-a4bda642182e,0.07,false,false,near_mint,en,EUR,InFeRMuS
c /u fodder,binder,Earth Tremor,CLB,Commander Legends: Battle for Baldur's Gate,171,normal,common,1,69243,b5f700c6-7591-481d-b223-21f5b820e831,0.03,false,false,near_mint,en,EUR,InFeRMuS
c /u fodder,binder,Commander Liara Portyr,CLB,Commander Legends: Battle for Baldur's Gate,270,normal,uncommon,1,69182,9ac8b247-455e-4a3f-9f88-b20918c36cc3,0.18,false,false,near_mint,en,EUR,InFeRMuS
c /u fodder,binder,Nemesis Phoenix,CLB,Commander Legends: Battle for Baldur's Gate,189,normal,uncommon,1,68875,1743840f-fe99-4cb4-a558-1763b605b35f,0.09,false,false,near_mint,en,EUR,InFeRMuS
c /u fodder,binder,Gnoll War Band,CLB,Commander Legends: Battle for Baldur's Gate,178,normal,uncommon,1,69217,acfecffd-33af-43a9-b26c-f1ff193c6323,0.09,false,false,near_mint,en,EUR,InFeRMuS
c /u fodder,binder,Agent of the Iron Throne,CLB,Commander Legends: Battle for Baldur's Gate,107,normal,uncommon,1,69046,5a5984d3-1e76-4d97-9373-b59cfa9c38ae,0.36,false,false,near_mint,en,EUR,InFeRMuS
c /u fodder,binder,"Cadira, Caller of the Small",CLB,Commander Legends: Battle for Baldur's Gate,269,normal,uncommon,1,69104,75994e0b-b0c7-4b0d-8f48-4be303429bd6,0.16,false,false,near_mint,en,EUR,InFeRMuS
c /u fodder,binder,Bane's Invoker,CLB,Commander Legends: Battle for Baldur's Gate,7,foil,common,1,68908,2164a728-131f-41ce-9346-8036c86543e2,0.19,false,false,near_mint,en,EUR,InFeRMuS
raras no binder,binder,Archivist of Oghma,CLB,Commander Legends: Battle for Baldur's Gate,4,normal,rare,1,69379,f6589e02-8c84-4069-88d1-ebcc8520cae1,5.3,false,false,near_mint,en,EUR,InFeRMuS
raras no binder,binder,Blood Money,CLB,Commander Legends: Battle for Baldur's Gate,116,normal,mythic,1,69055,5d45c18c-b8eb-465c-8dfc-fd6da73e25b5,1.22,false,false,near_mint,en,EUR,InFeRMuS
c /u fodder,binder,Decanter of Endless Water,CLB,Commander Legends: Battle for Baldur's Gate,444,normal,common,1,69162,914b42b3-03af-4945-9f1f-46c09a1a2314,0.9,false,false,near_mint,en,EUR,InFeRMuS
c /u fodder,binder,Commander Liara Portyr,CLB,Commander Legends: Battle for Baldur's Gate,418,normal,uncommon,1,69085,6cb052fe-c834-4c72-a6b1-4cb64505e3ee,0.08,false,false,near_mint,en,EUR,InFeRMuS
c /u fodder,binder,Druidic Ritual,CLB,Commander Legends: Battle for Baldur's Gate,227,normal,common,1,69025,54935597-b5d0-476d-82f3-42a9201e4556,0.1,false,false,near_mint,en,EUR,InFeRMuS
c /u fodder,binder,Thunderwave,CLB,Commander Legends: Battle for Baldur's Gate,201,normal,uncommon,1,69357,e9531098-63ea-4568-81e9-80e00a5f8995,0.12,false,false,near_mint,en,EUR,InFeRMuS
c /u fodder,binder,Cloudkill,CLB,Commander Legends: Battle for Baldur's Gate,121,normal,uncommon,1,69120,7c71b2b8-f5ef-4885-9f8d-284fe335d184,0.04,false,false,near_mint,en,EUR,InFeRMuS
c /u fodder,binder,Wild Magic Surge,CLB,Commander Legends: Battle for Baldur's Gate,206,normal,uncommon,1,69281,c4c89d88-9d40-46b6-bee0-6bc2e2ca8ba1,0.82,false,false,near_mint,en,EUR,InFeRMuS
c /u fodder,binder,Inspiring Leader,CLB,Commander Legends: Battle for Baldur's Gate,28,normal,uncommon,1,69393,fc6eb9f3-0f7b-4623-806e-5e604a05d470,0.28,false,false,near_mint,en,EUR,InFeRMuS
c /u fodder,binder,Hardy Outlander,CLB,Commander Legends: Battle for Baldur's Gate,517,etched,uncommon,1,69313,d418c62c-ba1f-4399-a06c-cc3a0d23b117,0.29,false,false,near_mint,en,EUR,InFeRMuS
c /u fodder,binder,Cloak of the Bat,CLB,Commander Legends: Battle for Baldur's Gate,443,foil,common,1,69009,4ea5a5f3-7147-4abd-af8d-8baab4c2aa06,0.11,false,false,near_mint,en,EUR,InFeRMuS
c /u fodder,binder,Rat Colony,DOM,Dominaria,101,normal,common,1,2175,4f618e07-f06f-45d2-8512-e6cef88c0434,2.91,false,false,near_mint,en,EUR,InFeRMuS
raras no binder,binder,Wand of Wonder,CLB,Commander Legends: Battle for Baldur's Gate,935,foil,rare,1,67515,7f79ec90-9fa7-4414-8eba-e2c890a91a70,0.64,false,false,near_mint,en,EUR,InFeRMuS
c /u fodder,binder,Fellwar Stone,ONC,Phyrexia: All Will Be One Commander,130,normal,uncommon,2,78780,b1914459-b29f-45c3-8def-39d1790a31c3,0.82,false,false,near_mint,en,EUR,InFeRMuS
c /u fodder,binder,Commander's Sphere,ONC,Phyrexia: All Will Be One Commander,128,normal,common,2,78931,ec5fd106-30c2-4845-9678-e0bed7e35ced,0.15,false,false,near_mint,en,EUR,InFeRMuS
c /u fodder,binder,Skyknight Vanguard,M20,Core Set 2020,218,normal,uncommon,2,45242,549634d8-1c33-401b-841d-a79ef4374dd1,0.31,false,false,near_mint,en,EUR,InFeRMuS
c /u fodder,binder,Hop to It,BLB,Bloomburrow,16,normal,uncommon,2,95851,ee7207f8-5daa-42af-aeea-7a489047110b,0.16,false,false,near_mint,en,EUR,InFeRMuS
raras no binder,binder,Breath of Fury,RAV,Ravnica: City of Guilds,116,normal,rare,1,27894,dbef6f4a-f9a0-4a4c-b8a2-6c3a8fb7e14a,6.25,false,false,near_mint,en,EUR,InFeRMuS
c /u fodder,binder,Prava of the Steel Legion,ONC,Phyrexia: All Will Be One Commander,87,normal,uncommon,2,78471,2d27adb4-939d-46ba-b1e8-00282694c362,0.24,false,false,near_mint,en,EUR,InFeRMuS
c /u fodder,binder,Rally at the Hornburg,LTR,The Lord of the Rings: Tales of Middle-earth,142,normal,common,2,83622,ee7292f7-1c7e-449c-9c52-7584d6a14c2c,0.08,false,false,near_mint,en,EUR,InFeRMuS
c /u fodder,binder,"Anara, Wolvid Familiar",CMR,Commander Legends,214,normal,uncommon,2,55798,9a67cfaa-990c-4dcb-97a9-9c5d7316cabe,0.32,false,false,near_mint,en,EUR,InFeRMuS
c /u fodder,binder,Taunting Elf,ONS,Onslaught,290,normal,common,2,31013,6b24af94-9632-47da-9bf3-e81bb743cd43,0.23,false,false,near_mint,en,EUR,InFeRMuS
raras no binder,binder,Knight of the White Orchid,MOC,March of the Machine Commander,193,normal,rare,1,82046,f332cd21-46ed-4fff-9fd9-d5975bf0004d,1.36,false,false,near_mint,en,EUR,InFeRMuS
raras no binder,binder,Loyal Warhound,AFR,Adventures in the Forgotten Realms,23,foil,rare,1,60504,f408c5e4-e18d-4e4d-959a-f41df4c3019c,0.67,false,false,near_mint,en,EUR,InFeRMuS
raras no binder,binder,Glitch Interpreter,DSC,Duskmourn: House of Horror Commander,13,normal,rare,1,98923,d68b8dff-32b0-4e96-82f0-4d4ceb92861d,0.26,false,false,near_mint,en,EUR,InFeRMuS
c /u fodder,binder,Greater Tanuki,DSC,Duskmourn: House of Horror Commander,181,normal,common,2,99184,65a193bb-22f3-4732-93cd-877cd8c8417c,0.14,false,false,near_mint,en,EUR,InFeRMuS
raras no binder,binder,Phyrexian Triniform,CMM,Commander Masters,969,normal,mythic,1,84779,b55fcddd-e7c8-4f57-8f49-dd86e2d5fe49,0.49,false,false,near_mint,en,EUR,InFeRMuS
c /u fodder,binder,Wayfarer's Bauble,PIP,Fallout,252,normal,common,2,91847,084b7503-d05b-4eac-bb6f-ef3bf696437d,0.24,false,false,near_mint,en,EUR,InFeRMuS
c /u fodder,binder,Arcane Signet,DSC,Duskmourn: House of Horror Commander,92,normal,common,2,98793,211a1d86-7257-4621-ae05-c2b235c063f0,0.75,false,false,near_mint,en,EUR,InFeRMuS
raras no binder,binder,Wondrous Crucible,BRC,The Brothers' War Commander,20,normal,rare,1,75893,f4cb4a2b-c48f-4d30-8e0d-f76579be1747,0.68,false,false,near_mint,en,EUR,InFeRMuS
c /u fodder,binder,Growth Spiral,DSC,Duskmourn: House of Horror Commander,88,normal,common,2,98788,1e10e2b4-9639-41ae-8b8e-253224d3d513,0.26,false,false,near_mint,en,EUR,InFeRMuS
c /u fodder,binder,Ghostly Flicker,AVR,Avacyn Restored,57,normal,common,2,18221,f0a44373-0c50-4e14-a7c6-0de66796b81e,1.55,false,false,near_mint,en,EUR,InFeRMuS
c /u fodder,binder,Explosive Vegetation,DSC,Duskmourn: House of Horror Commander,177,normal,uncommon,1,99248,8de3fdf8-d55e-4ffc-8f8b-6314d4d467ce,0.22,false,false,near_mint,en,EUR,InFeRMuS
c /u fodder,binder,Migration Path,LCC,The Lost Caverns of Ixalan Commander,246,normal,uncommon,1,88490,4fc05cc9-176d-4ffb-8777-935e54030140,0.42,false,false,near_mint,en,EUR,InFeRMuS
c /u fodder,binder,Retreat to Coralhelm,DSC,Duskmourn: House of Horror Commander,126,normal,uncommon,2,99353,cf8246c1-1db2-409f-9440-222d6dc78297,0.35,false,false,near_mint,en,EUR,InFeRMuS
non basic lands,binder,Ash Barrens,DSC,Duskmourn: House of Horror Commander,260,normal,common,2,98891,a881be73-7b22-418f-bf20-a07400b3b836,0.14,false,false,near_mint,en,EUR,InFeRMuS
non basic lands,binder,Quandrix Campus,DSC,Duskmourn: House of Horror Commander,294,normal,common,2,99415,f5e038d0-788d-4ed1-b2b3-bc2748febf05,0.14,false,false,near_mint,en,EUR,InFeRMuS
non basic lands,binder,Tangled Islet,DSC,Duskmourn: House of Horror Commander,306,normal,common,2,99224,7b994b5a-4b67-49b6-859d-ae706fc465ca,0.24,false,false,near_mint,en,EUR,InFeRMuS
non basic lands,binder,Thornwood Falls,DSC,Duskmourn: House of Horror Commander,314,normal,common,2,99294,acdd77d6-0c6e-4aa7-8d2e-f5203df5c7f3,0.12,false,false,near_mint,en,EUR,InFeRMuS
c /u fodder,binder,Yavimaya Elder,DSC,Duskmourn: House of Horror Commander,208,normal,common,2,99087,27dacbde-a646-418c-b569-4a4f11c9faae,0.1,false,false,near_mint,en,EUR,InFeRMuS
c /u fodder,binder,Simic Signet,DSC,Duskmourn: House of Horror Commander,252,normal,uncommon,2,99328,bf222c78-f12e-4857-93da-fade99c740b8,0.24,false,false,near_mint,en,EUR,InFeRMuS
c /u fodder,binder,Beanstalk Giant // Fertile Footsteps,DSC,Duskmourn: House of Horror Commander,172,normal,uncommon,2,99204,71096773-69dd-4fb7-a088-e0fe096eaf6b,0.15,false,false,near_mint,en,EUR,InFeRMuS
raras no binder,binder,Hinterland Harbor,DSC,Duskmourn: House of Horror Commander,284,normal,rare,1,99160,5675b928-33d5-4abf-a732-e36a5c7c4f86,0.92,false,false,near_mint,en,EUR,InFeRMuS
c /u fodder,binder,Abzan Devotee,TDM,Tarkir: Dragonstorm,68,normal,common,1,104305,66555946-e747-46fa-b1ac-b103a8edcd93,0.05,false,false,near_mint,en,EUR,InFeRMuS
c /u fodder,binder,Narset's Rebuke,TDM,Tarkir: Dragonstorm,114,normal,common,1,104640,5098bd73-d51c-4db4-bf06-fd4854089d37,0.06,false,false,near_mint,en,EUR,InFeRMuS
c /u fodder,binder,Champion of Dusan,TDM,Tarkir: Dragonstorm,137,normal,common,1,105164,c51dcdab-38ee-4804-8859-09adc353c182,0.04,false,false,near_mint,en,EUR,InFeRMuS
c /u fodder,binder,Arashin Sunshield,TDM,Tarkir: Dragonstorm,3,normal,common,1,105168,dd7102d8-90b3-45a1-b66d-dcca469b1fb6,0.02,false,false,near_mint,en,EUR,InFeRMuS
c /u fodder,binder,Focus the Mind,TDM,Tarkir: Dragonstorm,45,normal,common,1,105153,abb0ba34-6904-4c17-a04d-ea4f12c7cf21,0.11,false,false,near_mint,en,EUR,InFeRMuS
c /u fodder,binder,Watcher of the Wayside,TDM,Tarkir: Dragonstorm,249,normal,common,1,104262,2dcafdac-a293-4adc-a540-3b3f469cf6f3,0.09,false,false,near_mint,en,EUR,InFeRMuS
c /u fodder,binder,Heritage Reclamation,TDM,Tarkir: Dragonstorm,145,normal,common,1,104636,4f8fee37-a050-4329-8b10-46d150e7a95e,0.18,false,false,near_mint,en,EUR,InFeRMuS
c /u fodder,binder,Kishla Trawlers,TDM,Tarkir: Dragonstorm,50,normal,uncommon,1,104472,190fbc55-e8e9-4077-9532-1de7406baabf,0.12,false,false,near_mint,en,EUR,InFeRMuS
c /u fodder,binder,Bone-Cairn Butcher,TDM,Tarkir: Dragonstorm,173,normal,uncommon,1,104748,78bf36bc-6702-4c5d-b52d-ab7217cc8787,0.15,false,false,near_mint,en,EUR,InFeRMuS
c /u fodder,binder,Shocking Sharpshooter,TDM,Tarkir: Dragonstorm,121,normal,uncommon,1,104618,4a10342d-ca04-4d1e-bca9-79f531951a16,0.19,false,false,near_mint,en,EUR,InFeRMuS
c /u fodder,binder,Sunpearl Kirin,TDM,Tarkir: Dragonstorm,29,normal,uncommon,1,104470,18292b9c-0f42-4ce2-8b85-35d06cf45a63,0.35,false,false,near_mint,en,EUR,InFeRMuS
raras no binder,binder,Temur Battlecrier,TDM,Tarkir: Dragonstorm,228,normal,rare,1,104309,72184791-0767-4108-920c-763e92dae2d4,0.49,false,false,near_mint,en,EUR,InFeRMuS
c /u fodder,binder,Bearer of Glory,TDM,Tarkir: Dragonstorm,4,normal,common,1,104365,d6d91e42-43db-428d-a4dd-ef9d40306314,0.05,false,false,near_mint,en,EUR,InFeRMuS
non basic lands,binder,Jungle Hollow,TDM,Tarkir: Dragonstorm,258,foil,common,1,104375,ea13440b-3f7b-4182-9541-27c1fa3121e5,0.04,false,false,near_mint,en,EUR,InFeRMuS
c /u fodder,binder,Scuttlegator,RNA,Ravnica Allegiance,218,normal,common,1,43647,d886fd9a-7800-41f1-b692-32a439b045da,0.08,false,false,near_mint,en,EUR,InFeRMuS
c /u fodder,binder,Brightfield Glider,DFT,Aetherdrift,4,foil,common,1,103128,7eb819eb-ba5c-4449-87b5-3894380558bc,0.07,false,false,near_mint,en,EUR,InFeRMuS
c /u fodder,binder,Forbidding Spirit,RNA,Ravnica Allegiance,9,normal,uncommon,1,43855,c17056e7-95c6-4bed-a747-3b40dcda275a,0.18,false,false,near_mint,en,EUR,InFeRMuS
c /u fodder,binder,Moonmist,ISD,Innistrad,195,normal,common,1,18703,57153c3f-9e55-418c-b67b-36901f29f9c1,1.13,false,false,near_mint,en,EUR,InFeRMuS
c /u fodder,binder,Pemmin's Aura,SCG,Scourge,45,normal,uncommon,1,30643,9fb3e38b-086e-4fbc-b7b1-8564c18276d7,2.98,false,false,near_mint,en,EUR,InFeRMuS
c /u fodder,binder,Squad Captain,M20,Core Set 2020,38,normal,common,1,45423,bd7d6112-ffb2-41d8-98ed-1a7b22841dfd,0.12,false,false,near_mint,en,EUR,InFeRMuS
c /u fodder,binder,Teyo's Lightshield,WAR,War of the Spark,33,normal,common,1,44371,dfffe235-98b1-43db-9461-1b2da5f0690e,0.03,false,false,near_mint,en,EUR,InFeRMuS
c /u fodder,binder,Weary Prisoner // Wrathful Jailbreaker,VOW,Innistrad: Crimson Vow,184,normal,common,1,64448,e641467b-ac2e-4d29-aed7-5cc227c3b1ce,0.05,false,false,near_mint,en,EUR,InFeRMuS
raras no binder,binder,Diluvian Primordial,SCD,Starter Commander Decks,47,normal,rare,1,77352,5a12f12c-90d0-4abe-afaa-44f9cdda5648,0.51,false,false,near_mint,en,EUR,InFeRMuS
raras no binder,binder,Identity Thief,NCC,New Capenna Commander,224,normal,rare,1,68333,a32e1511-2495-454a-9a04-4f3c0d9a75d0,0.26,false,false,near_mint,en,EUR,InFeRMuS
raras no binder,binder,Clifftop Retreat,BLC,Bloomburrow Commander,300,normal,rare,1,96265,42ca7627-965e-4594-a871-d8d137d6b9a9,0.66,false,false,near_mint,en,EUR,InFeRMuS
raras no binder,binder,Trail of Mystery,DSC,Duskmourn: House of Horror Commander,203,normal,rare,1,99159,56271ec9-5e41-47d3-ac76-d0743fb399cc,0.2,false,false,near_mint,en,EUR,InFeRMuS
raras no binder,binder,Phyrexian Triniform,MOC,March of the Machine Commander,370,normal,mythic,1,81543,1b66815d-f895-4c3b-be46-7f1e3b478cf5,0.54,false,false,near_mint,en,EUR,InFeRMuS
c /u fodder,binder,Cankerbloom,ONE,Phyrexia: All Will Be One,294,foil,uncommon,1,78372,02272f89-dd8e-4a07-8bd4-b33ad4e12888,0.24,false,false,near_mint,en,EUR,InFeRMuS
c /u fodder,binder,Moaning Wall,HOU,Hour of Devastation,72,normal,common,1,4603,ef494f81-638a-4e5d-b987-0dde7f2a135c,0.08,false,false,near_mint,en,EUR,InFeRMuS
c /u fodder,binder,Bone Splinters,BFZ,Battle for Zendikar,105,normal,common,1,10246,74780faa-1c64-4d73-8d09-53b47ba02d7a,0.06,false,false,near_mint,en,EUR,InFeRMuS
raras no binder,binder,Knight of the White Orchid,ORI,Magic Origins,21,normal,rare,1,10921,049a601d-de5c-412c-87a2-69500c08809a,1.13,false,false,near_mint,en,EUR,InFeRMuS
raras no binder,binder,Breath of Fury,RAV,Ravnica: City of Guilds,116,normal,rare,1,27894,dbef6f4a-f9a0-4a4c-b8a2-6c3a8fb7e14a,5.85,false,false,near_mint,pt,EUR,InFeRMuS
raras no binder,binder,Mentor of the Meek,ONC,Phyrexia: All Will Be One Commander,81,normal,rare,1,78457,2943fa5a-459b-4ceb-a479-c7d550809456,0.22,false,false,near_mint,en,EUR,InFeRMuS
raras no binder,binder,Raise the Past,FDN,Foundations,22,foil,rare,1,100641,6c6be129-56da-4fe7-a6bd-6a1d402c09e1,1.38,false,false,near_mint,en,EUR,InFeRMuS
c /u fodder,binder,Larger Than Life,KLD,Kaladesh,160,normal,common,1,7483,3d0da994-d3e7-41b9-ae8f-6f1a3b779f23,0.08,false,false,near_mint,en,EUR,InFeRMuS
raras no binder,binder,Loyal Warhound,PAFR,Adventures in the Forgotten Realms Promos,23p,foil,rare,1,61071,a3aba84b-f3ad-4f5a-8465-a872c322b560,0.82,false,false,near_mint,en,EUR,InFeRMuS
non basic lands,binder,Terramorphic Expanse,PIP,Fallout,313,normal,common,1,92180,548805de-3e2e-4f1f-aafc-d89fddf8288a,0.12,false,false,near_mint,en,EUR,InFeRMuS
non basic lands,binder,Simic Growth Chamber,CLU,Ravnica: Clue Edition,247,normal,common,1,91054,92f8b669-cfb1-4a07-80c6-a2e372c04c6e,0.22,false,false,near_mint,en,EUR,InFeRMuS
non basic lands,binder,Myriad Landscape,MKC,Murders at Karlov Manor Commander,276,normal,uncommon,1,90514,bf4797b0-4d0a-433f-b891-b14f96fd1484,0.22,false,false,near_mint,en,EUR,InFeRMuS
non basic lands,binder,Ash Barrens,PIP,Fallout,253,normal,common,1,92334,78a90148-5ed9-42db-a64f-4735676d82e3,0.12,false,false,near_mint,en,EUR,InFeRMuS
non basic lands,binder,Command Tower,PIP,Fallout,259,normal,common,1,92477,952cb8cb-633c-468f-8ef5-54ff91ddfb22,0.26,false,false,near_mint,en,EUR,InFeRMuS
raras no binder,binder,Temple of Mystery,PIP,Fallout,308,normal,rare,1,92684,c83ba1f6-a35b-4b24-9d33-6a9658441ec7,0.17,false,false,near_mint,en,EUR,InFeRMuS
raras no binder,binder,Vineglimmer Snarl,LTC,Tales of Middle-earth Commander,343,normal,rare,1,83595,e5a26fb5-f230-4b66-b3f9-02e883d41670,0.2,false,false,near_mint,en,EUR,InFeRMuS
non basic lands,binder,Evolving Wilds,VOW,Innistrad: Crimson Vow,263,normal,common,1,64453,e80fe230-745d-42ae-a1f5-a8cc950783d0,0.07,false,false,near_mint,en,EUR,InFeRMuS
raras no binder,binder,Hinterland Harbor,LTC,Tales of Middle-earth Commander,317,normal,rare,1,82986,35753c7f-e6d0-4335-a87e-3d3e5abb059b,0.49,false,false,near_mint,en,EUR,InFeRMuS
raras no binder,binder,Flooded Grove,LTC,Tales of Middle-earth Commander,309,normal,rare,1,83631,f10457be-4f02-48c0-bec7-93687c8763ea,0.56,false,false,near_mint,en,EUR,InFeRMuS
raras no binder,binder,Scroll of Fate,MKC,Murders at Karlov Manor Commander,235,normal,rare,1,90483,b079c60c-4de7-4737-8c07-f958e286ab50,0.18,false,false,near_mint,en,EUR,InFeRMuS
raras no binder,binder,Black Sun's Twilight,ONE,Phyrexia: All Will Be One,84,normal,rare,1,78921,e5bb4def-c67c-44c2-b3b2-8c53a077432d,0.55,false,false,near_mint,en,EUR,InFeRMuS
raras no binder,binder,Alms Beast,GTC,Gatecrash,141,normal,rare,1,16683,ce441759-cd4c-4bcc-925e-08e8b60853c0,0.13,false,false,near_mint,en,EUR,InFeRMuS
c /u fodder,binder,Golden-Tail Disciple,NEO,Kamigawa: Neon Dynasty,15,normal,common,1,66811,d631e7da-bd71-424a-a349-9bce0fd16b1f,0.05,false,false,near_mint,en,EUR,InFeRMuS
c /u fodder,binder,Invoke the Divine,KHM,Kaldheim,16,normal,common,1,56934,7213d9e1-e9c6-45d8-bb7f-336c41e7b6f7,0.07,false,false,near_mint,en,EUR,InFeRMuS
c /u fodder,binder,Regent's Authority,NEO,Kamigawa: Neon Dynasty,32,normal,common,1,66732,79243e97-fe45-4988-b299-f59a7c53ad31,0.07,false,false,near_mint,en,EUR,InFeRMuS
c /u fodder,binder,Expedition Diviner,ZNR,Zendikar Rising,57,normal,common,1,54429,090f6e94-fb5f-4861-a465-f11766303676,0.07,false,false,near_mint,en,EUR,InFeRMuS
c /u fodder,binder,Growing Dread,DSK,Duskmourn: House of Horror,216,normal,uncommon,1,98826,5479ac50-8335-4c6a-be99-750a44e24f25,0.14,false,false,near_mint,en,EUR,InFeRMuS
c /u fodder,binder,Grow from the Ashes,DOM,Dominaria,164,normal,common,1,2112,51d4d1c2-671c-498c-a232-7d076e3dc3bb,0.3,false,false,near_mint,en,EUR,InFeRMuS
c /u fodder,binder,Rampant Growth,LTC,Tales of Middle-earth Commander,257,normal,common,1,83574,ddf4a6bc-8582-4e01-8d50-d3b4eb0c7cf2,0.38,false,false,near_mint,en,EUR,InFeRMuS
c /u fodder,binder,Farhaven Elf,CMR,Commander Legends,225,normal,common,1,55921,db681025-f912-4cba-8b89-c57cda2e6d53,0.13,false,false,near_mint,en,EUR,InFeRMuS
c /u fodder,binder,Displace,EMN,Eldritch Moon,55,normal,common,1,8281,8ab850c5-6f5e-41b7-ab52-094579caca12,0.38,false,false,near_mint,en,EUR,InFeRMuS
raras no binder,binder,Inspired Sphinx,SCD,Starter Commander Decks,55,normal,mythic,1,77268,21522dff-8a65-4816-8b6e-b71270fda3cd,0.34,false,false,near_mint,en,EUR,InFeRMuS
c /u fodder,binder,Artisan of Kozilek,ROE,Rise of the Eldrazi,2,normal,uncommon,1,21965,3ac80eb8-321d-476a-87e7-d25bdac6a91c,0.38,false,false,near_mint,en,EUR,InFeRMuS
raras no binder,binder,Wizard's Spellbook,AFR,Adventures in the Forgotten Realms,82,normal,rare,1,60392,b6ed0a4c-0234-4341-8dcb-5eea6a9632e7,0.27,false,false,near_mint,en,EUR,InFeRMuS
c /u fodder,binder,Blur,CLB,Commander Legends: Battle for Baldur's Gate,58,normal,common,1,69110,77a43413-3ab0-4ef6-83de-192a11d48f00,0.19,false,false,near_mint,en,EUR,InFeRMuS
raras no binder,binder,Soul of New Phyrexia,MOC,March of the Machine Commander,382,normal,mythic,1,81848,a52b55b5-72d9-4364-9fd4-96f05367aece,0.43,false,false,near_mint,en,EUR,InFeRMuS
raras no binder,binder,Lord of Change,40K,"Warhammer 40,000 Commander",24,normal,rare,1,72579,f9099d82-c13a-480d-b4bc-ecf8b810427c,2.37,false,false,near_mint,en,EUR,InFeRMuS
c /u fodder,binder,Timeless Witness,MH2,Modern Horizons 2,358,normal,uncommon,1,59662,8a0f47b0-2254-4df2-b3dc-74c1d3811d2f,0.17,false,false,near_mint,en,EUR,InFeRMuS
raras no binder,binder,Sphinx of Uthuun,C18,Commander 2018,104,normal,rare,1,739,1e31e8c5-1d7c-4e23-91fa-92adefe57347,0.13,false,false,near_mint,en,EUR,InFeRMuS
c /u fodder,binder,Sandstone Oracle,CMR,Commander Legends,336,normal,uncommon,1,55856,ba2b7213-f0db-4ef9-aab7-37028f9479af,0.11,false,false,near_mint,en,EUR,InFeRMuS
raras no binder,binder,Day of the Dragons,KHC,Kaldheim Commander,38,normal,rare,1,57233,76e4dd1d-b0bd-4fcf-b5c5-fe203af2fe8e,0.18,false,false,near_mint,en,EUR,InFeRMuS
raras no binder,binder,End-Raze Forerunners,RNA,Ravnica Allegiance,124,normal,rare,1,43741,a50d79fe-6d37-42f3-b7b0-0c3018282fa2,0.37,false,false,near_mint,en,EUR,InFeRMuS
c /u fodder,binder,Voidwalk,GTC,Gatecrash,55,normal,uncommon,1,16769,611d0e10-e767-4e66-b1f1-02f1624fab2b,0.14,false,false,near_mint,en,EUR,InFeRMuS
c /u fodder,binder,Fierce Empath,M21,Core Set 2021,181,normal,uncommon,1,50719,17bc2af0-5a1d-4319-a285-6a15cf86be83,0.08,false,false,near_mint,en,EUR,InFeRMuS
raras no binder,binder,Sandwurm Convergence,CMM,Commander Masters,911,normal,rare,1,84912,d27e64ba-5501-4212-b0b6-2a47f64d226a,0.25,false,false,near_mint,en,EUR,InFeRMuS
raras no binder,binder,Prime Speaker Zegana,RVR,Ravnica Remastered,377,normal,rare,1,89947,e11f5f45-0f33-416b-a8bd-1e839efa02a9,0.36,false,false,near_mint,en,EUR,InFeRMuS
raras no binder,binder,Verdant Force,DOM,Dominaria,187,normal,rare,1,2089,1d972f97-1945-440b-8bd3-63038db22257,0.27,false,false,near_mint,en,EUR,InFeRMuS
c /u fodder,binder,Edge of Autumn,FUT,Future Sight,144,normal,common,1,26193,03998e86-ef67-4329-b106-61252f3f532a,0.35,false,false,near_mint,en,EUR,InFeRMuS
raras no binder,binder,Terastodon,WWK,Worldwake,115,normal,rare,1,22076,e66d2f62-8a4a-4e8d-93e1-5dc802684106,0.25,false,false,near_mint,en,EUR,InFeRMuS
c /u fodder,binder,Siren's Ruse,XLN,Ixalan,80,normal,common,1,3932,8f389872-d1f4-4828-a527-e820a6f2ac21,0.19,false,false,near_mint,en,EUR,InFeRMuS
c /u fodder,binder,Voyager Staff,RVR,Ravnica Remastered,271,normal,uncommon,1,89793,8b9533a8-6ee3-493c-b211-5a1bc2b31ec8,0.13,false,false,near_mint,en,EUR,InFeRMuS
raras no binder,binder,Treeshaker Chimera,THB,Theros Beyond Death,297,normal,rare,1,46765,456627ec-81a4-40db-91dc-d25a59cd2837,0.41,false,false,near_mint,en,EUR,InFeRMuS
c /u fodder,binder,"Meneldor, Swift Savior",LTR,The Lord of the Rings: Tales of Middle-earth,62,normal,uncommon,1,83131,62d2ee20-abbc-4a9d-8d30-4223242123e8,0.15,false,false,near_mint,en,EUR,InFeRMuS
c /u fodder,binder,Springbloom Druid,MH1,Modern Horizons,181,normal,common,1,44753,6161d2ed-7cff-4c90-9e74-1d179a6c1498,0.19,false,false,near_mint,en,EUR,InFeRMuS
c /u fodder,binder,Season of Growth,WOT,Wilds of Eldraine: Enchanting Tales,61,normal,uncommon,1,85494,742f2d20-0f6b-488e-ae37-54a41522c191,0.12,false,false,near_mint,en,EUR,InFeRMuS
c /u fodder,binder,Nephalia Smuggler,2X2,Double Masters 2022,61,normal,uncommon,1,70298,6e9a17b5-422c-4add-adbf-63e4492121e8,0.1,false,false,near_mint,en,EUR,InFeRMuS
raras no binder,binder,Trail of Mystery,C19,Commander 2019,186,normal,rare,1,45748,396ba16d-4d8f-4610-a946-394d1e88a62e,0.16,false,false,near_mint,en,EUR,InFeRMuS
raras no binder,binder,Dawnglade Regent,CMR,Commander Legends,222,normal,rare,1,55902,d26025f0-72c0-4875-b2d7-916666b835d9,0.44,false,false,near_mint,en,EUR,InFeRMuS
raras no binder,binder,Swarm Intelligence,C21,Commander 2021,130,normal,rare,1,58531,2c573d12-4c69-4a54-b1b9-236c003ba98a,0.31,false,false,near_mint,en,EUR,InFeRMuS
raras no binder,binder,Wildest Dreams,KLD,Kaladesh,174,normal,rare,1,7469,9fedd63c-22e4-4c36-8a7a-a167a070678f,0.26,false,false,near_mint,en,EUR,InFeRMuS
c /u fodder,binder,Bane of Bala Ged,BFZ,Battle for Zendikar,1,normal,uncommon,1,10350,3741e62a-4b86-46ff-a7df-a8ceaf3b9a0c,0.33,false,false,near_mint,en,EUR,InFeRMuS
raras no binder,binder,Scourge of Fleets,JOU,Journey into Nyx,51,normal,rare,1,14598,0aaf1de7-1476-4f8d-b8b3-67675891df23,0.39,false,false,near_mint,en,EUR,InFeRMuS
c /u fodder,binder,Growth Spiral,LTC,Tales of Middle-earth Commander,267,normal,common,1,83660,f7b59b66-677d-4fd8-b7d7-5135d6622eb9,0.31,false,false,near_mint,en,EUR,InFeRMuS
raras no binder,binder,Hornet Queen,LTC,Tales of Middle-earth Commander,250,normal,rare,1,83357,a247694f-7b23-489b-b524-898625d000e2,0.18,false,false,near_mint,en,EUR,InFeRMuS
c /u fodder,binder,Illusionist's Stratagem,AER,Aether Revolt,36,normal,uncommon,1,6378,a7eede83-6f1b-4054-b01c-0da17b197bad,0.34,false,false,near_mint,en,EUR,InFeRMuS
raras no binder,binder,Woodfall Primus,LTC,Tales of Middle-earth Commander,264,normal,rare,1,83499,c9d7acdf-1bce-4646-b3e2-7787b6d7a5f3,0.31,false,false,near_mint,en,EUR,InFeRMuS
c /u fodder,binder,Fertile Ground,LRW,Lorwyn,211,normal,common,1,25231,05edfbbc-34e8-4046-966c-3a979468b95e,0.12,false,false,near_mint,en,EUR,InFeRMuS
raras no binder,binder,"Adric, Mathematical Genius",WHO,Doctor Who,33,normal,rare,1,87125,1f290a17-699e-420d-8322-3e28300a0d2e,0.25,false,false,near_mint,en,EUR,InFeRMuS
raras no binder,binder,"Tishana, Voice of Thunder",LCC,The Lost Caverns of Ixalan Commander,291,normal,mythic,1,88979,e522b695-859e-4fba-bf8c-c415fbce13e3,0.31,false,false,near_mint,en,EUR,InFeRMuS
c /u fodder,binder,Teferi's Time Twist,WAR,War of the Spark,72,normal,common,1,44332,c878bdc0-d697-4a2f-bba5-758b27f4247a,0.21,false,false,near_mint,en,EUR,InFeRMuS
c /u fodder,binder,Scholar of the Ages,M20,Core Set 2020,74,normal,uncommon,1,45387,80137c9a-ea56-4dc7-a503-43fe192c8fce,0.08,false,false,near_mint,en,EUR,InFeRMuS
raras no binder,binder,Windreader Sphinx,M19,Core Set 2019,84,normal,rare,1,1228,a5964daa-2f9e-4a4b-a091-91e7adc3e9c3,0.2,false,false,near_mint,en,EUR,InFeRMuS
c /u fodder,binder,Planar Incision,NEO,Kamigawa: Neon Dynasty,72,normal,common,1,66752,9163cb04-ee28-4127-b53a-89c546996d7d,0.17,false,false,near_mint,en,EUR,InFeRMuS
c /u fodder,binder,Regrowth,MH1,Modern Horizons,175,normal,uncommon,1,44759,d771fc5d-b9a1-4637-8241-3f54616b64af,0.25,false,false,near_mint,en,EUR,InFeRMuS
raras no binder,binder,Golden Argosy,DMU,Dominaria United,230,normal,rare,1,71870,f8611a53-e54e-4625-8e28-03511f1550e8,0.35,false,false,near_mint,en,EUR,InFeRMuS
c /u fodder,binder,Brutalizer Exarch,NPH,New Phyrexia,105,normal,uncommon,1,19780,9ddfa4ed-70fb-4e25-875d-df0f973f7294,0.15,false,false,near_mint,en,EUR,InFeRMuS
raras no binder,binder,"Bonny Pall, Clearcutter",OTJ,Outlaws of Thunder Junction,196,normal,rare,3,93138,4383ae7c-58ea-4354-93e4-677ad185c3bb,0.37,false,false,near_mint,en,EUR,InFeRMuS
raras no binder,binder,"Kozilek, the Broken Reality",MH3,Modern Horizons 3,10,normal,mythic,2,94325,04066abb-44d2-4730-9cc3-2584bc4c7d8c,5.5,false,false,near_mint,en,EUR,InFeRMuS
raras no binder,binder,Asceticism,LTC,Tales of Middle-earth Commander,233,normal,rare,2,83458,bde335c5-0e87-43c9-bef6-423e4d1caf35,4.07,false,false,near_mint,en,EUR,InFeRMuS
raras no binder,binder,Court of Embereth,WOC,Wilds of Eldraine Commander,24,normal,rare,3,85341,327cea0d-6328-4194-91de-8c6c937406ef,6.09,false,false,near_mint,en,EUR,InFeRMuS
raras no binder,binder,Cultivate,PW23,Wizards Play Network 2023,6,foil,rare,3,85147,96701694-eeff-42de-b1c7-84420ba0c198,0.4,false,false,near_mint,en,EUR,InFeRMuS
raras no binder,binder,"Jolrael, Voice of Zhalfir",MAT,March of the Machine: The Aftermath,230,foil,rare,2,82607,b1aa34cf-51f8-4433-9e10-1c7e8f940962,0.13,false,false,near_mint,en,EUR,InFeRMuS
raras no binder,binder,Starlight Spectacular,UNF,Unfinity,28,normal,rare,2,72957,de25090e-dd32-4267-a661-da3083d1737a,0.76,false,false,near_mint,en,EUR,InFeRMuS
raras no binder,binder,"Adriana, Captain of the Guard",ONC,Phyrexia: All Will Be One Commander,114,normal,rare,2,78430,1aa1e7ff-d0b9-441f-bcbb-4f0f89cab038,0.19,false,false,near_mint,en,EUR,InFeRMuS
raras no binder,binder,Keeper of the Accord,MOC,March of the Machine Commander,191,normal,rare,2,81757,7887ba81-16b6-4cfd-b282-02200a1789a3,0.42,false,false,near_mint,en,EUR,InFeRMuS
raras no binder,binder,Horn of Gondor,LTR,The Lord of the Rings: Tales of Middle-earth,240,normal,rare,2,83400,b14eaeec-d7ce-462a-90d3-2ae5ff605fdb,1.18,false,false,near_mint,en,EUR,InFeRMuS
raras no binder,binder,Finale of Glory,ONC,Phyrexia: All Will Be One Commander,67,normal,mythic,2,78726,9b6b5cb7-26aa-43d6-ae97-24e5efd3c636,0.44,false,false,near_mint,en,EUR,InFeRMuS
raras no binder,binder,"Tolsimir, Friend to Wolves",WAR,War of the Spark,224,normal,rare,2,44180,f7fce047-49f1-40ae-8410-6501cb0f8201,0.33,false,false,near_mint,en,EUR,InFeRMuS
raras no binder,binder,Wren's Run Packmaster,PLRW,Lorwyn Promos,244★,foil,rare,2,25442,dacea068-102c-44d7-93dc-93fcda9b8d43,0.51,false,false,near_mint,en,EUR,InFeRMuS
raras no binder,binder,Grand Warlord Radha,DOM,Dominaria,195,normal,rare,2,2081,986981fa-a744-45d8-81c7-68ef335c79e2,0.38,false,false,near_mint,en,EUR,InFeRMuS
raras no binder,binder,Master of the Wild Hunt,A25,Masters 25,181,normal,mythic,2,2535,3c56fda1-d286-46b1-9617-4f7c430abb79,1.39,false,false,near_mint,en,EUR,InFeRMuS
raras no binder,binder,"Shigeki, Jukai Visionary",DSC,Duskmourn: House of Horror Commander,198,normal,rare,2,99288,a87b3207-5d09-4821-ba26-f0b8a6aaff42,0.48,false,false,near_mint,en,EUR,InFeRMuS
raras no binder,binder,Deathmist Raptor,DSC,Duskmourn: House of Horror Commander,176,normal,mythic,2,99396,ed6e6cf5-8fb7-4ba6-943a-e5aa14a3ee92,0.17,false,false,near_mint,en,EUR,InFeRMuS
raras no binder,binder,Skaab Ruinator,DSC,Duskmourn: House of Horror Commander,128,normal,mythic,2,99186,668d4e90-61d3-4064-b867-6ac7a49a7d59,0.29,false,false,near_mint,en,EUR,InFeRMuS
raras no binder,binder,"Arixmethes, Slumbering Isle",DSC,Duskmourn: House of Horror Commander,211,normal,rare,2,99331,bf561379-4e5f-486a-bcdf-6e08e105316e,0.43,false,false,near_mint,en,EUR,InFeRMuS
raras no binder,binder,Hydra Omnivore,DSC,Duskmourn: House of Horror Commander,185,normal,mythic,2,99285,a6abde7a-da2a-4631-9db6-9d0ffe1e1105,0.57,false,false,near_mint,en,EUR,InFeRMuS
raras no binder,binder,Overwhelming Stampede,DSC,Duskmourn: House of Horror Commander,192,normal,rare,2,99348,cbb081ca-75ab-40e4-b071-50ed387c90e4,2.13,false,false,near_mint,en,EUR,InFeRMuS
raras no binder,binder,Biomass Mutation,DSC,Duskmourn: House of Horror Commander,214,normal,rare,2,99275,a16aa6bf-547f-4d95-82ca-79a4ee5b6212,0.19,false,false,near_mint,en,EUR,InFeRMuS
raras no binder,binder,Sandwurm Convergence,DSC,Duskmourn: House of Horror Commander,195,normal,rare,2,99108,3ad9cb61-4072-449b-9b32-83e2192cb292,0.22,false,false,near_mint,en,EUR,InFeRMuS
raras no binder,binder,Cackling Counterpart,DSC,Duskmourn: House of Horror Commander,72,normal,rare,2,98936,eb26e2dd-a81b-46a5-9208-c6b3d2548fbb,0.23,false,false,near_mint,en,EUR,InFeRMuS
raras no binder,binder,Zimone's Hypothesis,DSC,Duskmourn: House of Horror Commander,15,normal,rare,2,98897,ada2b522-219a-44be-98c1-83a02efdd709,0.19,false,false,near_mint,en,EUR,InFeRMuS
raras no binder,binder,Giggling Skitterspike,DSC,Duskmourn: House of Horror Commander,39,normal,rare,2,98948,fba20e7e-9581-4a9b-bdda-5c85d3450d4c,6.38,false,false,near_mint,en,EUR,InFeRMuS
raras no binder,binder,Aether Gale,DSC,Duskmourn: House of Horror Commander,109,normal,rare,2,99422,f956bdf3-6b1d-4730-98f6-ba89d3a12b8b,0.17,false,false,near_mint,en,EUR,InFeRMuS
raras no binder,binder,Dig Through Time,DSC,Duskmourn: House of Horror Commander,115,normal,rare,2,99162,572b3180-9822-4885-b81c-b1bf8aca5a5e,0.26,false,false,near_mint,en,EUR,InFeRMuS
raras no binder,binder,Citanul Hierophants,DSC,Duskmourn: House of Horror Commander,81,normal,rare,2,98940,f378ee17-bf8b-4a83-b42e-86da10817dba,0.25,false,false,near_mint,en,EUR,InFeRMuS
raras no binder,binder,Kefnet the Mindful,DSC,Duskmourn: House of Horror Commander,118,normal,mythic,2,99344,ca06ae1a-4080-450a-8ff0-ad6aafd8f04c,0.32,false,false,near_mint,en,EUR,InFeRMuS
raras no binder,binder,"Kianne, Corrupted Memory",DSC,Duskmourn: House of Horror Commander,2,foil,mythic,2,98927,d970c966-9a89-4c4c-ac73-8cf8fffe7721,0.26,false,false,near_mint,en,EUR,InFeRMuS
raras no binder,binder,Body of Knowledge,DSC,Duskmourn: House of Horror Commander,112,normal,rare,2,99063,185b2e8f-ab37-42e4-b3a1-f38b19a2e05a,0.21,false,false,near_mint,en,EUR,InFeRMuS
raras no binder,binder,"Multani, Yavimaya's Avatar",DSC,Duskmourn: House of Horror Commander,190,normal,mythic,2,99180,61337cf3-709d-4886-9c9b-0c346677f026,0.34,false,false,near_mint,en,EUR,InFeRMuS
raras no binder,binder,Oversimplify,DSC,Duskmourn: House of Horror Commander,228,normal,rare,2,99370,db0e1886-fe98-48a3-aa9c-8255c02c0604,0.27,false,false,near_mint,en,EUR,InFeRMuS
raras no binder,binder,Windbrisk Heights,ONC,Phyrexia: All Will Be One Commander,174,normal,rare,2,78671,845ea0c2-c115-4fe5-a945-6ae5e0f7d722,0.23,false,false,near_mint,en,EUR,InFeRMuS
raras no binder,binder,Temple of Triumph,ONC,Phyrexia: All Will Be One Commander,173,normal,rare,2,78946,f39ed855-ec59-422e-931c-0562a8f9a28b,0.15,false,false,near_mint,en,EUR,InFeRMuS
raras no binder,binder,Castle Vantress,DSC,Duskmourn: House of Horror Commander,267,normal,rare,2,99377,dead85f7-865c-4f7d-ad6c-014d4e90f8be,0.36,false,false,near_mint,en,EUR,InFeRMuS
raras no binder,binder,The Earth Crystal,FIN,Final Fantasy,184,normal,rare,1,106451,d585e218-3dc8-4fbd-8ad2-795fbc9b2155,5.56,false,false,near_mint,en,EUR,InFeRMuS
raras no binder,binder,Vincent Valentine // Galian Beast,FIN,Final Fantasy,125,normal,rare,1,106265,028ef608-acfe-4e9d-90db-eca4411ba78a,1.04,false,false,near_mint,en,EUR,InFeRMuS
raras no binder,binder,Memories Returning,FIN,Final Fantasy,331,foil,rare,1,106692,fb3c836d-8012-4591-ba4f-e6db6d59b974,2.24,false,false,near_mint,en,EUR,InFeRMuS
raras no binder,binder,The Regalia,FIN,Final Fantasy,267,normal,rare,1,106665,dc420e79-c483-474f-97cd-e9c6a636c306,0.49,false,false,near_mint,en,EUR,InFeRMuS
raras no binder,binder,Summon: Titan,FIN,Final Fantasy,204,normal,rare,1,106433,5ce6ea96-7293-496d-b9c8-8ed6d6109a4d,1.46,false,false,near_mint,en,EUR,InFeRMuS
raras no binder,binder,Clive's Hideaway,FIN,Final Fantasy,275,normal,rare,2,106557,5e43c36f-b8a2-4b2b-b2ea-57e6fa97521c,0.36,false,false,near_mint,en,EUR,InFeRMuS
raras no binder,binder,Memories Returning,FIN,Final Fantasy,63,normal,rare,1,106622,a753abfc-35d3-4faf-ab35-3b51aa778174,0.29,false,false,near_mint,en,EUR,InFeRMuS
raras no binder,binder,The Wind Crystal,FIN,Final Fantasy,330,normal,rare,1,106428,423134fa-62d9-439c-b123-eeea52f42414,4.88,false,false,near_mint,en,EUR,InFeRMuS
raras no binder,binder,Buster Sword,FIN,Final Fantasy,255,normal,mythic,1,106334,374d7383-a1a7-4eea-91f7-290180e14cc9,32.6,false,false,near_mint,en,EUR,InFeRMuS
raras no binder,binder,"Isshin, Two Heavens as One",FCA,Final Fantasy: Through the Ages,54,normal,rare,1,106354,a3baaf97-171a-40c0-a1dc-74ae05db0e25,7.84,false,false,near_mint,en,EUR,InFeRMuS
raras no binder,binder,Wall of Omens,FCA,Final Fantasy: Through the Ages,27,normal,uncommon,2,105693,ae94ab2a-5a6b-4358-ad7f-bdc9a98a9ac0,0.19,false,false,near_mint,en,EUR,InFeRMuS
raras no binder,binder,Summon: Brynhildr,FIN,Final Fantasy,160,normal,rare,2,106588,8ab5429a-1075-49aa-9608-0610080fbf7a,0.59,false,false,near_mint,en,EUR,InFeRMuS
raras no binder,binder,Hope Estheim,FIN,Final Fantasy,226,normal,rare,2,106693,fbdb68cc-5516-481a-94c5-59f6c69b8a17,0.28,false,false,near_mint,en,EUR,InFeRMuS
raras no binder,binder,"Lightning, Army of One",FIN,Final Fantasy,233,normal,mythic,1,105554,1103da9c-300c-406b-997d-9e5bb7cd02d6,17.23,false,false,near_mint,en,EUR,InFeRMuS
raras no binder,binder,Cryptic Command,FCA,Final Fantasy: Through the Ages,29,normal,rare,1,106437,7b182d1f-be0f-4b97-bca3-083483f7713c,3.53,false,false,near_mint,en,EUR,InFeRMuS
raras no binder,binder,Summon: G.F. Cerberus,FIN,Final Fantasy,368,normal,rare,1,106618,a5ad1e50-2bf1-4f43-9da4-62a89b521206,1.29,false,false,near_mint,en,EUR,InFeRMuS
raras no binder,binder,Aerith Gainsborough,FIN,Final Fantasy,4,normal,rare,2,105744,e86328b6-ded2-41df-8b6e-4a770e7b171e,1.51,false,false,near_mint,en,EUR,InFeRMuS
raras no binder,binder,Summon: G.F. Cerberus,FIN,Final Fantasy,162,normal,rare,1,106653,d0e5cbd4-401b-4456-80bf-d90beadfd1f8,0.31,false,false,near_mint,en,EUR,InFeRMuS
raras no binder,binder,"Balamb Garden, SeeD Academy // Balamb Garden, Airborne",FIN,Final Fantasy,354,normal,rare,1,106519,1a6c87dc-188c-4c75-9026-568263940b90,1.29,false,false,near_mint,en,EUR,InFeRMuS
raras no binder,binder,Triple Triad,FIN,Final Fantasy,166,normal,rare,1,106368,d9a1de36-7f47-4b28-bb56-38d7e5bed82f,0.34,false,false,near_mint,en,EUR,InFeRMuS
raras no binder,binder,Farseek,FCA,Final Fantasy: Through the Ages,45,normal,uncommon,1,106460,f36f237f-6b44-4513-ba5d-fe6b4936f78e,0.73,false,false,near_mint,en,EUR,InFeRMuS
raras no binder,binder,Ultima,FIN,Final Fantasy,38,normal,rare,1,106536,39504a0e-f63f-4907-afd7-c4492f6b8a3b,0.79,false,false,near_mint,en,EUR,InFeRMuS
raras no binder,binder,Serah Farron // Crystallized Serah,FIN,Final Fantasy,240,normal,rare,1,106344,62fa74c0-43ae-445c-8039-ca9d00e9709a,0.35,false,false,near_mint,en,EUR,InFeRMuS
raras no binder,binder,Sazh Katzroy,FIN,Final Fantasy,199,normal,rare,1,106328,1e2a3566-1390-457e-8077-d776a8671319,0.34,false,false,near_mint,en,EUR,InFeRMuS
raras no binder,binder,"Gogo, Master of Mimicry",FIN,Final Fantasy,54,normal,mythic,1,106652,cce4eb99-d960-4ab7-911a-bb4ea74d1775,4.62,false,false,near_mint,en,EUR,InFeRMuS
raras no binder,binder,Seifer Almasy,FIN,Final Fantasy,156,normal,rare,1,106607,9c776984-99ea-4181-ac95-78c41ba9d54f,0.26,false,false,near_mint,en,EUR,InFeRMuS
raras no binder,binder,"Urza, Lord High Artificer",FCA,Final Fantasy: Through the Ages,5,normal,mythic,1,106288,98294441-b5a1-4b59-9325-80d0ff913ebd,19.08,false,false,near_mint,en,EUR,InFeRMuS
raras no binder,binder,"Edgar, King of Figaro",FIN,Final Fantasy,51,normal,rare,2,106443,950ee302-5512-43c5-ac7c-b2b06f4177bf,0.25,false,false,near_mint,en,EUR,InFeRMuS
raras no binder,binder,"Sram, Senior Edificer",FCA,Final Fantasy: Through the Ages,3,normal,rare,1,105545,084d7a61-ef18-42e3-8485-76ae9a36ef7b,3.15,false,false,near_mint,en,EUR,InFeRMuS
raras no binder,binder,The Masamune,FIN,Final Fantasy,264,normal,rare,1,106694,fc408575-8ef7-4043-b6b7-b38cef7c97d1,0.66,false,false,near_mint,en,EUR,InFeRMuS
raras no binder,binder,"Syr Konrad, the Grim",FCA,Final Fantasy: Through the Ages,10,normal,uncommon,1,105946,5b40815d-0104-461e-b193-fcf5e1f35299,0.39,false,false,near_mint,en,EUR,InFeRMuS
raras no binder,binder,Light Up the Stage,FCA,Final Fantasy: Through the Ages,39,normal,uncommon,1,106407,686150d8-1d01-4c4f-8e4d-61ada78d6859,0.18,false,false,near_mint,en,EUR,InFeRMuS
raras no binder,binder,Brainstorm,FCA,Final Fantasy: Through the Ages,28,normal,uncommon,1,106148,c14f8bce-d5b3-4d01-8346-8a4923ec03d9,1.6,false,false,near_mint,en,EUR,InFeRMuS
raras no binder,binder,Dark Confidant,FIN,Final Fantasy,94,normal,mythic,2,105571,2520ab23-a068-4462-b261-2754409b4108,5.62,false,false,near_mint,en,EUR,InFeRMuS
raras no binder,binder,"Sin, Spira's Punishment",FIN,Final Fantasy,242,normal,rare,1,103790,659be746-bd31-4a70-8cec-7798da78b0b5,0.29,false,false,near_mint,en,EUR,InFeRMuS
raras no binder,binder,"Lindblum, Industrial Regency // Mage Siege",FIN,Final Fantasy,285,normal,rare,1,106405,548dd152-f0b6-4e8f-9afc-a4ec1671b648,1.85,false,false,near_mint,en,EUR,InFeRMuS
raras no binder,binder,Dovin's Veto,FCA,Final Fantasy: Through the Ages,51,normal,uncommon,1,106360,ba332954-ed8c-48d7-8d85-971c7b71dccf,0.56,false,false,near_mint,en,EUR,InFeRMuS
raras no binder,binder,Louisoix's Sacrifice,FIN,Final Fantasy,59,normal,rare,1,106544,4a6976f2-0bd5-449a-8fcf-f5a732ce22c1,0.59,false,false,near_mint,en,EUR,InFeRMuS
raras no binder,binder,Machinist's Arsenal,FIN,Final Fantasy,23,normal,rare,2,106381,ff976428-2145-4630-aab1-08870b90b2f0,0.26,false,false,near_mint,en,EUR,InFeRMuS
raras no binder,binder,"Gilgamesh, Master-at-Arms",FIN,Final Fantasy,139,normal,rare,1,105563,1eb81329-fb7a-4347-b96c-9960a5c48e87,0.31,false,false,near_mint,en,EUR,InFeRMuS
raras no binder,binder,"Ishgard, the Holy See // Faith & Grief",FIN,Final Fantasy,283,normal,rare,1,105804,068bc755-9d3d-430b-abc5-c775a5415bf9,0.97,false,false,near_mint,en,EUR,InFeRMuS
raras no binder,binder,Summoner's Grimoire,FIN,Final Fantasy,205,normal,rare,2,105730,d9fda3fc-569d-49f8-a2ed-e0b1d6668426,0.34,false,false,near_mint,en,EUR,InFeRMuS
raras no binder,binder,"Jecht, Reluctant Guardian // Braska's Final Aeon",FIN,Final Fantasy,104,normal,rare,1,106275,4ec91fe8-b3da-47fa-b45e-94b62a260aba,0.33,false,false,near_mint,en,EUR,InFeRMuS
raras no binder,binder,Traveling Chocobo,FIN,Final Fantasy,406,normal,mythic,1,105575,28ce1dbc-508c-4d09-8e44-37bf5ebfdc8f,42.17,false,false,near_mint,en,EUR,InFeRMuS
raras no binder,binder,"Joshua, Phoenix's Dominant // Phoenix, Warden of Fire",FIN,Final Fantasy,397,normal,rare,1,106498,04dd9ad9-eab2-447c-b065-078a0b184519,5.85,false,false,near_mint,en,EUR,InFeRMuS
raras no binder,binder,Starting Town,FIN,Final Fantasy,289,normal,rare,1,105768,fc7d1912-7e27-49ef-bd98-375d975a42b0,10.33,false,false,near_mint,en,EUR,InFeRMuS
raras no binder,binder,"Ultima, Origin of Oblivion",FIN,Final Fantasy,324,normal,rare,1,105863,2ac1b165-27ff-47f3-b598-43f7f021093a,3.29,false,false,near_mint,en,EUR,InFeRMuS
raras no binder,binder,A Realm Reborn,FIN,Final Fantasy,344,normal,rare,1,105690,aa78ab04-6ddf-4a67-8bcf-0da4646a1e48,1.04,false,false,near_mint,en,EUR,InFeRMuS
raras no binder,binder,"Fynn, the Fangbearer",FCA,Final Fantasy: Through the Ages,46,normal,uncommon,1,106372,e983925b-de9c-4a09-8bff-913301aff269,0.13,false,false,near_mint,en,EUR,InFeRMuS
raras no binder,binder,"Terra, Magical Adept // Esper Terra",FIN,Final Fantasy,245,normal,mythic,1,105766,fbd447aa-588d-4c4d-925e-a7d3bdf6a65c,6.31,false,false,near_mint,en,EUR,InFeRMuS
raras no binder,binder,Balthier and Fran,FIN,Final Fantasy,213,normal,rare,1,105695,afcaed7d-7ea3-4f2a-a7f5-ee3315226369,0.23,false,false,near_mint,en,EUR,InFeRMuS
raras no binder,binder,Nature's Claim,FCA,Final Fantasy: Through the Ages,47,normal,uncommon,1,106366,d349901d-f9a6-4f09-a881-531c695cf1c4,0.34,false,false,near_mint,en,EUR,InFeRMuS
c /u fodder,binder,Summon: Esper Ramuh,FIN,Final Fantasy,161,normal,uncommon,2,106286,840659ee-1493-4190-a514-c2c9ae14e331,0.11,false,false,near_mint,en,EUR,InFeRMuS
c /u fodder,binder,Light of Judgment,FIN,Final Fantasy,144,normal,common,3,106600,98bb716d-ca66-445f-9cb3-0fc656c8ebff,0.02,false,false,near_mint,en,EUR,InFeRMuS
c /u fodder,binder,Haste Magic,FIN,Final Fantasy,140,normal,common,4,106402,3af9d100-70ee-4c6c-a762-11a0c4f3ef6f,0.06,false,false,near_mint,en,EUR,InFeRMuS
c /u fodder,binder,Mysidian Elder,FIN,Final Fantasy,145,normal,common,3,106566,6bc39af4-be19-4889-b930-df7ebf7b9481,0.07,false,false,near_mint,en,EUR,InFeRMuS
c /u fodder,binder,Coral Sword,FIN,Final Fantasy,134,normal,uncommon,2,106400,13e81e32-7246-46b9-872e-cde77cedd197,0.08,false,false,near_mint,en,EUR,InFeRMuS
c /u fodder,binder,Hill Gigas,FIN,Final Fantasy,141,normal,common,4,106529,2a8b3e1e-5c10-4360-ac1c-83b2e026278c,0.05,false,false,near_mint,en,EUR,InFeRMuS
c /u fodder,binder,Laughing Mad,FIN,Final Fantasy,143,normal,common,2,106168,cd5b9daf-6325-4eb4-a069-4a8cc7807884,0.07,false,false,near_mint,en,EUR,InFeRMuS
c /u fodder,binder,Summon: G.F. Ifrit,FIN,Final Fantasy,163,normal,common,3,106648,c6c73092-5195-4bdc-b039-a699f6e297b2,0.09,false,false,near_mint,en,EUR,InFeRMuS
c /u fodder,binder,Summon: G.F. Ifrit,FIN,Final Fantasy,369,normal,common,1,106525,25c3ce9a-39e5-4273-ba67-224a837b75e7,0.31,false,false,near_mint,en,EUR,InFeRMuS
c /u fodder,binder,Self-Destruct,FIN,Final Fantasy,157,normal,uncommon,2,106285,7661003c-bf83-46bb-bcc0-8fbf5819ffa8,0.18,false,false,near_mint,en,EUR,InFeRMuS
c /u fodder,binder,Warrior's Sword,FIN,Final Fantasy,169,normal,common,3,106296,cb98a7dd-542e-4448-b3bb-ff5d67a36535,0.03,false,false,near_mint,en,EUR,InFeRMuS
c /u fodder,binder,Item Shopkeep,FIN,Final Fantasy,142,normal,common,4,106293,bd2db3f5-fd0d-4817-af90-6bea1f07e16b,0.03,false,false,near_mint,en,EUR,InFeRMuS
c /u fodder,binder,Call the Mountain Chocobo,FIN,Final Fantasy,131,normal,common,5,106633,b2e1986c-2852-4843-bdc4-eddb727ba3d4,0.04,false,false,near_mint,en,EUR,InFeRMuS
c /u fodder,binder,Red Mage's Rapier,FIN,Final Fantasy,152,foil,common,1,106669,e0579955-75f9-47a9-8b03-e287d120826a,0.19,false,false,near_mint,en,EUR,InFeRMuS
c /u fodder,binder,Barret Wallace,FIN,Final Fantasy,129,normal,uncommon,2,105840,1a504dff-5857-4a61-ab99-616d5df7cf5a,0.05,false,false,near_mint,en,EUR,InFeRMuS
c /u fodder,binder,Blazing Bomb,FIN,Final Fantasy,130,normal,common,5,106573,70f47277-ca47-428a-808f-0fb32e820a71,0.04,false,false,near_mint,en,EUR,InFeRMuS
c /u fodder,binder,Opera Love Song,FIN,Final Fantasy,147,normal,uncommon,3,106496,0343916d-1b65-4e95-aef1-e72dbcebf0c4,0.22,false,false,near_mint,en,EUR,InFeRMuS
c /u fodder,binder,Suplex,FIN,Final Fantasy,164,normal,common,5,106376,f61693a2-7042-44e0-85ba-9bf12ab94e7e,0.08,false,false,near_mint,en,EUR,InFeRMuS
c /u fodder,binder,Assault Strobe,SOM,Scars of Mirrodin,82,normal,common,1,20950,9b505c78-5dbd-483d-92bb-5144060e962f,0.53,false,false,near_mint,en,EUR,InFeRMuS
c /u fodder,binder,Il Mheg Pixie,FIN,Final Fantasy,57,normal,uncommon,2,106629,ae612312-3a8e-495f-8730-deaaf7505ca1,0.07,false,false,near_mint,en,EUR,InFeRMuS
c /u fodder,binder,Qiqirn Merchant,FIN,Final Fantasy,65,normal,common,4,106623,a75a6ecc-a6a5-462c-bd92-ae57dde9b965,0.04,false,false,near_mint,en,EUR,InFeRMuS
c /u fodder,binder,Quistis Trepe,FIN,Final Fantasy,66,foil,uncommon,1,106279,61784cbd-92e9-43c7-a1a8-4004b1bf4dae,0.26,false,false,near_mint,en,EUR,InFeRMuS
c /u fodder,binder,Sahagin,FIN,Final Fantasy,71,normal,common,5,106276,516940c7-c271-4f64-af75-c7ba98548382,0.05,false,false,near_mint,en,EUR,InFeRMuS
c /u fodder,binder,Sage's Nouliths,FIN,Final Fantasy,70,normal,common,3,106088,a12ff7c3-6ae0-4098-9240-ff3fd16a5288,0.06,false,false,near_mint,en,EUR,InFeRMuS
c /u fodder,binder,Eject,FIN,Final Fantasy,52,normal,uncommon,2,106631,aec83c9a-8ec4-4a5a-b27f-0e74a2b3d21e,0.08,false,false,near_mint,en,EUR,InFeRMuS
c /u fodder,binder,Magic Damper,FIN,Final Fantasy,61,normal,common,3,106540,44921b2e-5938-4f63-92b9-0b719a2f8c68,0.09,false,false,near_mint,en,EUR,InFeRMuS
c /u fodder,binder,Ether,FIN,Final Fantasy,53,normal,uncommon,2,106586,896ee6e9-15a9-4974-b576-50f4759fac38,0.07,false,false,near_mint,en,EUR,InFeRMuS
c /u fodder,binder,Dreams of Laguna,FIN,Final Fantasy,50,normal,common,3,106292,ba752243-2727-4b8a-8e21-e70becfd4ff3,0.07,false,false,near_mint,en,EUR,InFeRMuS
c /u fodder,binder,Summon: Shiva,FIN,Final Fantasy,78,foil,uncommon,1,103800,a80511f8-7cb1-4974-afde-8a5cebe13ad7,0.21,false,false,near_mint,en,EUR,InFeRMuS
c /u fodder,binder,Ice Flan,FIN,Final Fantasy,55,normal,common,5,106357,ad304c9c-943f-442f-bb82-ff378ad7d7ba,0.03,false,false,near_mint,en,EUR,InFeRMuS
c /u fodder,binder,Retrieve the Esper,FIN,Final Fantasy,68,normal,common,5,106301,ebd733f0-8883-434a-b36c-ef76b091fe8e,0.04,false,false,near_mint,en,EUR,InFeRMuS
c /u fodder,binder,Cargo Ship,FIN,Final Fantasy,47,normal,uncommon,2,106597,932b865c-bfe7-4bb7-82e9-2403cf0e0522,0.11,false,false,near_mint,en,EUR,InFeRMuS
c /u fodder,binder,Sleep Magic,FIN,Final Fantasy,74,normal,uncommon,1,106650,c96cae63-7625-48e3-aaba-5b1632a8642d,0.09,false,false,near_mint,en,EUR,InFeRMuS
c /u fodder,binder,Magitek Infantry,FIN,Final Fantasy,25,normal,common,4,106635,b64dc6d7-dd01-4e66-9099-4c90865448df,0.04,false,false,near_mint,en,EUR,InFeRMuS
c /u fodder,binder,Slash of Light,FIN,Final Fantasy,32,normal,common,2,106662,da6d9529-3cb0-4adc-8209-b9b02db3bf54,0.06,false,false,near_mint,en,EUR,InFeRMuS
c /u fodder,binder,Ambrosia Whiteheart,FIN,Final Fantasy,6,normal,uncommon,2,106459,f2596767-7d19-4110-86ed-3cfc93ac7483,0.11,false,false,near_mint,en,EUR,InFeRMuS
c /u fodder,binder,You're Not Alone,FIN,Final Fantasy,44,normal,common,4,106327,1867b5cb-2bb0-4f49-b302-036fdffa2344,0.05,false,false,near_mint,en,EUR,InFeRMuS
c /u fodder,binder,Sidequest: Catch a Fish // Cooking Campsite,FIN,Final Fantasy,31,normal,uncommon,2,103802,bdb5452e-d97f-409b-91d0-2664f39b09b8,0.11,false,false,near_mint,en,EUR,InFeRMuS
c /u fodder,binder,Paladin's Arms,FIN,Final Fantasy,28,normal,common,3,106338,446506c5-5e1d-4b42-aef3-ea247d7881ef,0.04,false,false,near_mint,en,EUR,InFeRMuS
c /u fodder,binder,The Crystal's Chosen,FIN,Final Fantasy,14,foil,uncommon,1,105725,d4df4373-0ee6-44e3-81c6-0881c070014c,0.13,false,false,near_mint,en,EUR,InFeRMuS
c /u fodder,binder,Snow Villiers,FIN,Final Fantasy,33,normal,uncommon,2,106537,399bb699-e61d-4b41-b6e9-e594cbad6194,0.08,false,false,near_mint,en,EUR,InFeRMuS
c /u fodder,binder,Weapons Vendor,FIN,Final Fantasy,40,normal,common,3,106651,c9e6b374-3e44-4df7-b0a3-4ef98dc08267,0.05,false,false,near_mint,en,EUR,InFeRMuS
c /u fodder,binder,Fate of the Sun-Cryst,FIN,Final Fantasy,19,normal,common,4,106287,900cdf11-b42e-4dcc-97c3-2e4d8e406a70,0.02,false,false,near_mint,en,EUR,InFeRMuS
c /u fodder,binder,Restoration Magic,FIN,Final Fantasy,30,normal,uncommon,2,106543,494e68e9-ecba-4482-82bc-207ad59144c1,0.49,false,false,near_mint,en,EUR,InFeRMuS
c /u fodder,binder,Aerith Rescue Mission,FIN,Final Fantasy,5,normal,common,5,106532,3123d16c-e1e6-4659-a7a3-2ec6efc6bf08,0.04,false,false,near_mint,en,EUR,InFeRMuS
c /u fodder,binder,Gaelicat,FIN,Final Fantasy,22,normal,common,5,106528,29606c49-e1a4-49c3-883b-9122c08bbbc7,0.02,false,false,near_mint,en,EUR,InFeRMuS
c /u fodder,binder,White Mage's Staff,FIN,Final Fantasy,42,foil,common,1,105584,30db372e-0b4c-4e16-9667-bf3fda666f72,0.12,false,false,near_mint,en,EUR,InFeRMuS
c /u fodder,binder,Dragoon's Lance,FIN,Final Fantasy,17,normal,uncommon,1,105671,96630531-8eb7-4e3e-8d63-60c562a5571b,0.11,false,false,near_mint,en,EUR,InFeRMuS
c /u fodder,binder,Cloudbound Moogle,FIN,Final Fantasy,11,normal,common,4,106283,7387bca7-f496-45da-a0ac-6be049303a8f,0.04,false,false,near_mint,en,EUR,InFeRMuS
c /u fodder,binder,You're Not Alone,FIN,Final Fantasy,44,foil,common,1,106327,1867b5cb-2bb0-4f49-b302-036fdffa2344,0.14,false,false,near_mint,en,EUR,InFeRMuS
c /u fodder,binder,G'raha Tia,FIN,Final Fantasy,21,normal,uncommon,2,106501,076a8eca-ed73-4ee9-aab4-d9d43d394ee6,0.06,false,false,near_mint,en,EUR,InFeRMuS
c /u fodder,binder,Shambling Cie'th,FIN,Final Fantasy,117,normal,uncommon,2,106302,f02ce338-4fe2-44b0-a896-3ed7e6c874a3,0.04,false,false,near_mint,en,EUR,InFeRMuS
c /u fodder,binder,Resentful Revelation,FIN,Final Fantasy,114,normal,common,2,106598,945006ea-c6a1-4ee5-abb2-387c2b6d3123,0.08,false,false,near_mint,en,EUR,InFeRMuS
c /u fodder,binder,Hecteyes,FIN,Final Fantasy,103,normal,common,4,106585,8680d052-c07b-4d9b-bda9-b5f69f44f424,0.04,false,false,near_mint,en,EUR,InFeRMuS
c /u fodder,binder,Phantom Train,FIN,Final Fantasy,110,normal,uncommon,2,106350,7a50d2ac-101d-41e1-b400-18fa7d2d7125,0.08,false,false,near_mint,en,EUR,InFeRMuS
c /u fodder,binder,Ahriman,FIN,Final Fantasy,87,normal,common,3,106517,162a415c-5465-497e-8f4e-c6f09681641d,0.04,false,false,near_mint,en,EUR,InFeRMuS
c /u fodder,binder,Qutrub Forayer,FIN,Final Fantasy,112,foil,common,1,106575,7475ecf6-23f5-45af-9ef0-ac7923bbc9cb,0.06,false,false,near_mint,en,EUR,InFeRMuS
c /u fodder,binder,Black Mage's Rod,FIN,Final Fantasy,90,normal,common,3,105591,35e8f140-055f-4fc7-a765-fb030d828214,0.22,false,false,near_mint,en,EUR,InFeRMuS
c /u fodder,binder,Demon Wall,FIN,Final Fantasy,97,normal,uncommon,2,106514,13abd96c-d1af-43d0-b3a4-ac3db20e3b51,0.14,false,false,near_mint,en,EUR,InFeRMuS
c /u fodder,binder,Fight On!,FIN,Final Fantasy,100,normal,common,3,106673,e1b0739a-dcc4-4034-96d7-69e551b2f36b,0.07,false,false,near_mint,en,EUR,InFeRMuS
c /u fodder,binder,Malboro,FIN,Final Fantasy,106,normal,common,3,105739,e46d8048-03ce-4e07-ba24-f41ba6140a4e,0.05,false,false,near_mint,en,EUR,InFeRMuS
c /u fodder,binder,Evil Reawakened,FIN,Final Fantasy,98,normal,uncommon,2,106300,eb98cbc3-749c-44f4-974c-00be1286d69e,0.08,false,false,near_mint,en,EUR,InFeRMuS
c /u fodder,binder,Undercity Dire Rat,FIN,Final Fantasy,123,normal,common,5,106270,274788f4-fbf3-4a15-bdc0-f513a2fde30d,0.06,false,false,near_mint,en,EUR,InFeRMuS
c /u fodder,binder,Sephiroth's Intervention,FIN,Final Fantasy,116,normal,common,5,106297,cf7df82f-937a-443f-813f-2bcc6944c5c0,0.03,false,false,near_mint,en,EUR,InFeRMuS
c /u fodder,binder,Circle of Power,FIN,Final Fantasy,92,normal,uncommon,1,106164,c969bd0f-f174-4e2f-b95c-c9ccd5d0b8ba,0.12,false,false,near_mint,en,EUR,InFeRMuS
c /u fodder,binder,Cornered by Black Mages,FIN,Final Fantasy,93,normal,common,4,106564,688fcf8a-0a44-416a-8086-83acf9a6fe69,0.11,false,false,near_mint,en,EUR,InFeRMuS
c /u fodder,binder,Overkill,FIN,Final Fantasy,109,normal,uncommon,2,106628,ae075e71-d33d-4d6c-b4a5-0b47dd6fd196,0.18,false,false,near_mint,en,EUR,InFeRMuS
c /u fodder,binder,Extract the Truth,SNC,Streets of New Capenna,78,normal,common,1,67667,2bdb9df1-4475-45e7-bc9c-40937c8c1722,0.1,false,false,near_mint,en,EUR,InFeRMuS
c /u fodder,binder,Airship Crash,FIN,Final Fantasy,171,foil,common,1,106680,ec91c4e4-711f-464d-bc83-e6813f4fdcdb,0.1,false,false,near_mint,en,EUR,InFeRMuS
c /u fodder,binder,Town Greeter,FIN,Final Fantasy,209,normal,common,4,105610,49cd4efa-4df4-4257-9a42-60330f7781e2,0.1,false,false,near_mint,en,EUR,InFeRMuS
c /u fodder,binder,Gran Pulse Ochu,FIN,Final Fantasy,189,normal,common,4,106547,4dced21f-478c-4500-9484-af5864dea5cc,0.05,false,false,near_mint,en,EUR,InFeRMuS
c /u fodder,binder,Sidequest: Raise a Chocobo // Black Chocobo,FIN,Final Fantasy,201,normal,uncommon,2,106508,0cbf911c-a721-4b84-8645-d83a0966be18,0.15,false,false,near_mint,en,EUR,InFeRMuS
c /u fodder,binder,Cactuar,FIN,Final Fantasy,177,normal,uncommon,2,106657,d5273db4-6214-41e4-825a-612fca8bbe03,0.11,false,false,near_mint,en,EUR,InFeRMuS
c /u fodder,binder,Airship Crash,FIN,Final Fantasy,171,normal,common,3,106680,ec91c4e4-711f-464d-bc83-e6813f4fdcdb,0.06,false,false,near_mint,en,EUR,InFeRMuS
c /u fodder,binder,Rydia's Return,FIN,Final Fantasy,198,normal,uncommon,2,106718,40a06165-2835-4610-86a1-7f684992fcf2,0.08,false,false,near_mint,en,EUR,InFeRMuS
c /u fodder,binder,Commune with Beavers,FIN,Final Fantasy,182,normal,common,3,105641,784287c2-43c5-4210-93ae-cdd33b9acb1b,0.08,false,false,near_mint,en,EUR,InFeRMuS
c /u fodder,binder,Blitzball Shot,FIN,Final Fantasy,176,normal,common,3,106417,ec8ab637-3d7d-4712-9f83-8920f808f715,0.03,false,false,near_mint,en,EUR,InFeRMuS
c /u fodder,binder,Diamond Weapon,FIN,Final Fantasy,183,normal,uncommon,2,106567,6ce7f494-2a19-4b11-94d4-fc5e5a7068bd,0.2,false,false,near_mint,en,EUR,InFeRMuS
c /u fodder,binder,Gysahl Greens,FIN,Final Fantasy,190,normal,common,3,106494,020dee17-d85b-44c4-9faa-b1ef977956f4,0.04,false,false,near_mint,en,EUR,InFeRMuS
c /u fodder,binder,Loporrit Scout,FIN,Final Fantasy,192,normal,common,4,106612,a182bc66-bfda-4bf5-bd12-3de5dba60945,0.05,false,false,near_mint,en,EUR,InFeRMuS
c /u fodder,binder,Summon: Fat Chocobo,FIN,Final Fantasy,202,normal,common,5,106533,32eb192b-de6b-4814-8077-628d343d014e,0.1,false,false,near_mint,en,EUR,InFeRMuS
c /u fodder,binder,"Quina, Qu Gourmet",FIN,Final Fantasy,194,normal,uncommon,2,106341,4f352b5e-9731-4a8e-b872-db5d3bf32211,0.12,false,false,near_mint,en,EUR,InFeRMuS
c /u fodder,binder,Goobbue Gardener,FIN,Final Fantasy,188,normal,common,6,106636,b7c3544a-5dd5-423e-8a40-ac4803db8adc,0.04,false,false,near_mint,en,EUR,InFeRMuS
c /u fodder,binder,Prishe's Wanderings,FIN,Final Fantasy,193,normal,common,4,106658,d6e1dee0-e2cd-4899-a3ea-7d0df717c9ab,0.05,false,false,near_mint,en,EUR,InFeRMuS
non basic lands,binder,"Vector, Imperial Capital",FIN,Final Fantasy,291,normal,common,2,106512,10e5648e-4884-41e3-95f8-c76f6bca01e2,0.06,false,false,near_mint,en,EUR,InFeRMuS
non basic lands,binder,Capital City,FIN,Final Fantasy,274,normal,uncommon,2,106379,f73ce8ec-c916-48eb-ae20-c0d6d03d7145,0.14,false,false,near_mint,en,EUR,InFeRMuS
non basic lands,binder,"Baron, Airship Kingdom",FIN,Final Fantasy,273,normal,common,2,106570,6e4bf840-802d-47d5-bffd-8ba495e19cf6,0.07,false,false,near_mint,en,EUR,InFeRMuS
non basic lands,binder,Adventurer's Inn,FIN,Final Fantasy,271,normal,common,5,105754,f0da2ee1-986e-4cbf-92eb-d96fdb572ca5,0.08,false,false,near_mint,en,EUR,InFeRMuS
non basic lands,binder,Crossroads Village,FIN,Final Fantasy,276,normal,common,3,106561,64db46d4-f91f-49cc-971c-b8e19f0c4ea9,0.06,false,false,near_mint,en,EUR,InFeRMuS
non basic lands,binder,"Gohn, Town of Ruin",FIN,Final Fantasy,278,normal,common,4,106602,99582781-613e-4a33-aec7-7569b4a961aa,0.05,false,false,near_mint,en,EUR,InFeRMuS
non basic lands,binder,"Insomnia, Crown City",FIN,Final Fantasy,282,normal,common,2,106502,07fca511-a65c-4779-82c0-9215b0dcd068,0.08,false,false,near_mint,en,EUR,InFeRMuS
c /u fodder,binder,Monk's Fist,FIN,Final Fantasy,265,normal,common,4,106601,995033f0-873d-4e46-b0c9-98ec8ef270ff,0.03,false,false,near_mint,en,EUR,InFeRMuS
c /u fodder,binder,Iron Giant,FIN,Final Fantasy,260,normal,common,5,106675,e48cf6d5-4d32-4b66-80be-3495ecd3e906,0.06,false,false,near_mint,en,EUR,InFeRMuS
c /u fodder,binder,Relentless X-ATM092,FIN,Final Fantasy,268,normal,uncommon,2,106671,e09ee4c9-85ef-4d1e-864b-d659b8e8f51d,0.07,false,false,near_mint,en,EUR,InFeRMuS
c /u fodder,binder,World Map,FIN,Final Fantasy,270,normal,common,4,106572,70d9ab99-ec8a-402e-ba1d-ffa6c4c84a3f,0.09,false,false,near_mint,en,EUR,InFeRMuS
c /u fodder,binder,Adventurer's Airship,FIN,Final Fantasy,252,foil,common,1,106504,0a1d6dcd-bd41-4f57-a35b-6613811fe4d4,0.11,false,false,near_mint,en,EUR,InFeRMuS
c /u fodder,binder,Instant Ramen,FIN,Final Fantasy,259,normal,common,5,106374,ef7011f4-fc08-4b15-973d-d15357cbe744,0.08,false,false,near_mint,en,EUR,InFeRMuS
c /u fodder,binder,Adventurer's Airship,FIN,Final Fantasy,252,normal,common,3,106504,0a1d6dcd-bd41-4f57-a35b-6613811fe4d4,0.03,false,false,near_mint,en,EUR,InFeRMuS
c /u fodder,binder,Magic Pot,FIN,Final Fantasy,263,normal,common,3,106553,57d07ca0-5618-4a90-a605-ca14a193ce3b,0.04,false,false,near_mint,en,EUR,InFeRMuS
c /u fodder,binder,Blitzball,FIN,Final Fantasy,254,normal,common,4,106723,92f4ad73-42bf-45c0-8bb6-0b44043c81ef,0.07,false,false,near_mint,en,EUR,InFeRMuS
c /u fodder,binder,Lunatic Pandora,FIN,Final Fantasy,262,normal,common,3,106659,d6e1e3e7-20d4-42cb-ad22-60356b9e8fdc,0.07,false,false,near_mint,en,EUR,InFeRMuS
c /u fodder,binder,"Rydia, Summoner of Mist",FIN,Final Fantasy,239,normal,uncommon,2,106724,99450143-6ab5-463d-9e04-e8e6703a8b92,0.18,false,false,near_mint,en,EUR,InFeRMuS
c /u fodder,binder,"Omega, Heartless Evolution",FIN,Final Fantasy,236,normal,uncommon,2,106604,9a8eb7e6-0c0b-42d0-aa90-2d3d29bc15aa,0.06,false,false,near_mint,en,EUR,InFeRMuS
c /u fodder,binder,"Garland, Knight of Cornelia // Chaos, the Endless",FIN,Final Fantasy,221,normal,uncommon,2,103808,dd463dbe-5f2c-4d4f-86f8-ad8ff407af62,0.11,false,false,near_mint,en,EUR,InFeRMuS
c /u fodder,binder,Rinoa Heartilly,FIN,Final Fantasy,237,normal,uncommon,2,105701,ba79d293-bf42-48b6-a868-5249f4beeb76,0.08,false,false,near_mint,en,EUR,InFeRMuS
c /u fodder,binder,Locke Cole,FIN,Final Fantasy,234,normal,uncommon,3,106552,572feb8c-6976-40a8-8a34-b4db836cca56,0.09,false,false,near_mint,en,EUR,InFeRMuS
c /u fodder,binder,Stuck in Summoner's Sanctum,FIN,Final Fantasy,76,normal,common,5,106562,6678501e-6349-4e37-ab4c-a31a3d408d52,0.06,false,false,near_mint,en,EUR,InFeRMuS
c /u fodder,binder,Summon: Choco/Mog,FIN,Final Fantasy,35,normal,common,4,106493,00546117-018a-4286-bc20-b5446c5be56f,0.1,false,false,near_mint,en,EUR,InFeRMuS
c /u fodder,binder,Sabotender,FIN,Final Fantasy,153,normal,common,5,106513,12df1295-8b08-4c8e-bac9-55b4f514c0be,0.07,false,false,near_mint,en,EUR,InFeRMuS
non basic lands,binder,"Treno, Dark City",FIN,Final Fantasy,290,normal,common,4,106686,f6285535-bc44-4274-a886-b14d7c7aaba8,0.06,false,false,near_mint,en,EUR,InFeRMuS
c /u fodder,binder,Qutrub Forayer,FIN,Final Fantasy,112,normal,common,4,106575,7475ecf6-23f5-45af-9ef0-ac7923bbc9cb,0.05,false,false,near_mint,en,EUR,InFeRMuS
c /u fodder,binder,Ice Magic,FIN,Final Fantasy,56,normal,common,5,105677,9dabd626-7ec3-4913-babb-d5d3fd5e32d5,0.06,false,false,near_mint,en,EUR,InFeRMuS
c /u fodder,binder,Bard's Bow,FIN,Final Fantasy,174,normal,common,5,106530,2ac03e90-1e16-453f-88e4-a0448db73403,0.04,false,false,near_mint,en,EUR,InFeRMuS
c /u fodder,binder,Cloudbound Moogle,FIN,Final Fantasy,11,foil,common,1,106283,7387bca7-f496-45da-a0ac-6be049303a8f,0.12,false,false,near_mint,en,EUR,InFeRMuS
c /u fodder,binder,Auron's Inspiration,FIN,Final Fantasy,8,normal,uncommon,1,106349,77d82764-563c-4bc2-b568-625ec7215e0d,0.08,false,false,near_mint,en,EUR,InFeRMuS
c /u fodder,binder,Dwarven Castle Guard,FIN,Final Fantasy,18,normal,common,3,106454,e17c0d27-e88d-4ba9-acbb-3f916cee3d7e,0.02,false,false,near_mint,en,EUR,InFeRMuS
c /u fodder,binder,Magitek Infantry,FIN,Final Fantasy,25,foil,common,1,106635,b64dc6d7-dd01-4e66-9099-4c90865448df,0.12,false,false,near_mint,en,EUR,InFeRMuS
c /u fodder,binder,The Crystal's Chosen,FIN,Final Fantasy,14,normal,uncommon,2,105725,d4df4373-0ee6-44e3-81c6-0881c070014c,0.06,false,false,near_mint,en,EUR,InFeRMuS
c /u fodder,binder,Phoenix Down,FIN,Final Fantasy,29,normal,uncommon,1,105961,62e299b0-9ef6-49d3-aa79-384325fed89e,0.11,false,false,near_mint,en,EUR,InFeRMuS
c /u fodder,binder,Summon: Choco/Mog,FIN,Final Fantasy,358,normal,common,1,106639,b95481b1-1780-4cf9-b910-dd0a4461f818,0.39,false,false,near_mint,en,EUR,InFeRMuS
c /u fodder,binder,Coeurl,FIN,Final Fantasy,12,normal,common,2,106284,7604b534-5480-42fa-bc36-bbae730f8582,0.04,false,false,near_mint,en,EUR,InFeRMuS
c /u fodder,binder,Delivery Moogle,FIN,Final Fantasy,15,normal,uncommon,1,106684,f58840dc-c641-4092-8b67-9c0d449af715,0.12,false,false,near_mint,en,EUR,InFeRMuS
c /u fodder,binder,White Auracite,FIN,Final Fantasy,41,normal,common,3,105873,2df6f515-9d21-4769-b1c4-c219611bccbb,0.06,false,false,near_mint,en,EUR,InFeRMuS
c /u fodder,binder,Zack Fair,FIN,Final Fantasy,45,normal,uncommon,1,106237,f21f9161-5945-40da-8da0-446f6a4a1c23,0.16,false,false,near_mint,en,EUR,InFeRMuS
c /u fodder,binder,Adelbert Steiner,FIN,Final Fantasy,3,normal,uncommon,2,106424,1a67a991-1e52-4676-a2e3-2bc7aa943ab3,0.13,false,false,near_mint,en,EUR,InFeRMuS
c /u fodder,binder,Crystal Fragments // Summon: Alexander,FIN,Final Fantasy,13,normal,uncommon,1,106434,5f51c853-949d-44e9-a3a2-02e1ce69a147,0.13,false,false,near_mint,en,EUR,InFeRMuS
c /u fodder,binder,White Mage's Staff,FIN,Final Fantasy,42,normal,common,2,105584,30db372e-0b4c-4e16-9667-bf3fda666f72,0.05,false,false,near_mint,en,EUR,InFeRMuS
c /u fodder,binder,Battle Menu,FIN,Final Fantasy,9,normal,uncommon,1,106523,240e1466-bd02-423d-b829-234dcd2bfab2,0.17,false,false,near_mint,en,EUR,InFeRMuS
c /u fodder,binder,"Ashe, Princess of Dalmasca",FIN,Final Fantasy,7,normal,uncommon,1,106699,ffe0596f-ef99-4862-9386-0fe455259995,0.11,false,false,near_mint,en,EUR,InFeRMuS
c /u fodder,binder,Magitek Armor,FIN,Final Fantasy,24,normal,uncommon,1,106432,59c4a1a2-623c-43b2-8005-ecb5c6436c10,0.07,false,false,near_mint,en,EUR,InFeRMuS
c /u fodder,binder,Summon: Primal Garuda,FIN,Final Fantasy,360,normal,uncommon,1,106378,f6ee6624-79be-4a76-8c12-80bf31f81ae2,0.34,false,false,near_mint,en,EUR,InFeRMuS
c /u fodder,binder,Summon: Primal Garuda,FIN,Final Fantasy,37,normal,uncommon,1,106370,e44497a8-067e-454e-a9c0-684f03df55ff,0.12,false,false,near_mint,en,EUR,InFeRMuS
c /u fodder,binder,Gaius van Baelsar,FIN,Final Fantasy,102,normal,uncommon,1,106446,a4ee8ba5-6a79-4652-b2a4-a3dae804bc28,0.12,false,false,near_mint,en,EUR,InFeRMuS
c /u fodder,binder,Al Bhed Salvagers,FIN,Final Fantasy,88,normal,uncommon,1,106278,58ccdcfc-a669-480f-bded-4273cfaf2045,0.14,false,false,near_mint,en,EUR,InFeRMuS
c /u fodder,binder,Vincent's Limit Break,FIN,Final Fantasy,126,normal,common,3,106499,0502c426-5271-4989-8598-5bc159afe79c,0.04,false,false,near_mint,en,EUR,InFeRMuS
c /u fodder,binder,Reno and Rude,FIN,Final Fantasy,113,normal,uncommon,1,106358,b5eb0064-c7c4-4e3e-add2-b86269de3fb9,0.1,false,false,near_mint,en,EUR,InFeRMuS
c /u fodder,binder,Namazu Trader,FIN,Final Fantasy,107,normal,common,2,106248,f9d25b34-990d-416c-aef7-1b5a73f19dd4,0.02,false,false,near_mint,en,EUR,InFeRMuS
c /u fodder,binder,Tonberry,FIN,Final Fantasy,122,normal,uncommon,1,103781,1a9b8723-4383-4c14-b24d-52863af8703d,0.12,false,false,near_mint,en,EUR,InFeRMuS
c /u fodder,binder,"Fang, Fearless l'Cie",FIN,Final Fantasy,99,normal,uncommon,1,105759,f73a5cbb-905f-4b99-8d23-9d1b6bd47ee8,0.14,false,false,near_mint,en,EUR,InFeRMuS
c /u fodder,binder,Shinra Reinforcements,FIN,Final Fantasy,118,normal,common,2,106282,7367b257-1a8c-4593-a307-7116e36e0342,0.03,false,false,near_mint,en,EUR,InFeRMuS
c /u fodder,binder,"Sidequest: Hunt the Mark // Yiazmat, Ultimate Mark",FIN,Final Fantasy,119,normal,uncommon,1,106646,c3eb2ae5-10de-4c3d-91c8-8734befc80b2,0.07,false,false,near_mint,en,EUR,InFeRMuS
c /u fodder,binder,Dark Knight's Greatsword,FIN,Final Fantasy,95,normal,uncommon,1,106634,b50dcc7c-260f-4d8c-9a9e-9244ec23a91e,0.08,false,false,near_mint,en,EUR,InFeRMuS
c /u fodder,binder,Summon: Anima,FIN,Final Fantasy,120,normal,uncommon,1,106356,aa4f6703-21f8-4c29-ad5a-5afb54188ade,0.12,false,false,near_mint,en,EUR,InFeRMuS
c /u fodder,binder,Vayne's Treachery,FIN,Final Fantasy,124,normal,common,3,106569,6de6d23b-7d42-41c1-be1c-010fe43ee586,0.05,false,false,near_mint,en,EUR,InFeRMuS
c /u fodder,binder,Poison the Waters,FIN,Final Fantasy,111,normal,uncommon,1,106380,ff2bafe7-4d0f-464d-b7ba-55a54366fc68,0.1,false,false,near_mint,en,EUR,InFeRMuS
c /u fodder,binder,The Final Days,FIN,Final Fantasy,101,normal,uncommon,1,106641,bbf01770-6d0f-4015-b4b4-a74a53cb767a,0.1,false,false,near_mint,en,EUR,InFeRMuS
c /u fodder,binder,Gigantoad,FIN,Final Fantasy,187,normal,common,2,106642,bc10d648-4053-460f-bc52-9c20477bf6de,0.02,false,false,near_mint,en,EUR,InFeRMuS
c /u fodder,binder,Tifa's Limit Break,FIN,Final Fantasy,207,normal,uncommon,1,106524,24d6eab7-22bd-494f-8cbe-204446f24be9,0.19,false,false,near_mint,en,EUR,InFeRMuS
c /u fodder,binder,Galuf's Final Act,FIN,Final Fantasy,186,normal,uncommon,1,106266,0ce05634-6c01-4941-a135-904cb4e33ac4,0.07,false,false,near_mint,en,EUR,InFeRMuS
c /u fodder,binder,Balamb T-Rexaur,FIN,Final Fantasy,173,normal,common,2,106456,e5857b1b-73bc-458e-b26b-7ed8bef785f3,0.06,false,false,near_mint,en,EUR,InFeRMuS
c /u fodder,binder,Coliseum Behemoth,FIN,Final Fantasy,181,normal,uncommon,1,106594,900206f1-7dd6-4db9-a430-73e560fd196b,0.07,false,false,near_mint,en,EUR,InFeRMuS
c /u fodder,binder,Clash of the Eikons,FIN,Final Fantasy,180,normal,uncommon,1,106577,75c18134-f517-4a68-8640-0426b3cd4f6c,0.11,false,false,near_mint,en,EUR,InFeRMuS
c /u fodder,binder,Chocobo Kick,FIN,Final Fantasy,178,normal,common,3,106698,ff8c8be0-8223-499c-8704-cb68e0a42ce2,0.06,false,false,near_mint,en,EUR,InFeRMuS
c /u fodder,binder,Reach the Horizon,FIN,Final Fantasy,195,normal,uncommon,1,106644,c25960e0-5779-4e20-89f3-03950ad9d91c,0.13,false,false,near_mint,en,EUR,InFeRMuS
c /u fodder,binder,Summon: Fenrir,FIN,Final Fantasy,203,normal,uncommon,1,105669,93feb9d5-d004-4598-a448-b3488c869c05,0.19,false,false,near_mint,en,EUR,InFeRMuS
c /u fodder,binder,Sazh's Chocobo,FIN,Final Fantasy,200,normal,uncommon,1,103809,dda6b4d0-1b60-46b0-b321-b9ffe15afff4,0.63,false,false,near_mint,en,EUR,InFeRMuS
c /u fodder,binder,"Vanille, Cheerful l'Cie",FIN,Final Fantasy,211,normal,uncommon,1,105667,91226c1a-63a0-494e-bcf0-77c2d6f49213,0.12,false,false,near_mint,en,EUR,InFeRMuS
c /u fodder,binder,"Torgal, A Fine Hound",FIN,Final Fantasy,208,normal,uncommon,1,106422,0f5725aa-42bb-4dfd-9c15-135b38b33da3,0.11,false,false,near_mint,en,EUR,InFeRMuS
c /u fodder,binder,Chocobo Racetrack,FIN,Final Fantasy,179,normal,uncommon,1,106516,1565813b-6912-42f4-bae0-22136a2d6a92,0.15,false,false,near_mint,en,EUR,InFeRMuS
c /u fodder,binder,Stolen Uniform,FIN,Final Fantasy,75,normal,uncommon,1,106510,0d80c511-2f4d-4f77-8143-7b49b2b19fae,0.08,false,false,near_mint,en,EUR,InFeRMuS
c /u fodder,binder,Dragoon's Wyvern,FIN,Final Fantasy,49,normal,common,1,105729,d92bce20-308e-4841-aaf8-8e20698292e7,0.07,false,false,near_mint,en,EUR,InFeRMuS
c /u fodder,binder,Combat Tutorial,FIN,Final Fantasy,48,normal,common,4,106679,ec195607-ac30-4931-acfd-f9d8ac8b047f,0.06,false,false,near_mint,en,EUR,InFeRMuS
c /u fodder,binder,Relm's Sketching,FIN,Final Fantasy,67,normal,uncommon,1,106345,6aedac12-3714-4a81-bd4d-1d2555c66f78,0.13,false,false,near_mint,en,EUR,InFeRMuS
c /u fodder,binder,Rook Turret,FIN,Final Fantasy,69,normal,common,3,106541,4572884d-0c0e-41e7-b219-f76b95fdbd01,0.06,false,false,near_mint,en,EUR,InFeRMuS
c /u fodder,binder,Thief's Knife,FIN,Final Fantasy,81,normal,uncommon,1,106645,c2dcfd0a-3f52-4616-a09a-fd2db8b6b93e,0.09,false,false,near_mint,en,EUR,InFeRMuS
c /u fodder,binder,Summon: Shiva,FIN,Final Fantasy,78,normal,uncommon,2,103800,a80511f8-7cb1-4974-afde-8a5cebe13ad7,0.13,false,false,near_mint,en,EUR,InFeRMuS
c /u fodder,binder,Valkyrie Aerial Unit,FIN,Final Fantasy,84,normal,uncommon,1,106126,b40a055f-ea66-44d4-b058-a328a3d10994,0.09,false,false,near_mint,en,EUR,InFeRMuS
c /u fodder,binder,Scorpion Sentinel,FIN,Final Fantasy,72,normal,common,2,106503,08ab5220-e5c1-472e-8217-97fd60e1773c,0.03,false,false,near_mint,en,EUR,InFeRMuS
c /u fodder,binder,Travel the Overworld,FIN,Final Fantasy,82,normal,uncommon,1,106625,aa5086e0-e2f2-498f-9035-1b31e1d21e0a,0.09,false,false,near_mint,en,EUR,InFeRMuS
c /u fodder,binder,"Ultros, Obnoxious Octopus",FIN,Final Fantasy,83,normal,uncommon,1,106515,14379198-9a0a-4853-9d51-fb074a24b1c0,0.07,false,false,near_mint,en,EUR,InFeRMuS
c /u fodder,binder,Syncopate,FIN,Final Fantasy,80,normal,common,3,106409,83e1cd8d-5b97-427a-be75-2a1947f9c59b,0.02,false,false,near_mint,en,EUR,InFeRMuS
c /u fodder,binder,Sidequest: Card Collection // Magicked Card,FIN,Final Fantasy,73,normal,uncommon,2,106589,8ac3d2c9-5978-4cfb-a746-c901decff093,0.1,false,false,near_mint,en,EUR,InFeRMuS
c /u fodder,binder,Quistis Trepe,FIN,Final Fantasy,66,normal,uncommon,1,106279,61784cbd-92e9-43c7-a1a8-4004b1bf4dae,0.11,false,false,near_mint,en,EUR,InFeRMuS
c /u fodder,binder,Sleep Magic,FIN,Final Fantasy,74,foil,uncommon,1,106650,c96cae63-7625-48e3-aaba-5b1632a8642d,0.25,false,false,near_mint,en,EUR,InFeRMuS
c /u fodder,binder,The Prima Vista,FIN,Final Fantasy,64,normal,uncommon,1,106212,e3998132-5746-4dde-9529-97d3ad7d7361,0.09,false,false,near_mint,en,EUR,InFeRMuS
c /u fodder,binder,Swallowed by Leviathan,FIN,Final Fantasy,79,normal,uncommon,1,106521,2270642d-fe2a-4265-aff0-a24a43ebe0a1,0.08,false,false,near_mint,en,EUR,InFeRMuS
c /u fodder,binder,Random Encounter,FIN,Final Fantasy,150,normal,uncommon,1,106534,3618e283-2df9-4eb9-97b0-96b55ee31cc0,0.08,false,false,near_mint,en,EUR,InFeRMuS
c /u fodder,binder,Prompto Argentum,FIN,Final Fantasy,148,normal,uncommon,2,106546,4c617bcd-05f8-40c2-bb38-489bc863ce6b,0.07,false,false,near_mint,en,EUR,InFeRMuS
c /u fodder,binder,Unexpected Request,FIN,Final Fantasy,167,normal,uncommon,1,106495,0265fd20-a85d-49ce-b338-4c40843a5b18,0.09,false,false,near_mint,en,EUR,InFeRMuS
c /u fodder,binder,Samurai's Katana,FIN,Final Fantasy,154,normal,uncommon,1,106267,11f1d378-c78c-402a-ac46-2d32598c23e7,0.08,false,false,near_mint,en,EUR,InFeRMuS
c /u fodder,binder,Queen Brahne,FIN,Final Fantasy,149,normal,uncommon,1,106414,c38c98bb-74c9-460f-9997-ea5c5f922347,0.1,false,false,near_mint,en,EUR,InFeRMuS
c /u fodder,binder,Thunder Magic,FIN,Final Fantasy,165,normal,common,3,106610,9f2b202c-91da-40ec-8324-6b6be7cb3bc8,0.06,false,false,near_mint,en,EUR,InFeRMuS
c /u fodder,binder,Sorceress's Schemes,FIN,Final Fantasy,159,normal,uncommon,2,106582,7efd7627-0754-4685-9d04-8f5f82f45632,0.1,false,false,near_mint,en,EUR,InFeRMuS
c /u fodder,binder,Fire Magic,FIN,Final Fantasy,136,normal,uncommon,1,105601,415ff6a5-61ef-4b37-ae08-e44476300d4a,0.51,false,false,near_mint,en,EUR,InFeRMuS
c /u fodder,binder,Red Mage's Rapier,FIN,Final Fantasy,152,normal,common,2,106669,e0579955-75f9-47a9-8b03-e287d120826a,0.08,false,false,near_mint,en,EUR,InFeRMuS
c /u fodder,binder,Freya Crescent,FIN,Final Fantasy,138,normal,uncommon,1,106289,9921f646-e893-44db-ac89-0633c1009788,0.12,false,false,near_mint,en,EUR,InFeRMuS
c /u fodder,binder,Choco-Comet,FIN,Final Fantasy,132,normal,uncommon,1,106592,8d8d3903-a7f4-4cd8-8d29-b4a173e4fbb2,0.1,false,false,near_mint,en,EUR,InFeRMuS
c /u fodder,binder,Sandworm,FIN,Final Fantasy,155,normal,uncommon,1,106621,a6e021da-2397-4ad3-a07b-65c701df531a,0.08,false,false,near_mint,en,EUR,InFeRMuS
c /u fodder,binder,"Sidequest: Play Blitzball // World Champion, Celestial Weapon",FIN,Final Fantasy,158,normal,uncommon,1,106401,31e2ad37-73cf-4858-8a3a-fc1165cd21a7,0.11,false,false,near_mint,en,EUR,InFeRMuS
c /u fodder,binder,Ignis Scientia,FIN,Final Fantasy,227,normal,uncommon,2,106627,ab4f9721-5b2c-4371-98a5-3f6714265e57,0.09,false,false,near_mint,en,EUR,InFeRMuS
c /u fodder,binder,Cloud of Darkness,FIN,Final Fantasy,217,normal,uncommon,1,106614,a292094a-674a-401f-8776-ba5ebe57c946,0.08,false,false,near_mint,en,EUR,InFeRMuS
c /u fodder,binder,"Shantotto, Tactician Magician",FIN,Final Fantasy,241,normal,uncommon,1,105752,eff984b2-6ea9-4471-91c5-99c47f87f10b,0.08,false,false,near_mint,en,EUR,InFeRMuS
c /u fodder,binder,"Zidane, Tantalus Thief",FIN,Final Fantasy,251,normal,uncommon,1,106213,e42c7d9d-8685-415b-8c5d-6ab2165863b9,0.12,false,false,near_mint,en,EUR,InFeRMuS
c /u fodder,binder,"Giott, King of the Dwarves",FIN,Final Fantasy,223,normal,uncommon,1,106565,6a7784de-a10d-4ce6-98a5-aaf3e85773b6,0.09,false,false,near_mint,en,EUR,InFeRMuS
c /u fodder,binder,The Emperor of Palamecia // The Lord Master of Hell,FIN,Final Fantasy,219,normal,uncommon,1,105596,3d75e8fd-6139-4b10-9ce3-195b47d72e0c,0.12,false,false,near_mint,en,EUR,InFeRMuS
c /u fodder,binder,Gladiolus Amicitia,FIN,Final Fantasy,224,normal,uncommon,2,105177,442957fc-045d-4db6-b82a-445f172d23e4,0.08,false,false,near_mint,en,EUR,InFeRMuS
c /u fodder,binder,"Omega, Heartless Evolution",FIN,Final Fantasy,347,normal,uncommon,1,106560,615f1a04-2ad4-443b-a915-2181a6bf13af,0.35,false,false,near_mint,en,EUR,InFeRMuS
c /u fodder,binder,"Exdeath, Void Warlock // Neo Exdeath, Dimension's End",FIN,Final Fantasy,220,normal,uncommon,1,106520,1b4bab87-4000-461d-8b58-d34928fee305,0.11,false,false,near_mint,en,EUR,InFeRMuS
c /u fodder,binder,Judge Magister Gabranth,FIN,Final Fantasy,230,normal,uncommon,2,106688,f9e64cb6-48f7-41d3-99e7-4b0bc3b33fd7,0.1,false,false,near_mint,en,EUR,InFeRMuS
c /u fodder,binder,Rufus Shinra,FIN,Final Fantasy,238,normal,uncommon,1,106685,f5fff00b-c9a0-4e90-abc0-349f8716c885,0.09,false,false,near_mint,en,EUR,InFeRMuS
c /u fodder,binder,Black Waltz No. 3,FIN,Final Fantasy,214,normal,uncommon,1,106696,fe86e41b-b0f6-4aa1-8827-c095c721f304,0.15,false,false,near_mint,en,EUR,InFeRMuS
c /u fodder,binder,"Tidus, Blitzball Star",FIN,Final Fantasy,246,normal,uncommon,1,106447,aa851d68-a7a4-48c0-9cd7-d3d2e079f3a1,0.1,false,false,near_mint,en,EUR,InFeRMuS
c /u fodder,binder,"Garnet, Princess of Alexandria",FIN,Final Fantasy,222,normal,uncommon,1,106638,b883df14-8d7b-4f6a-9a6a-2f71f5b6ddda,0.15,false,false,near_mint,en,EUR,InFeRMuS
c /u fodder,binder,"Cid, Timeless Artificer",FIN,Final Fantasy,420,normal,uncommon,1,105579,2c1b48ba-b158-4b9d-802c-5cbfdf96dca5,4.61,false,false,near_mint,en,EUR,InFeRMuS
c /u fodder,binder,"Ultimecia, Time Sorceress // Ultimecia, Omnipotent",FIN,Final Fantasy,247,normal,uncommon,1,105581,2d6a2b68-5407-464e-a335-7866fd969c30,0.13,false,false,near_mint,en,EUR,InFeRMuS
c /u fodder,binder,PuPu UFO,FIN,Final Fantasy,266,normal,uncommon,2,106353,989b52f7-d8a5-4488-9a5d-f14a1d48686d,0.18,false,false,near_mint,en,EUR,InFeRMuS
c /u fodder,binder,Lion Heart,FIN,Final Fantasy,261,normal,uncommon,1,106420,04d327a3-1699-4556-b681-a957671ad142,0.09,false,false,near_mint,en,EUR,InFeRMuS
c /u fodder,binder,Ring of the Lucii,FIN,Final Fantasy,269,normal,uncommon,1,106576,75761f1e-9449-4c58-8265-8abac71dafc1,0.15,false,false,near_mint,en,EUR,InFeRMuS
c /u fodder,binder,Elixir,FIN,Final Fantasy,256,normal,uncommon,1,106616,a4b05d37-df62-475c-8371-735ed2fa1b05,0.07,false,false,near_mint,en,EUR,InFeRMuS
non basic lands,binder,"Eden, Seat of the Sanctum",FIN,Final Fantasy,277,normal,uncommon,1,106674,e28eac1e-adc7-4f8d-b206-bef09ba07d38,0.11,false,false,near_mint,en,EUR,InFeRMuS
non basic lands,binder,The Gold Saucer,FIN,Final Fantasy,279,normal,uncommon,1,106551,5363c881-443d-43df-afd8-f81e1a1741a2,0.12,false,false,near_mint,en,EUR,InFeRMuS
non basic lands,binder,"Sharlayan, Nation of Scholars",FIN,Final Fantasy,288,normal,common,2,106579,7a745b5e-cdb8-4d05-ac5c-87be69536da6,0.06,false,false,near_mint,en,EUR,InFeRMuS
non basic lands,binder,"Windurst, Federation Center",FIN,Final Fantasy,292,normal,common,1,106649,c74024bd-b383-468d-9cf5-d112a29f6457,0.08,false,false,near_mint,en,EUR,InFeRMuS
non basic lands,binder,"Rabanastre, Royal City",FIN,Final Fantasy,287,normal,common,1,106294,c44c9bbe-f4c6-41cf-b3c3-b943f4011bc1,0.08,false,false,near_mint,en,EUR,InFeRMuS
non basic lands,binder,"Guadosalam, Farplane Gateway",FIN,Final Fantasy,281,normal,common,2,106668,dfcbc131-fd50-4908-b539-c8e52bb70c58,0.05,false,false,near_mint,en,EUR,InFeRMuS
non basic lands,binder,"Gongaga, Reactor Town",FIN,Final Fantasy,280,normal,common,2,106580,7beccfa6-3e4b-4460-954e-870cb39e462d,0.09,false,false,near_mint,en,EUR,InFeRMuS
non basic lands,binder,Perilous Landscape,MH3,Modern Horizons 3,223,normal,common,2,94741,4b0bd07e-cf80-4d64-af29-f4cec6632b3e,0.15,false,false,near_mint,en,EUR,InFeRMuS
non basic lands,binder,Seething Landscape,MH3,Modern Horizons 3,225,normal,common,2,94751,661fc907-7003-45c6-820c-9616e9a71c30,0.14,false,false,near_mint,en,EUR,InFeRMuS
non basic lands,binder,Forgotten Cave,ONC,Phyrexia: All Will Be One Commander,153,normal,uncommon,2,78922,e5e94c0a-44b3-47b4-a6d5-a7aeac381f0b,0.08,false,false,near_mint,en,EUR,InFeRMuS
non basic lands,binder,Secluded Steppe,ONC,Phyrexia: All Will Be One Commander,163,normal,uncommon,2,78722,98713e25-80c0-40c7-bb70-df7cd0fd0687,0.1,false,false,near_mint,en,EUR,InFeRMuS
